market_id,city,state_name,state_code,latitude,longitude,year,population,home_value,population_growth_1yr_pct,population_growth_5yr_pct,home_value_growth_1yr_pct,home_value_cagr_3yr_pct,home_value_cagr_5yr_pct,permitted_units,permits_per_1000_population,permit_growth_1yr_pct,homes_sold,homes_sold_growth_1yr_pct,avg_inventory,inventory_growth_1yr_pct,avg_months_of_supply,avg_sale_to_list_pct,activity_months,growth_score,demand_score,supply_score,baseline_score,growth_heavy_score,demand_heavy_score,supply_light_score,avg_scenario_score,baseline_rank,growth_heavy_rank,demand_heavy_rank,supply_light_rank,avg_rank,rank_range,rank_stddev,national_baseline_rank,national_robust_rank,state_baseline_rank,state_robust_rank,created_at
US-3468460,Somerville,New Jersey,NJ,,,2025,14665,544227.09,2.24,18.68,3.06,7.88,8.01,5,0.34,-64.29,332.0,3.43,16.08,5.46,1.8,102.59,12,89.31,79.52,79.13,83.34,84.85,82.4,83.89,83.62,2,1,4,1,2.0,3,1.22,2,1,2,1,2026-09-19 22:18:21.483951+00:00
US-3482120,Woodbury,New Jersey,NJ,,,2025,10130,331899.88,0.18,1.78,4.72,6.85,9.67,0,0.0,,419.0,25.83,26.58,-0.31,2.33,101.13,12,74.11,88.22,93.73,83.96,81.29,84.82,82.43,83.12,1,4,1,3,2.25,3,1.3,1,2,1,2,2026-09-19 22:18:21.483951+00:00
US-3479040,Westfield,New Jersey,NJ,,,2025,32595,1242304.02,0.92,5.52,5.53,7.22,7.87,4,0.12,-76.47,1026.0,2.19,31.75,-14.96,1.24,107.02,12,78.98,80.13,93.49,83.01,81.5,81.79,80.95,81.82,3,3,7,7,5.0,4,2.0,3,3,3,3,2026-09-19 22:18:21.483951+00:00
US-3473020,Tinton Falls,New Jersey,NJ,,,2025,19539,626558.45,0.52,2.28,3.09,5.92,8.65,69,3.53,-13.75,884.0,19.95,28.17,-14.65,1.17,101.13,12,74.87,94.51,62.93,78.76,78.97,83.88,82.51,81.03,9,12,2,2,6.25,10,4.38,9,4,4,4,2026-09-19 22:18:21.483951+00:00
US-3423910,Florham Park,New Jersey,NJ,,,2025,14456,990591.32,0.27,14.76,7.34,7.62,7.13,54,3.74,-15.63,350.0,7.36,12.5,-23.47,1.42,104.49,12,80.41,87.62,61.98,78.33,79.81,81.61,81.81,80.39,12,9,8,4,8.25,8,2.86,12,5,5,5,2026-09-19 22:18:21.483951+00:00
US-1760352,Plano,Illinois,IL,,,2025,12677,304205.79,0.11,6.48,4.59,6.19,8.21,4,0.32,100.0,443.0,8.58,25.17,5.59,2.15,100.07,12,82.72,79.17,79.56,80.69,81.18,80.29,80.81,80.74,6,5,14,9,8.5,9,3.5,6,6,1,1,2026-09-19 22:18:21.483951+00:00
US-3471430,Summit,New Jersey,NJ,,,2025,23314,1317004.16,0.18,3.05,8.77,6.98,7.59,23,0.99,-4.17,742.0,24.92,24.08,15.14,1.28,108.35,12,71.08,96.52,62.46,77.83,77.42,83.78,81.67,80.17,16,16,3,5,10.0,13,6.04,16,7,6,6,2026-09-19 22:18:21.483951+00:00
US-0947290,Middletown,Connecticut,CT,,,2025,48439,354493.97,-0.02,3.16,4.27,7.75,8.95,17,0.35,-15.0,1572.0,10.63,85.5,21.56,2.02,102.45,12,78.64,86.59,65.62,78.17,79.07,81.06,80.92,79.8,13,11,10,8,10.5,5,1.8,13,8,3,1,2026-09-19 22:18:21.483951+00:00
US-0950370,New Britain,Connecticut,CT,,,2025,76286,296331.84,0.81,4.59,4.06,8.11,10.08,4,0.05,-98.37,1690.0,0.66,89.67,-3.58,1.95,103.39,12,82.32,73.99,90.95,81.56,81.12,79.03,79.44,80.29,4,6,21,12,10.75,17,6.61,4,9,1,2,2026-09-19 22:18:21.483951+00:00
US-4221648,Easton,Pennsylvania,PA,,,2025,30402,372800.42,0.01,8.32,2.24,4.59,7.49,0,0.0,-100.0,815.0,13.35,44.67,49.72,2.02,100.56,12,79.72,86.18,63.35,77.89,79.21,80.82,80.99,79.73,15,10,13,6,11.0,9,3.39,15,10,4,1,2026-09-19 22:18:21.483951+00:00
US-4223584,Emmaus,Pennsylvania,PA,,,2025,12514,384739.72,2.34,7.56,3.51,4.95,6.88,0,0.0,-100.0,386.0,3.76,10.25,-3.15,1.0,101.55,12,72.17,82.09,95.07,81.37,78.58,81.06,78.92,79.98,5,13,11,18,11.75,13,4.66,5,11,1,2,2026-09-19 22:18:21.483951+00:00
US-0908420,Bristol,Connecticut,CT,,,2025,62341,338446.66,0.35,2.63,3.85,8.44,9.66,46,0.74,24.32,2286.0,6.13,111.25,10.24,1.78,103.28,12,77.35,83.49,69.78,77.61,78.06,79.59,79.35,78.65,18,15,19,13,16.25,6,2.38,18,12,4,3,2026-09-19 22:18:21.483951+00:00
US-2046000,Merriam,Kansas,KS,,,2025,11509,321223.03,-0.02,3.77,2.96,4.62,6.76,3,0.26,200.0,419.0,13.24,10.83,-6.47,1.0,100.94,12,63.68,91.2,86.64,79.05,75.38,82.26,78.36,78.77,8,35,5,20,17.0,30,11.81,8,13,1,1,2026-09-19 22:18:21.483951+00:00
US-4248376,Mechanicsburg,Pennsylvania,PA,,,2025,10037,403769.73,0.81,8.11,3.53,4.12,7.04,11,1.1,-73.81,500.0,11.11,25.0,2.74,1.97,100.68,12,74.8,85.16,71.41,77.58,77.4,79.99,79.12,78.52,19,17,17,16,17.25,3,1.09,19,14,5,3,2026-09-19 22:18:21.483951+00:00
US-3404180,Beachwood,New Jersey,NJ,,,2025,11340,457047.54,0.55,4.25,2.89,6.98,10.07,6,0.53,-66.67,388.0,10.23,17.5,22.81,1.66,99.55,12,81.43,80.69,62.18,76.36,78.32,78.13,79.17,77.99,25,14,27,14,20.0,13,6.04,25,15,8,7,2026-09-19 22:18:21.483951+00:00
US-4480780,Woonsocket,Rhode Island,RI,,,2025,44580,386097.98,0.38,3.29,-0.24,5.63,8.25,28,0.63,7.69,1252.0,22.99,68.83,42.66,2.05,101.04,12,76.11,90.58,50.27,74.72,76.58,80.19,80.04,77.88,34,21,16,10,20.25,24,8.84,34,16,1,1,2026-09-19 22:18:21.483951+00:00
US-2525485,Gardner,Massachusetts,MA,,,2025,21483,372048.66,-0.15,1.29,1.42,6.25,8.63,9,0.42,28.57,690.0,4.7,27.75,-1.19,1.51,101.26,12,70.46,83.15,81.81,77.74,75.97,79.14,77.31,77.54,17,24,20,26,21.75,9,3.49,17,17,1,1,2026-09-19 22:18:21.483951+00:00
US-3404750,Bellmawr,New Jersey,NJ,,,2025,11874,316245.77,0.32,1.52,2.18,6.91,9.38,8,0.67,-27.27,370.0,4.52,14.75,4.12,1.45,101.36,12,72.98,83.04,75.63,77.16,76.39,78.91,77.77,77.56,21,22,22,23,22.0,2,0.71,21,18,7,8,2026-09-19 22:18:21.483951+00:00
US-4252584,Nanticoke,Pennsylvania,PA,,,2025,10712,166405.99,0.16,1.0,5.93,7.78,9.8,0,0.0,,390.0,22.26,19.75,-14.44,1.88,98.33,12,70.5,76.81,100.0,80.08,76.82,78.39,76.29,77.89,7,20,24,41,23.0,34,12.14,7,19,2,4,2026-09-19 22:18:21.483951+00:00
US-5340840,Lynnwood,Washington,WA,,,2025,42132,776936.48,1.65,9.3,-1.31,2.78,7.04,79,1.88,-85.23,1030.0,14.06,38.17,23.78,1.35,100.51,12,76.14,90.56,47.87,74.12,76.23,79.83,79.8,77.5,41,23,18,11,23.25,30,11.1,41,20,1,1,2026-09-19 22:18:21.483951+00:00
US-4223016,Elizabethtown,Pennsylvania,PA,,,2025,11961,357797.36,0.07,2.63,4.03,4.96,6.9,11,0.92,-47.62,415.0,19.25,8.83,3.92,0.79,102.23,12,62.55,95.52,72.4,76.55,73.92,82.16,78.37,77.75,23,47,6,19,23.75,41,14.82,23,21,6,5,2026-09-19 22:18:21.483951+00:00
US-0934180,Groton,Connecticut,CT,,,2025,10160,427972.93,-0.03,8.49,3.49,6.62,8.7,2,0.2,-66.67,235.0,-2.08,12.75,6.25,2.07,100.99,12,87.44,67.0,81.17,78.72,80.36,75.26,77.61,77.99,10,7,60,25,25.5,53,21.05,10,22,2,4,2026-09-19 22:18:21.483951+00:00
US-4700540,Alcoa,Tennessee,TN,,,2025,13689,315530.36,0.84,24.59,0.2,4.83,9.36,17,1.24,-79.27,500.0,25.94,38.0,10.68,2.89,98.06,12,95.03,66.12,64.15,77.19,81.72,74.5,78.93,78.09,20,2,70,17,27.25,68,25.61,20,23,1,1,2026-09-19 22:18:21.483951+00:00
US-3414260,Collingswood,New Jersey,NJ,,,2025,14386,450753.11,0.32,1.52,6.1,8.38,9.43,1,0.07,,476.0,6.97,25.92,21.96,2.02,101.52,12,72.99,82.56,71.59,75.99,75.65,78.04,77.16,76.71,27,29,28,31,28.75,4,1.48,27,24,10,9,2026-09-19 22:18:21.483951+00:00
US-1701595,Antioch,Illinois,IL,,,2025,15000,346029.87,-0.2,2.67,4.79,5.83,7.9,4,0.27,100.0,690.0,21.27,41.33,11.21,2.43,99.77,12,72.22,81.85,75.61,76.44,75.62,78.02,76.89,76.74,24,31,29,35,29.75,11,3.96,24,25,2,2,2026-09-19 22:18:21.483951+00:00
US-1634390,Hailey,Idaho,ID,,,2025,10053,864866.11,-0.92,9.28,12.49,7.7,11.91,25,2.49,8.7,373.0,28.18,30.33,-20.52,3.03,98.65,12,89.38,68.53,68.42,76.84,79.98,74.77,77.9,77.37,22,8,67,22,29.75,59,22.25,22,26,1,1,2026-09-19 22:18:21.483951+00:00
US-1743770,Lindenhurst,Illinois,IL,,,2025,14810,352635.54,2.21,3.02,3.61,5.63,7.96,33,2.23,-75.0,753.0,33.27,50.25,-10.67,2.44,99.91,12,73.58,82.93,67.57,75.35,75.48,77.82,77.19,76.46,29,33,31,29,30.5,4,1.66,29,27,3,3,2026-09-19 22:18:21.483951+00:00
US-4286880,Wyomissing,Pennsylvania,PA,,,2025,11285,379316.38,0.16,1.66,1.28,4.36,6.84,0,0.0,,401.0,15.56,11.5,-6.76,1.02,100.11,12,57.97,89.49,96.46,78.62,73.2,81.08,76.0,77.23,11,60,9,45,31.25,51,21.91,11,28,3,6,2026-09-19 22:18:21.483951+00:00
US-3463000,Ridgewood,New Jersey,NJ,,,2025,26527,1180753.16,-0.1,2.45,7.0,8.67,8.28,20,0.75,25.0,717.0,11.34,49.75,12.22,2.59,110.07,12,73.89,81.66,67.81,75.09,75.31,77.25,76.78,76.11,31,37,36,37,35.25,6,2.49,31,29,11,10,2026-09-19 22:18:21.483951+00:00
US-2927190,Gladstone,Missouri,MO,,,2025,27497,267101.11,-0.04,1.47,1.8,3.97,7.02,0,0.0,-100.0,1306.0,10.87,46.5,-0.53,1.36,100.5,12,59.24,88.06,93.86,77.98,73.08,80.28,75.67,76.75,14,62,15,50,35.25,48,21.18,14,30,1,1,2026-09-19 22:18:21.483951+00:00
US-1752584,New Lenox,Illinois,IL,,,2025,28893,448932.41,1.4,5.99,4.91,8.07,8.27,99,3.43,-46.49,1045.0,17.15,79.17,-2.06,2.9,99.78,12,82.6,76.0,58.33,74.22,76.98,75.33,77.2,75.93,39,19,59,28,36.25,40,14.92,39,31,7,4,2026-09-19 22:18:21.483951+00:00
US-3445690,Metuchen,New Jersey,NJ,,,2025,15363,683457.62,0.32,2.07,3.84,9.11,8.5,6,0.39,-97.96,404.0,3.32,25.08,0.67,2.29,105.23,12,73.55,75.34,81.27,76.1,75.24,75.69,75.13,75.54,26,38,53,54,42.75,28,11.56,26,32,9,11,2026-09-19 22:18:21.483951+00:00
US-0949880,Naugatuck,Connecticut,CT,,,2025,32230,346282.9,0.41,2.33,6.27,7.6,10.18,22,0.68,-8.33,1082.0,5.05,76.08,6.04,2.58,101.91,12,76.33,74.86,74.06,75.25,75.55,75.18,75.44,75.36,30,32,61,51,43.5,31,13.01,30,33,5,5,2026-09-19 22:18:21.483951+00:00
US-1047030,Middletown,Delaware,DE,,,2025,25798,528017.77,0.97,10.35,3.64,3.32,6.98,31,1.2,-71.03,826.0,12.53,46.75,6.65,2.15,99.25,12,76.4,77.16,67.68,74.49,75.32,75.51,75.87,75.3,38,36,56,49,44.75,20,8.17,38,34,1,1,2026-09-19 22:18:21.483951+00:00
US-4419180,Cranston,Rhode Island,RI,,,2025,84647,452713.12,0.4,2.24,1.21,5.28,7.9,59,0.7,15.69,2560.0,7.65,122.17,17.94,1.74,101.07,12,70.64,83.99,63.96,73.64,73.64,76.98,75.98,75.06,44,53,39,46,45.5,14,5.02,44,35,2,2,2026-09-19 22:18:21.483951+00:00
US-5302585,Arlington,Washington,WA,,,2025,22031,662104.39,0.63,9.85,1.84,3.55,6.75,74,3.36,-38.33,693.0,7.78,27.25,-1.8,1.43,100.09,12,72.89,83.59,58.43,73.02,73.93,76.61,76.26,74.96,55,46,42,42,46.25,13,5.31,55,36,2,2,2026-09-19 22:18:21.483951+00:00
US-3406790,Bound Brook,New Jersey,NJ,,,2025,13038,507709.2,3.73,9.07,-0.9,6.26,8.03,58,4.45,-7.94,223.0,14.95,13.75,50.0,2.38,103.07,12,84.63,86.19,22.64,69.68,75.8,76.19,79.13,75.2,101,26,46,15,47.0,86,33.1,101,37,21,12,2026-09-19 22:18:21.483951+00:00
US-4474300,Warwick,Rhode Island,RI,,,2025,84187,410498.03,0.92,1.6,2.51,6.07,8.4,119,1.41,-62.46,3409.0,13.86,156.67,31.84,1.68,101.3,12,71.07,90.25,46.49,71.64,73.14,77.93,77.24,74.99,72,61,30,27,47.5,45,19.42,72,38,3,3,2026-09-19 22:18:21.483951+00:00
US-3314200,Concord,New Hampshire,NH,,,2025,44597,449585.91,0.05,1.25,4.5,6.99,9.78,20,0.45,-63.64,1361.0,6.08,59.17,23.26,1.6,101.11,12,71.67,82.97,63.0,73.46,73.76,76.58,75.89,74.92,50,50,43,48,47.75,7,2.86,50,39,1,1,2026-09-19 22:18:21.483951+00:00
US-5538800,Kaukauna,Wisconsin,WI,,,2025,18517,306208.22,1.05,8.08,4.53,7.11,7.87,126,6.8,48.24,867.0,10.31,59.25,2.6,2.65,101.25,12,82.34,79.12,44.75,71.82,75.74,74.93,77.13,74.9,68,28,65,32,48.25,40,18.34,68,40,5,1,2026-09-19 22:18:21.483951+00:00
US-1712684,Chatham,Illinois,IL,,,2025,14579,299108.75,-0.09,1.07,7.78,7.12,7.85,25,1.71,,679.0,8.29,18.5,-29.52,1.03,100.45,12,65.16,85.56,73.96,74.5,72.6,77.7,75.22,75.01,37,71,33,53,48.5,38,14.99,37,41,6,5,2026-09-19 22:18:21.483951+00:00
US-3468550,South Amboy,New Jersey,NJ,,,2025,10403,519564.42,0.24,11.42,2.5,6.99,7.14,2,0.19,-71.43,318.0,11.58,32.5,14.71,3.93,101.72,12,79.02,71.04,74.21,75.03,75.9,73.91,74.95,74.95,33,25,79,59,49.0,54,21.4,33,42,12,13,2026-09-19 22:18:21.483951+00:00
US-1710906,Campton Hills,Illinois,IL,,,2025,10894,670059.32,-0.21,0.3,4.05,6.32,8.52,9,0.83,-30.77,419.0,25.45,29.0,-0.29,2.72,101.15,12,65.27,84.45,75.8,74.62,72.6,77.4,74.95,74.89,36,70,34,58,49.5,36,15.12,36,43,5,6,2026-09-19 22:18:21.483951+00:00
US-2382105,Westbrook,Maine,ME,,,2025,21565,451409.66,0.59,5.52,-0.67,3.52,7.3,163,7.56,75.27,922.0,25.78,50.67,14.93,2.06,101.64,12,74.25,91.66,33.5,70.16,73.36,77.71,78.01,74.81,93,57,32,21,50.75,72,27.66,93,44,2,1,2026-09-19 22:18:21.483951+00:00
US-4206088,Bethlehem,Pennsylvania,PA,,,2025,79644,350863.24,0.34,5.21,2.94,4.27,7.23,187,2.35,23.03,1981.0,4.04,58.75,-0.84,1.08,100.65,12,72.81,80.74,63.24,73.19,73.75,75.73,75.42,74.52,52,51,51,52,51.5,1,0.5,52,45,8,7,2026-09-19 22:18:21.483951+00:00
US-4254696,Northampton,Pennsylvania,PA,,,2025,10570,344994.58,0.02,1.98,1.95,4.41,7.36,4,0.38,,407.0,15.63,12.75,45.71,1.18,101.44,12,65.28,93.18,52.56,71.87,71.74,78.72,76.56,74.72,66,85,23,39,53.25,62,23.92,66,46,13,8,2026-09-19 22:18:21.483951+00:00
US-1745694,McHenry,Illinois,IL,,,2025,29217,305648.96,1.32,6.7,5.2,5.96,7.74,242,8.28,5.68,1347.0,12.44,79.58,7.79,2.24,100.37,12,80.09,82.9,38.36,70.64,74.67,75.38,77.18,74.47,87,42,58,30,54.25,57,21.36,87,47,13,7,2026-09-19 22:18:21.483951+00:00
US-4282704,West Chester,Pennsylvania,PA,,,2025,19591,647220.45,-0.19,4.95,3.24,5.04,6.88,1,0.05,-50.0,470.0,6.33,17.83,44.59,1.46,101.22,12,68.09,85.35,60.14,72.14,72.08,76.39,75.06,73.92,64,79,45,57,61.25,34,12.3,64,48,12,9,2026-09-19 22:18:21.483951+00:00
US-3956966,North Ridgeville,Ohio,OH,,,2025,37786,323912.56,0.94,6.63,4.92,4.62,7.15,102,2.7,-43.96,1671.0,9.86,67.0,26.81,1.49,100.21,12,74.39,86.21,40.27,70.0,72.82,75.77,76.3,73.72,94,66,50,40,62.5,54,20.41,94,49,2,1,2026-09-19 22:18:21.483951+00:00
US-0980000,Waterbury,Connecticut,CT,,,2025,115771,279936.1,0.23,1.66,3.25,9.15,13.41,43,0.37,186.67,3034.0,6.98,237.58,10.8,2.87,100.83,12,73.6,73.17,74.32,73.63,73.58,73.47,73.48,73.54,45,55,83,77,65.0,38,15.56,45,50,6,6,2026-09-19 22:18:21.483951+00:00
US-0952000,New Haven,Connecticut,CT,,,2025,138774,325695.85,0.64,7.31,4.23,6.15,8.4,629,4.53,20.73,2294.0,4.37,192.17,-10.65,3.13,101.51,12,84.85,68.57,56.65,72.11,75.74,71.67,74.71,73.56,65,27,108,61,65.25,81,28.76,65,51,10,7,2026-09-19 22:18:21.483951+00:00
US-3350260,Nashua,New Hampshire,NH,,,2025,92435,503392.46,0.56,1.36,3.54,6.28,8.29,62,0.67,-57.53,2787.0,4.93,100.75,29.17,1.32,101.6,12,69.45,84.04,56.34,71.28,71.86,75.51,74.71,73.34,76,82,55,62,68.75,27,10.76,76,52,2,2,2026-09-19 22:18:21.483951+00:00
US-2545000,New Bedford,Massachusetts,MA,,,2025,101834,433422.8,0.21,0.92,1.27,5.88,8.25,4,0.04,-42.86,1842.0,4.42,94.42,13.98,1.9,100.49,12,67.07,77.56,78.87,73.69,71.99,74.61,72.97,73.32,43,80,68,84,68.75,41,15.99,43,53,2,2,2026-09-19 22:18:21.483951+00:00
US-3428770,Haddonfield,New Jersey,NJ,,,2025,12740,824488.76,0.35,1.55,7.68,8.03,8.96,20,1.57,-33.33,441.0,8.35,19.17,41.98,1.63,104.19,12,72.86,86.84,40.54,69.67,72.2,75.7,75.92,73.37,102,78,52,47,69.75,55,22.03,102,54,22,14,2026-09-19 22:18:21.483951+00:00
US-0602924,Arvin,California,CA,,,2025,19820,300467.01,0.52,1.58,0.83,3.57,7.09,3,0.15,200.0,95.0,14.46,5.08,-6.15,2.27,99.74,12,60.64,80.47,89.04,74.68,70.85,75.81,72.4,73.43,35,106,49,92,70.5,71,29.35,35,55,1,1,2026-09-19 22:18:21.483951+00:00
US-3648890,Mount Kisco,New York,NY,,,2025,10757,670714.53,0.28,-1.45,8.25,7.4,7.08,1,0.09,-50.0,300.0,26.05,11.0,-37.74,1.42,101.86,12,46.32,96.33,94.34,75.83,68.52,81.03,73.63,74.75,28,167,12,75,70.5,155,60.33,28,56,1,1,2026-09-19 22:18:21.483951+00:00
US-1750218,Montgomery,Illinois,IL,,,2025,21978,325680.58,-0.05,7.52,3.2,5.32,7.12,23,1.05,,633.0,7.84,38.5,21.9,2.3,100.29,12,74.92,77.83,56.43,71.32,73.02,73.75,74.38,73.12,74,63,80,67,71.0,17,6.52,74,57,11,8,2026-09-19 22:18:21.483951+00:00
US-0918430,Danbury,Connecticut,CT,,,2025,89033,476045.76,0.12,3.43,1.77,5.64,7.85,78,0.88,333.33,2283.0,10.93,156.0,24.39,2.57,100.61,12,73.84,78.97,56.46,71.29,72.77,74.05,74.41,73.13,75,68,76,66,71.25,10,4.32,75,58,12,8,2026-09-19 22:18:21.483951+00:00
US-0955990,Norwalk,Connecticut,CT,,,2025,94508,650625.01,0.85,3.94,5.7,7.27,7.57,176,1.86,-48.08,2700.0,6.47,159.92,16.3,2.22,103.27,12,73.08,80.7,53.77,70.92,72.47,74.37,74.58,73.09,80,75,71,64,72.5,16,5.85,80,59,13,9,2026-09-19 22:18:21.483951+00:00
US-5501150,Allouez,Wisconsin,WI,,,2025,13838,316058.04,-0.7,-2.13,6.81,7.83,8.68,5,0.36,150.0,621.0,15.86,30.0,8.11,1.78,102.11,12,55.32,91.41,76.76,73.31,69.36,78.39,73.71,73.69,51,142,25,72,72.5,117,43.44,51,60,2,2,2026-09-19 22:18:21.483951+00:00
US-1362328,Port Wentworth,Georgia,GA,,,2025,17604,294219.42,17.65,61.3,-1.63,3.16,9.19,1562,88.73,30.49,1231.0,34.68,113.0,14.92,3.57,99.41,12,95.03,70.04,25.15,68.81,77.05,70.8,76.79,73.36,113,18,124,36,72.75,106,46.35,113,61,1,1,2026-09-19 22:18:21.483951+00:00
US-1704303,Beach Park,Illinois,IL,,,2025,14114,297868.68,-0.12,-0.8,6.56,6.91,8.45,0,0.0,-100.0,455.0,10.71,28.0,1.2,2.35,100.2,12,59.91,79.61,92.83,75.04,70.76,75.69,72.07,73.39,32,108,54,98,73.0,76,31.19,32,62,4,9,2026-09-19 22:18:21.483951+00:00
US-5502375,Appleton,Wisconsin,WI,,,2025,75452,296977.96,0.28,-0.17,7.63,8.39,9.61,79,1.05,-39.69,2995.0,5.46,162.58,-5.47,2.0,101.61,12,64.87,80.63,75.77,73.11,71.23,75.18,73.05,73.14,54,96,62,81,73.25,42,16.39,54,63,3,3,2026-09-19 22:18:21.483951+00:00
US-3425200,Freehold,New Jersey,NJ,,,2025,12562,634722.73,0.05,0.4,1.99,5.73,8.33,3,0.24,-50.0,409.0,18.9,21.92,65.41,2.02,101.28,12,64.85,90.26,52.68,70.7,70.65,77.0,75.07,73.36,86,113,38,56,73.25,75,28.65,86,64,20,15,2026-09-19 22:18:21.483951+00:00
US-5379590,Woodinville,Washington,WA,,,2025,14548,1365907.22,5.44,8.12,-0.64,2.87,8.13,92,6.32,-79.74,735.0,67.43,46.92,160.65,2.34,100.09,12,84.23,84.88,15.83,67.36,74.17,74.33,77.68,73.38,155,45,72,24,74.0,131,49.76,155,65,5,3,2026-09-19 22:18:21.483951+00:00
US-4232448,Hanover,Pennsylvania,PA,,,2025,16684,291377.85,0.02,1.31,3.85,4.88,6.92,0,0.0,-100.0,716.0,10.49,28.75,11.29,1.5,99.96,12,57.25,85.54,85.29,74.16,69.94,77.01,72.78,73.47,40,131,37,89,74.25,94,38.73,40,66,7,10,2026-09-19 22:18:21.483951+00:00
US-4215384,Columbia,Pennsylvania,PA,,,2025,10314,284221.28,-0.38,1.08,3.85,5.64,8.07,14,1.36,,432.0,10.77,18.42,0.0,1.57,99.34,12,66.83,79.81,70.53,72.3,71.28,74.53,73.04,72.79,62,95,69,82,77.0,33,12.63,62,67,11,11,2026-09-19 22:18:21.483951+00:00
US-0982800,West Haven,Connecticut,CT,,,2025,55351,348348.45,-0.05,-0.28,3.32,6.89,9.53,25,0.45,-13.79,1461.0,7.11,90.08,7.24,2.28,101.81,12,64.27,80.59,76.07,72.93,70.93,75.01,72.79,72.92,57,102,64,88,77.75,45,18.12,57,68,9,10,2026-09-19 22:18:21.483951+00:00
US-2682960,Walker,Michigan,MI,,,2025,25881,351128.59,0.29,2.54,4.94,5.32,7.57,53,2.05,32.5,744.0,14.99,25.75,79.65,1.27,101.13,12,69.28,92.45,33.45,68.43,70.86,76.65,76.12,73.01,125,105,41,43,78.5,84,37.19,125,69,3,1,2026-09-19 22:18:21.483951+00:00
US-2529405,Haverhill,Massachusetts,MA,,,2025,68361,544220.36,-0.08,1.07,2.96,5.37,7.19,46,0.67,12.2,2193.0,20.63,86.42,35.56,1.43,101.82,12,59.47,95.61,52.89,70.47,69.32,78.36,75.07,73.31,89,145,26,55,78.75,119,44.27,89,70,4,3,2026-09-19 22:18:21.483951+00:00
US-1756887,Oswego,Illinois,IL,,,2025,39948,416075.49,3.12,15.0,3.98,6.68,8.55,429,10.74,7.79,1360.0,9.94,92.5,30.9,2.55,100.08,12,91.12,76.34,17.36,67.51,75.62,71.93,77.09,73.04,150,30,102,33,78.75,120,50.22,150,71,20,10,2026-09-19 22:18:21.483951+00:00
US-2039350,Lenexa,Kansas,KS,,,2025,60506,473491.79,2.05,5.18,3.85,4.02,6.59,230,3.8,-58.71,2515.0,20.57,160.0,-3.76,2.36,101.01,12,65.01,86.96,57.25,70.75,70.43,75.92,74.11,72.8,83,119,47,69,79.5,72,26.17,83,72,3,2,2026-09-19 22:18:21.483951+00:00
US-2364675,Saco,Maine,ME,,,2025,21159,523012.28,0.1,3.63,2.07,4.65,8.02,67,3.17,-11.84,951.0,8.19,65.17,7.57,2.67,100.91,12,75.7,76.24,53.22,70.27,72.49,72.62,73.69,72.27,91,74,89,73,81.75,18,8.29,91,73,1,2,2026-09-19 22:18:21.483951+00:00
US-3600408,Airmont,New York,NY,,,2025,10634,968889.76,0.57,5.66,2.21,7.7,10.57,8,0.75,0.0,247.0,5.56,21.0,20.57,3.23,99.95,12,84.8,64.75,60.95,71.82,75.21,70.19,73.39,72.65,67,39,142,79,81.75,103,37.69,67,74,3,2,2026-09-19 22:18:21.483951+00:00
US-0952280,New London,Connecticut,CT,,,2025,28003,315713.73,-0.06,4.52,8.05,9.86,10.7,8,0.29,-33.33,640.0,-3.47,40.42,13.85,2.33,101.02,12,82.2,62.55,72.82,72.98,74.9,69.99,72.42,72.57,56,41,145,91,83.25,104,40.0,56,75,8,11,2026-09-19 22:18:21.483951+00:00
US-1636370,Hayden,Idaho,ID,,,2025,17363,640361.82,2.55,10.92,2.96,1.98,7.84,137,7.89,-27.89,1514.0,20.83,118.67,4.78,2.89,98.92,12,84.97,71.17,41.45,69.26,74.3,70.85,74.41,72.21,107,43,122,65,84.25,79,31.68,107,76,2,2,2026-09-19 22:18:21.483951+00:00
US-4211272,Carlisle,Pennsylvania,PA,,,2025,22693,328979.39,0.3,12.56,3.66,4.33,6.71,16,0.71,-60.98,638.0,-3.77,20.83,-5.66,1.17,100.3,12,74.1,67.17,80.14,73.18,72.92,71.19,71.58,72.22,53,65,115,109,85.5,62,26.92,53,77,9,12,2026-09-19 22:18:21.483951+00:00
US-2634160,Grandville,Michigan,MI,,,2025,17018,350900.01,0.02,6.02,4.53,4.8,7.27,9,0.53,12.5,580.0,-8.66,13.5,-17.77,0.9,101.27,12,74.97,63.97,86.27,73.95,73.37,70.61,71.15,72.27,42,56,131,116,86.25,89,37.95,42,78,1,2,2026-09-19 22:18:21.483951+00:00
US-1745031,Loves Park,Illinois,IL,,,2025,23712,195178.87,0.41,1.2,7.41,8.84,9.23,41,1.73,10.81,1039.0,0.68,26.67,4.92,0.93,100.59,12,71.39,75.02,64.5,70.94,71.45,72.36,72.34,71.77,79,90,93,95,89.25,16,6.18,79,79,12,11,2026-09-19 22:18:21.483951+00:00
US-1886372,Zionsville,Indiana,IN,,,2025,33624,680593.01,1.76,9.22,5.98,4.73,8.12,234,6.96,-5.65,1502.0,21.03,78.08,39.02,2.0,98.88,12,85.42,79.51,18.9,66.72,73.67,72.19,76.11,72.17,173,52,96,44,91.25,129,51.18,173,80,2,1,2026-09-19 22:18:21.483951+00:00
US-2502690,Attleboro,Massachusetts,MA,,,2025,47447,533619.83,0.37,2.11,2.28,5.47,7.04,22,0.46,-48.84,1328.0,11.5,63.75,34.21,1.75,101.68,12,62.29,88.56,56.1,69.94,69.24,75.81,73.49,72.12,96,148,48,76,92.0,100,36.55,96,81,6,4,2026-09-19 22:18:21.483951+00:00
US-4239784,Kingston,Pennsylvania,PA,,,2025,13462,228966.47,0.15,1.02,4.3,5.96,8.94,3,0.22,,446.0,6.19,19.25,5.0,1.63,98.54,12,70.41,69.39,81.48,72.82,71.77,71.51,71.06,71.79,59,84,111,117,92.75,58,23.11,59,82,10,13,2026-09-19 22:18:21.483951+00:00
US-3460900,Princeton,New Jersey,NJ,,,2025,31469,949175.63,0.07,2.76,2.46,6.68,7.51,0,0.0,-100.0,781.0,6.26,65.08,13.85,3.34,101.53,12,69.47,69.54,82.95,72.86,71.51,71.53,70.85,71.69,58,89,109,125,95.25,67,25.0,58,83,13,16,2026-09-19 22:18:21.483951+00:00
US-3345140,Manchester,New Hampshire,NH,,,2025,116818,439470.67,0.55,1.13,1.25,5.77,8.4,222,1.9,15.03,3459.0,8.36,139.33,40.03,1.47,101.75,12,68.83,88.32,38.73,68.12,70.16,75.03,74.59,71.98,133,125,63,63,96.0,70,33.12,133,84,3,3,2026-09-19 22:18:21.483951+00:00
US-3464650,Roselle Park,New Jersey,NJ,,,2025,15603,544185.53,7.63,11.47,0.74,5.86,7.59,168,10.77,-32.26,309.0,10.36,17.25,52.21,2.15,103.99,12,83.55,85.34,9.71,65.72,73.01,73.46,76.97,72.29,210,64,84,34,98.0,176,67.07,210,85,36,17,2026-09-19 22:18:21.483951+00:00
US-2688940,Wyoming,Michigan,MI,,,2025,78588,288067.93,0.42,2.37,3.57,4.9,7.98,425,5.41,174.19,2638.0,3.25,75.42,5.36,1.04,101.44,12,71.65,81.18,46.36,68.67,70.72,73.1,73.41,71.47,117,111,87,78,98.25,39,16.21,117,86,2,3,2026-09-19 22:18:21.483951+00:00
US-1802674,Auburn,Indiana,IN,,,2025,14068,274160.47,0.73,3.91,4.93,5.67,7.65,54,3.84,-10.0,690.0,20.63,28.75,12.38,1.52,98.18,12,73.8,78.51,46.04,68.51,71.05,72.23,73.15,71.23,123,98,95,80,99.0,43,15.44,123,87,1,2,2026-09-19 22:18:21.483951+00:00
US-2052575,Olathe,Kansas,KS,,,2025,150025,425068.2,0.92,5.99,3.2,3.66,6.52,636,4.24,23.98,6220.0,11.99,364.25,-1.31,2.21,100.83,12,65.78,84.18,54.37,69.37,69.59,74.19,72.92,71.52,105,137,73,86,100.25,64,24.08,105,88,4,3,2026-09-19 22:18:21.483951+00:00
US-5584675,Wauwatosa,Wisconsin,WI,,,2025,48649,416018.53,-0.24,0.66,4.13,6.57,6.82,2,0.04,100.0,2199.0,8.97,96.25,8.35,1.63,102.87,12,52.75,87.51,83.75,72.67,67.83,76.52,71.49,72.13,60,187,44,112,100.75,143,55.78,60,89,4,4,2026-09-19 22:18:21.483951+00:00
US-3980304,Wadsworth,Ohio,OH,,,2025,24720,314359.16,0.01,2.67,4.56,4.74,6.9,0,0.0,-100.0,834.0,3.09,31.58,1.34,1.41,99.34,12,62.6,72.42,92.77,73.58,70.07,72.53,70.04,71.55,46,130,91,137,101.0,91,36.27,46,90,1,2,2026-09-19 22:18:21.483951+00:00
US-3430570,Hawthorne,New Jersey,NJ,,,2025,20169,624324.66,0.0,3.07,4.53,6.77,6.75,0,0.0,-100.0,478.0,9.13,30.92,25.76,2.49,104.67,12,61.79,80.73,73.82,71.43,69.28,74.01,71.51,71.56,73,146,77,110,101.5,73,29.43,73,91,15,18,2026-09-19 22:18:21.483951+00:00
US-5357535,Redmond,Washington,WA,,,2025,82506,1377669.91,1.32,12.42,-0.77,3.34,8.28,1278,15.49,56.62,2238.0,6.98,120.75,51.25,1.95,100.29,12,88.66,80.14,6.82,65.22,73.83,71.7,76.64,71.84,222,49,106,38,103.75,184,72.99,222,92,7,4,2026-09-19 22:18:21.483951+00:00
US-4454640,Pawtucket,Rhode Island,RI,,,2025,77065,396537.54,0.25,2.05,1.71,6.22,8.62,2,0.03,0.0,1727.0,-0.23,92.5,45.48,1.94,101.5,12,73.91,71.87,60.69,69.89,71.31,70.8,71.67,70.92,97,92,123,105,104.25,31,11.78,97,93,4,4,2026-09-19 22:18:21.483951+00:00
US-2338740,Lewiston,Maine,ME,,,2025,38866,297785.43,0.12,4.73,2.18,6.41,10.19,184,4.73,475.0,1064.0,1.62,62.08,22.73,2.17,101.92,12,82.81,73.71,34.39,67.52,72.81,70.54,73.87,71.18,149,67,134,71,105.25,82,36.66,149,94,6,3,2026-09-19 22:18:21.483951+00:00
US-2039075,Leawood,Kansas,KS,,,2025,34093,769902.42,0.46,0.65,4.95,5.3,7.34,71,2.08,9.23,1825.0,13.42,82.17,-17.14,1.72,99.78,12,58.74,84.6,71.1,70.88,68.35,74.82,71.61,71.42,81,170,66,106,105.75,104,39.75,81,95,2,4,2026-09-19 22:18:21.483951+00:00
US-0919480,Derby,Connecticut,CT,,,2025,12925,338443.21,0.23,4.99,4.83,7.16,9.67,2,0.15,100.0,388.0,-9.35,24.92,4.18,2.4,100.84,12,83.37,54.95,83.88,73.55,74.92,67.82,70.63,71.73,47,40,211,128,106.5,171,69.54,47,96,7,12,2026-09-19 22:18:21.483951+00:00
US-2067625,Spring Hill,Kansas,KS,,,2025,10777,421545.03,5.9,31.56,0.55,3.17,6.59,370,34.33,15.26,1141.0,36.48,93.08,6.79,2.98,100.68,12,76.23,80.88,32.06,66.82,71.0,72.16,73.91,70.97,171,101,97,70,109.75,101,37.32,171,97,8,5,2026-09-19 22:18:21.483951+00:00
US-3653682,North Tonawanda,New York,NY,,,2025,29806,279944.36,-0.36,-2.07,5.35,6.3,8.14,19,0.64,26.67,936.0,17.15,25.67,21.26,1.01,107.28,12,53.05,94.63,62.03,69.85,66.87,77.27,72.66,71.66,98,217,35,90,110.0,182,66.37,98,98,5,3,2026-09-19 22:18:21.483951+00:00
US-2371990,South Portland,Maine,ME,,,2025,27007,510844.89,-0.1,1.62,-0.03,3.81,7.56,31,1.15,-6.06,957.0,13.52,54.67,36.1,2.18,101.04,12,65.58,86.15,47.08,68.15,68.97,74.12,72.99,71.06,131,152,75,83,110.25,77,32.24,131,99,4,4,2026-09-19 22:18:21.483951+00:00
US-5510375,Brown Deer,Wisconsin,WI,,,2025,12821,287372.0,2.38,2.46,1.2,4.83,6.84,0,0.0,-100.0,512.0,3.02,29.67,-8.25,2.25,100.1,12,61.19,70.85,96.96,73.51,69.45,71.87,69.11,70.98,48,140,103,158,112.25,110,42.06,48,100,1,5,2026-09-19 22:18:21.483951+00:00
US-1782530,Winnetka,Illinois,IL,,,2025,12518,1785151.86,0.13,-1.46,9.19,6.58,9.28,9,0.72,-52.63,574.0,6.3,34.25,-10.07,2.32,103.6,12,59.04,79.42,81.23,71.72,68.48,73.58,70.43,71.05,70,168,81,132,112.75,98,39.56,70,101,10,12,2026-09-19 22:18:21.483951+00:00
US-2904384,Belton,Missouri,MO,,,2025,26193,269991.06,1.22,8.96,5.17,3.56,6.63,62,2.37,-29.55,996.0,3.32,48.92,-5.32,1.97,99.87,12,70.55,72.76,65.12,69.96,70.4,70.95,71.0,70.58,95,120,120,119,113.5,25,10.69,95,102,2,2,2026-09-19 22:18:21.483951+00:00
US-3446680,Millville,New Jersey,NJ,,,2025,28098,257411.18,0.54,2.51,3.19,7.58,10.38,19,0.68,-40.63,1175.0,9.0,90.75,9.78,2.86,98.81,12,77.06,64.13,71.13,71.05,72.29,69.06,70.65,70.76,78,77,172,127,113.5,95,39.36,78,103,17,19,2026-09-19 22:18:21.483951+00:00
US-1759988,Pingree Grove,Illinois,IL,,,2025,12545,367264.79,4.48,20.41,2.69,4.96,7.29,109,8.69,-44.95,1064.0,25.18,85.17,30.36,2.94,99.83,12,83.99,77.81,20.24,65.89,72.58,71.03,74.84,71.08,205,72,117,60,113.5,145,56.94,205,104,30,13,2026-09-19 22:18:21.483951+00:00
US-3369940,Somersworth,New Hampshire,NH,,,2025,12171,441670.71,-0.37,1.99,2.58,6.15,8.92,33,2.71,-5.71,373.0,4.19,20.33,19.61,1.99,100.3,12,74.73,75.89,45.61,67.86,70.71,71.0,72.34,70.48,137,112,119,94,115.5,43,15.4,137,105,4,4,2026-09-19 22:18:21.483951+00:00
US-5578750,Sussex,Wisconsin,WI,,,2025,12779,502314.45,1.77,9.87,6.12,6.04,6.4,78,6.1,-39.53,523.0,4.39,28.25,-20.79,1.97,101.16,12,68.57,78.71,54.38,68.57,69.48,72.02,71.71,70.44,121,139,101,103,116.0,38,15.39,121,106,7,6,2026-09-19 22:18:21.483951+00:00
US-1746357,Manhattan,Illinois,IL,,,2025,10943,391126.36,1.67,14.85,3.02,4.74,6.8,57,5.21,-27.85,541.0,24.94,41.58,16.05,2.84,99.61,12,76.44,77.29,37.84,67.09,70.9,71.11,72.96,70.52,163,103,116,85,116.75,78,28.88,163,107,21,14,2026-09-19 22:18:21.483951+00:00
US-3445900,Middlesex,New Jersey,NJ,,,2025,14740,530059.76,0.08,1.02,4.75,8.01,7.36,2,0.14,-93.75,449.0,2.28,26.25,2.94,2.2,103.52,12,61.07,74.56,85.03,71.78,68.71,72.09,69.54,70.53,69,158,99,145,117.75,89,35.67,69,108,14,20,2026-09-19 22:18:21.483951+00:00
US-3951310,Monroe,Ohio,OH,,,2025,15880,349610.54,0.53,2.79,3.92,5.15,7.62,103,6.49,63.49,582.0,15.94,34.42,2.74,2.14,99.36,12,70.74,79.98,45.38,67.64,69.71,72.02,72.36,70.43,144,135,100,93,118.0,51,21.87,144,109,5,3,2026-09-19 22:18:21.483951+00:00
US-5585300,West Allis,Wisconsin,WI,,,2025,60119,269085.61,0.6,-0.23,2.93,7.11,8.02,184,3.06,-26.4,2225.0,11.25,91.58,14.6,1.49,102.6,12,60.14,91.24,47.75,67.93,67.61,75.39,72.9,70.96,135,193,57,87,118.0,136,51.47,135,110,8,7,2026-09-19 22:18:21.483951+00:00
US-3418070,Dover,New Jersey,NJ,,,2025,18919,512635.19,0.21,2.75,1.05,6.21,7.48,1,0.05,-98.94,230.0,1.77,14.67,20.55,2.5,104.27,12,69.29,70.62,73.21,70.74,70.28,70.61,70.28,70.48,84,122,132,135,118.25,51,20.35,84,111,18,21,2026-09-19 22:18:21.483951+00:00
US-0976500,Torrington,Connecticut,CT,,,2025,35796,292809.04,0.18,1.23,3.35,8.71,11.94,8,0.22,-46.67,1440.0,-0.96,96.25,5.19,2.45,101.08,12,71.5,65.11,81.27,71.7,71.05,69.45,69.6,70.45,71,100,163,143,119.25,92,35.97,71,112,11,13,2026-09-19 22:18:21.483951+00:00
US-3412100,Chatham,New Jersey,NJ,,,2025,10027,1282164.7,0.21,9.35,7.71,7.58,7.34,5,0.5,-94.74,277.0,-4.81,8.58,56.06,1.13,110.73,12,79.5,69.07,49.01,68.23,71.8,69.19,71.76,70.25,129,83,165,102,119.75,82,30.82,129,113,25,22,2026-09-19 22:18:21.483951+00:00
US-3665508,Schenectady,New York,NY,,,2025,69471,321344.89,0.29,3.79,3.81,5.3,7.18,0,0.0,,1789.0,-5.34,106.0,-6.47,2.17,101.36,12,68.92,62.34,96.3,73.46,71.05,69.4,68.69,70.65,49,99,164,170,120.5,121,49.79,49,114,2,4,2026-09-19 22:18:21.483951+00:00
US-5365170,Snohomish,Washington,WA,,,2025,10719,934283.45,2.17,5.36,-0.18,2.96,7.62,19,1.77,-90.05,610.0,0.49,26.42,12.81,1.6,99.59,12,76.82,68.09,57.41,68.91,71.29,69.11,70.95,70.06,111,93,169,121,123.5,76,28.12,111,115,3,5,2026-09-19 22:18:21.483951+00:00
US-3650617,New Rochelle,New York,NY,,,2025,85864,910710.32,0.23,7.06,7.45,7.31,7.59,140,1.63,2700.0,1463.0,-3.56,95.92,-2.37,2.56,102.75,12,79.28,61.58,69.45,70.63,72.5,68.07,70.33,70.38,88,73,203,134,124.5,130,50.59,88,116,4,5,2026-09-19 22:18:21.483951+00:00
US-0608100,Brea,California,CA,,,2025,47260,1102397.16,-0.83,0.04,-0.78,3.75,6.79,0,0.0,-100.0,906.0,19.53,45.25,28.07,1.8,103.05,12,49.55,92.9,72.38,70.43,65.98,76.81,71.34,71.14,90,256,40,113,124.75,216,80.24,90,117,2,2,2026-09-19 22:18:21.483951+00:00
US-2523000,Fall River,Massachusetts,MA,,,2025,95298,444975.33,0.28,1.48,0.73,5.04,7.72,58,0.61,-7.94,1736.0,12.95,126.67,26.88,2.72,100.32,12,66.28,78.35,58.47,68.55,68.73,71.75,70.93,69.99,122,157,105,122,126.5,52,18.93,122,118,8,5,2026-09-19 22:18:21.483951+00:00
US-5585350,West Bend,Wisconsin,WI,,,2025,32268,345807.01,0.45,1.7,5.28,6.82,6.9,26,0.81,-79.2,1348.0,17.63,73.33,20.22,2.04,100.07,12,58.76,86.0,60.43,68.71,67.18,73.99,71.19,70.27,116,200,78,115,127.25,122,44.71,116,119,6,8,2026-09-19 22:18:21.483951+00:00
US-2569170,Taunton,Massachusetts,MA,,,2025,62522,511567.25,0.51,5.23,2.23,5.04,7.15,329,5.26,222.55,1653.0,0.49,67.92,3.16,1.53,101.44,12,71.93,76.44,48.28,67.59,69.73,70.86,71.59,69.95,147,134,121,108,127.5,39,14.53,147,120,9,6,2026-09-19 22:18:21.483951+00:00
US-2567000,Springfield,Massachusetts,MA,,,2025,154702,297300.13,0.2,-0.31,2.06,5.34,8.01,19,0.12,-88.34,3981.0,4.43,231.17,14.87,2.16,101.86,12,59.67,78.27,75.69,70.19,67.65,72.3,69.64,69.95,92,191,94,141,129.5,99,40.56,92,121,5,7,2026-09-19 22:18:21.483951+00:00
US-1717458,Crest Hill,Illinois,IL,,,2025,20695,286052.14,2.33,1.4,2.77,5.79,6.96,0,0.0,-100.0,743.0,3.05,41.83,-1.95,2.08,99.95,12,58.31,71.9,94.66,72.15,67.84,71.24,68.06,69.82,63,186,114,185,137.0,123,51.74,63,122,9,15,2026-09-19 22:18:21.483951+00:00
US-1810342,Carmel,Indiana,IN,,,2025,105634,561012.84,1.92,5.73,4.27,4.13,7.76,514,4.87,-60.19,4460.0,5.41,191.0,20.19,1.61,99.31,12,78.86,73.67,35.94,66.32,70.87,69.57,72.23,69.75,189,104,160,97,137.5,92,38.47,189,123,4,3,2026-09-19 22:18:21.483951+00:00
US-0636280,Imperial,California,CA,,,2025,22330,433578.0,0.5,9.16,7.55,8.4,9.16,4,0.18,-86.67,443.0,-6.34,28.75,64.29,2.43,100.64,12,89.19,56.67,54.15,69.05,74.18,66.05,71.05,70.08,109,44,284,118,138.75,240,88.59,109,124,3,3,2026-09-19 22:18:21.483951+00:00
US-3459880,Point Pleasant,New Jersey,NJ,,,2025,19712,726263.61,0.43,3.91,6.58,7.6,9.97,100,5.07,75.44,636.0,-0.63,35.08,15.66,2.04,101.32,12,80.79,70.2,38.62,66.54,71.29,68.64,71.81,69.57,185,94,183,101,140.75,91,43.33,185,125,33,23,2026-09-19 22:18:21.483951+00:00
US-5559250,Oconomowoc,Wisconsin,WI,,,2025,20119,537116.78,0.96,10.46,5.7,6.62,6.96,218,10.84,43.42,1014.0,7.76,74.67,4.07,2.72,100.69,12,76.37,74.89,37.8,66.21,70.14,69.77,71.85,69.49,195,126,152,100,143.25,95,35.08,195,126,13,9,2026-09-19 22:18:21.483951+00:00
US-5577975,Suamico,Wisconsin,WI,,,2025,13153,452469.71,0.31,2.28,5.01,6.41,7.86,67,5.09,24.07,454.0,16.41,31.0,8.77,2.59,99.72,12,70.48,77.91,44.45,66.57,68.81,70.66,71.22,69.32,181,156,127,114,144.5,67,25.99,181,127,11,10,2026-09-19 22:18:21.483951+00:00
US-0973000,Stamford,Connecticut,CT,,,2025,139535,688500.36,0.14,3.02,4.91,7.0,7.23,1561,11.19,1715.12,3716.0,6.75,202.67,-2.88,2.03,103.69,12,67.54,82.57,41.24,66.22,68.1,71.86,71.67,69.46,194,176,104,104,144.5,90,41.0,194,128,19,14,2026-09-19 22:18:21.483951+00:00
US-2064500,Shawnee,Kansas,KS,,,2025,69848,418024.1,0.39,3.55,3.14,3.82,6.37,195,2.79,74.11,2699.0,6.01,119.58,-18.83,1.68,100.89,12,58.09,82.08,66.66,68.63,66.57,72.57,69.74,69.38,118,230,90,140,144.5,140,52.45,118,129,6,6,2026-09-19 22:18:21.483951+00:00
US-3700160,Aberdeen,North Carolina,NC,,,2025,10066,350988.05,4.91,16.65,1.08,3.99,8.97,235,23.35,11.9,1019.0,37.15,91.83,31.35,3.48,99.15,12,93.22,68.67,13.28,64.64,73.86,67.73,74.18,70.1,248,48,216,68,145.0,200,88.02,248,130,1,1,2026-09-19 22:18:21.483951+00:00
US-2365725,Sanford,Maine,ME,,,2025,22663,372561.89,0.43,3.22,0.06,5.24,8.67,76,3.35,-31.53,884.0,3.76,61.33,8.71,2.58,99.89,12,77.78,67.49,51.48,67.61,70.75,68.18,70.52,69.26,145,109,199,130,145.75,90,33.3,145,131,5,5,2026-09-19 22:18:21.483951+00:00
US-3461680,Ramsey,New Jersey,NJ,,,2025,14925,845670.65,-0.01,1.15,5.42,6.99,6.78,15,1.01,-21.05,470.0,14.91,32.08,1.85,2.61,104.02,12,54.61,83.82,72.74,69.37,66.09,73.4,69.57,69.61,104,251,85,144,146.0,166,64.25,104,132,23,24,2026-09-19 22:18:21.483951+00:00
US-2302060,Auburn,Maine,ME,,,2025,25441,325406.77,0.83,5.63,1.27,6.23,9.35,59,2.32,-28.05,797.0,-7.86,47.42,10.06,2.22,101.52,12,84.72,59.25,55.88,68.59,72.75,66.39,70.37,69.53,119,69,271,133,148.0,202,74.89,119,133,3,6,2026-09-19 22:18:21.483951+00:00
US-3428710,Hackettstown,New Jersey,NJ,,,2025,10185,465409.52,-0.15,-0.36,2.31,6.1,7.75,0,0.0,-100.0,259.0,5.71,13.83,37.19,1.96,102.72,12,57.68,81.84,67.46,68.58,66.39,72.44,69.53,69.23,120,238,92,146,149.0,146,54.82,120,134,24,25,2026-09-19 22:18:21.483951+00:00
US-3464620,Roselle,New Jersey,NJ,,,2025,23261,517306.63,0.06,2.9,3.27,7.6,9.85,78,3.35,-27.1,506.0,3.69,40.0,17.94,2.92,105.0,12,78.19,69.86,43.75,66.66,70.53,68.44,71.0,69.16,176,117,190,120,150.75,73,32.64,176,135,32,26,2026-09-19 22:18:21.483951+00:00
US-1734722,Highland Park,Illinois,IL,,,2025,30767,756309.15,0.39,2.02,6.23,6.64,8.55,106,3.45,16.48,1331.0,1.68,90.67,-9.48,2.49,100.18,12,73.48,66.64,60.82,67.92,69.53,67.82,69.13,68.6,136,138,210,157,160.25,74,29.87,136,136,19,16,2026-09-19 22:18:21.483951+00:00
US-1729730,Glendale Heights,Illinois,IL,,,2025,32655,317641.6,-0.18,-1.34,5.33,7.29,7.75,4,0.12,,982.0,15.53,57.08,24.77,2.13,100.49,12,53.22,86.0,68.07,68.41,65.28,73.48,69.46,69.16,126,284,82,149,160.25,202,75.39,126,137,16,17,2026-09-19 22:18:21.483951+00:00
US-3459190,Plainfield,New Jersey,NJ,,,2025,57141,518720.42,0.43,5.22,5.63,7.62,9.69,246,4.31,68.49,900.0,0.33,73.83,11.03,3.08,102.92,12,83.84,62.79,45.3,66.84,71.74,66.48,70.51,68.89,170,86,265,131,163.0,179,65.97,170,138,31,27,2026-09-19 22:18:21.483951+00:00
US-3410750,Carteret,New Jersey,NJ,,,2025,25781,546110.81,0.14,1.92,3.38,7.4,8.1,72,2.79,60.0,421.0,13.48,44.17,7.07,3.93,100.92,12,70.74,71.19,55.48,67.08,68.59,68.7,69.42,68.45,164,165,181,151,165.25,30,10.64,164,139,29,28,2026-09-19 22:18:21.483951+00:00
US-2545245,Newburyport,Massachusetts,MA,,,2025,19148,921917.91,-0.17,4.65,3.84,5.73,7.97,11,0.57,57.14,799.0,-5.89,43.33,-8.77,2.03,99.36,12,77.8,54.41,82.74,70.85,71.52,65.68,67.77,68.95,82,88,301,197,167.0,219,89.89,82,140,3,8,2026-09-19 22:18:21.483951+00:00
US-0908000,Bridgeport,Connecticut,CT,,,2025,152273,354169.6,0.57,3.12,3.63,6.67,9.62,215,1.41,-55.67,2921.0,-1.62,230.58,10.86,2.9,101.46,12,78.78,60.64,62.07,68.25,70.83,66.3,68.94,68.58,128,107,274,161,167.5,167,64.43,128,141,15,15,2026-09-19 22:18:21.483951+00:00
US-2053775,Overland Park,Kansas,KS,,,2025,203677,471705.42,0.63,2.95,3.84,4.35,6.63,835,4.1,42.01,8007.0,6.15,366.5,-9.51,1.68,100.53,12,59.95,81.34,58.02,66.95,66.08,71.42,69.38,68.46,165,252,113,152,170.5,139,50.8,165,142,7,7,2026-09-19 22:18:21.483951+00:00
US-3362900,Portsmouth,New Hampshire,NH,,,2025,23028,783307.41,0.59,4.72,2.59,5.26,7.69,556,24.14,392.04,1162.0,23.09,89.75,0.94,2.95,99.23,12,76.09,73.35,36.0,65.11,69.26,68.57,70.85,68.45,227,147,185,124,170.75,103,39.1,227,143,6,5,2026-09-19 22:18:21.483951+00:00
US-3451810,New Providence,New Jersey,NJ,,,2025,14092,965140.26,-0.01,2.64,4.82,7.48,7.59,11,0.78,-89.32,366.0,-3.43,11.67,26.13,1.27,108.26,12,69.86,71.18,56.36,66.95,68.23,68.56,69.11,68.21,166,173,187,159,171.25,28,10.35,166,144,30,29,2026-09-19 22:18:21.483951+00:00
US-1766040,Round Lake Beach,Illinois,IL,,,2025,26902,252233.65,-0.21,-1.12,5.22,7.57,8.79,1,0.04,-66.67,811.0,4.92,50.0,23.46,2.28,100.71,12,59.91,75.75,71.59,68.38,66.42,70.38,68.21,68.34,127,236,140,182,171.25,109,42.55,127,145,17,18,2026-09-19 22:18:21.483951+00:00
US-3680203,West Haverstraw,New York,NY,,,2025,11025,430154.3,0.24,3.35,1.69,5.07,8.09,0,0.0,,195.0,1.56,16.92,28.48,3.47,100.75,12,75.32,59.98,72.14,69.16,70.24,66.41,68.1,68.48,108,123,270,184,171.25,162,63.72,108,146,8,6,2026-09-19 22:18:21.483951+00:00
US-2717000,Duluth,Minnesota,MN,,,2025,88330,290256.15,0.23,1.67,6.31,5.02,6.66,219,2.48,-45.52,3008.0,8.44,138.67,-6.83,1.75,100.44,12,55.49,83.22,64.96,67.56,65.23,72.16,68.91,68.47,148,287,98,162,173.75,189,69.58,148,147,1,1,2026-09-19 22:18:21.483951+00:00
US-3451660,New Milford,New Jersey,NJ,,,2025,17133,706778.5,-0.04,1.5,4.69,7.4,7.12,36,2.1,16.13,740.0,11.61,56.17,2.59,2.94,101.61,12,60.59,78.18,63.1,67.37,66.24,70.64,68.75,68.25,154,246,129,167,174.0,117,43.75,154,148,28,30,2026-09-19 22:18:21.483951+00:00
US-1753559,North Chicago,Illinois,IL,,,2025,34050,213823.32,-0.11,10.76,5.4,9.89,9.76,12,0.35,20.0,334.0,-8.74,26.5,-7.83,2.92,99.3,12,90.64,42.48,85.65,72.53,75.44,63.4,68.47,69.96,61,34,428,174,174.25,394,155.63,61,149,8,19,2026-09-19 22:18:21.483951+00:00
US-3426340,Glassboro,New Jersey,NJ,,,2025,24483,365645.73,0.84,5.7,2.28,6.49,9.19,32,1.31,-23.81,699.0,-24.68,34.58,-23.15,1.9,99.86,12,84.96,49.62,77.45,70.71,73.23,64.4,68.3,69.16,85,59,374,180,174.5,315,123.67,85,150,19,31,2026-09-19 22:18:21.483951+00:00
US-0638562,Kingsburg,California,CA,,,2025,13249,468768.81,0.12,6.64,3.32,2.83,6.15,17,1.28,-69.64,369.0,13.89,23.5,12.8,2.49,99.69,12,61.39,77.78,61.69,67.2,66.35,70.45,68.8,68.2,158,240,137,164,174.75,103,38.98,158,151,6,4,2026-09-19 22:18:21.483951+00:00
US-1784038,Yorkville,Illinois,IL,,,2025,26730,403238.0,2.93,22.81,4.08,5.96,8.27,259,9.69,-0.38,1337.0,-1.47,104.92,1.29,2.94,100.0,12,92.03,56.23,40.7,66.67,73.59,64.64,70.79,68.92,175,54,347,126,175.5,293,107.96,175,152,24,20,2026-09-19 22:18:21.483951+00:00
US-4202000,Allentown,Pennsylvania,PA,,,2025,126044,309736.91,0.19,0.26,3.9,5.83,8.63,1,0.01,-99.63,3006.0,-5.35,125.83,10.95,1.53,100.47,12,65.54,65.58,82.12,69.7,68.04,68.05,67.22,68.25,100,183,204,216,175.75,116,45.3,100,153,14,14,2026-09-19 22:18:21.483951+00:00
US-1765000,Rockford,Illinois,IL,,,2025,147384,176949.98,0.19,-0.94,8.74,10.77,11.2,124,0.84,-8.15,5549.0,1.0,201.17,-4.24,1.32,99.67,12,61.36,71.13,77.44,68.8,66.7,69.15,67.37,68.0,114,222,166,209,177.75,108,42.24,114,154,15,21,2026-09-19 22:18:21.483951+00:00
US-3953970,New Albany,Ohio,OH,,,2025,11803,632120.23,0.68,5.53,2.48,4.74,7.79,43,3.64,-6.52,518.0,-0.58,31.33,-21.17,2.23,99.31,12,78.54,59.88,62.49,68.0,70.53,65.87,68.54,68.23,134,116,293,172,178.75,177,68.99,134,155,4,4,2026-09-19 22:18:21.483951+00:00
US-0946450,Meriden,Connecticut,CT,,,2025,60810,320578.9,-0.09,0.32,4.91,8.52,10.26,25,0.41,0.0,1811.0,-4.58,99.75,6.4,2.01,102.77,12,67.11,65.31,77.22,69.01,68.09,67.64,67.31,68.01,110,177,218,213,179.5,108,43.13,110,156,14,16,2026-09-19 22:18:21.483951+00:00
US-2505595,Beverly,Massachusetts,MA,,,2025,43363,751285.68,0.2,1.87,2.35,5.23,6.08,6,0.14,-91.89,997.0,3.96,33.42,3.62,1.23,102.16,12,48.76,82.93,84.54,69.66,64.38,72.92,67.71,68.67,103,338,88,199,182.0,250,99.63,103,157,7,9,2026-09-19 22:18:21.483951+00:00
US-0968100,Shelton,Connecticut,CT,,,2025,42880,549039.51,0.27,5.28,4.18,6.47,8.18,209,4.87,2512.5,1342.0,-3.31,87.92,1.15,2.44,101.17,12,80.53,62.09,50.8,66.65,70.54,65.93,69.26,68.09,178,115,291,155,184.75,176,65.35,178,158,18,17,2026-09-19 22:18:21.483951+00:00
US-4627260,Harrisburg,South Dakota,SD,,,2025,10405,361115.66,2.4,52.01,1.06,2.16,6.39,102,9.8,50.0,588.0,16.67,44.92,-19.43,3.01,99.11,12,73.6,69.9,47.62,65.81,68.59,67.67,69.33,67.85,208,164,217,153,185.5,64,27.46,208,159,1,1,2026-09-19 22:18:21.483951+00:00
US-0541720,Lowell,Arkansas,AR,,,2025,12184,357732.96,5.27,22.5,2.34,4.39,9.56,200,16.41,-17.01,853.0,24.89,86.67,75.08,3.81,99.3,12,94.91,67.6,5.24,62.93,73.26,66.44,73.65,69.07,344,58,268,74,186.0,286,123.1,344,160,1,1,2026-09-19 22:18:21.483951+00:00
US-1782075,Wilmette,Illinois,IL,,,2025,27459,934321.4,-0.02,-2.21,8.89,6.12,7.35,22,0.8,-8.33,1217.0,12.69,65.17,-3.22,1.99,102.62,12,46.27,88.45,77.69,68.89,63.63,74.18,68.39,68.77,112,386,74,177,187.25,312,120.51,112,161,14,22,2026-09-19 22:18:21.483951+00:00
US-3681677,White Plains,New York,NY,,,2025,62871,773615.41,0.28,5.51,3.06,5.6,5.59,220,3.5,2100.0,1437.0,14.78,84.5,-1.46,2.17,102.39,12,53.25,88.27,57.4,66.55,64.38,73.13,69.43,68.37,184,337,86,150,189.25,251,92.28,184,162,12,7,2026-09-19 22:18:21.483951+00:00
US-3642554,Lindenhurst,New York,NY,,,2025,27258,660316.92,-0.05,0.64,0.48,5.47,6.63,4,0.15,300.0,664.0,6.07,41.75,-3.47,2.33,102.28,12,50.21,78.9,88.25,69.76,64.52,71.69,66.92,68.22,99,326,107,226,189.5,227,93.49,99,163,6,8,2026-09-19 22:18:21.483951+00:00
US-3659223,Port Chester,New York,NY,,,2025,32303,715701.81,4.1,2.32,6.87,7.06,6.77,108,3.34,-75.17,359.0,15.43,27.92,0.9,2.98,102.24,12,59.57,80.48,57.04,66.26,65.46,70.69,68.73,67.78,192,273,126,168,189.75,147,53.56,192,164,13,9,2026-09-19 22:18:21.483951+00:00
US-5537825,Janesville,Wisconsin,WI,,,2025,66929,288614.41,0.65,1.95,6.34,7.13,8.02,75,1.12,-75.17,2686.0,0.04,158.5,12.61,2.17,100.01,12,70.34,66.25,63.44,67.18,68.08,67.05,67.81,67.53,160,178,237,195,192.5,77,28.52,160,165,9,11,2026-09-19 22:18:21.483951+00:00
US-2535075,Leominster,Massachusetts,MA,,,2025,44194,470415.04,-0.14,1.03,2.18,6.26,8.11,25,0.57,177.78,1181.0,-1.83,49.92,34.0,1.53,101.77,12,66.76,73.15,54.88,66.03,66.9,68.49,68.45,67.47,201,216,189,176,195.5,40,14.77,201,166,12,10,2026-09-19 22:18:21.483951+00:00
US-3339300,Keene,New Hampshire,NH,,,2025,23072,352547.12,-0.2,0.1,4.19,6.29,10.48,3,0.13,-76.92,784.0,-1.75,35.5,23.48,1.7,100.31,12,66.18,67.96,68.71,67.43,67.09,67.54,67.23,67.32,152,205,220,215,198.0,68,27.1,152,167,5,6,2026-09-19 22:18:21.483951+00:00
US-2966440,Sedalia,Missouri,MO,,,2025,22621,186005.59,1.19,4.05,6.06,5.73,8.2,111,4.91,12.12,999.0,12.5,71.75,14.49,2.61,98.57,12,77.8,67.6,40.32,64.86,69.11,66.57,69.46,67.5,240,150,260,148,199.5,112,51.0,240,168,6,3,2026-09-19 22:18:21.483951+00:00
US-3903464,Avon Lake,Ohio,OH,,,2025,26486,417661.79,1.02,4.81,6.23,4.89,7.24,118,4.46,-19.18,1107.0,10.59,59.83,33.71,2.03,99.54,12,71.96,78.62,28.65,63.46,67.46,69.13,70.63,67.67,311,196,168,129,201.0,182,67.82,311,169,22,5,2026-09-19 22:18:21.483951+00:00
US-3903352,Avon,Ohio,OH,,,2025,25611,466725.29,0.66,2.73,5.83,4.73,7.24,46,1.8,-47.13,790.0,13.83,41.25,40.62,2.03,99.28,12,66.87,79.17,39.1,64.23,66.39,69.47,69.63,67.43,269,239,162,142,203.0,127,52.57,269,170,17,6,2026-09-19 22:18:21.483951+00:00
US-1719161,DeKalb,Illinois,IL,,,2025,40467,256573.57,0.99,0.56,5.43,7.34,8.04,59,1.46,-27.16,990.0,4.32,59.67,5.92,2.21,99.74,12,63.87,71.21,65.66,66.89,66.34,68.18,67.35,67.19,167,241,201,211,205.0,74,26.42,167,171,22,23,2026-09-19 22:18:21.483951+00:00
US-2906976,Bolivar,Missouri,MO,,,2025,11994,254504.88,3.46,11.02,1.8,3.1,8.57,61,5.09,-67.55,569.0,6.55,53.92,3.85,3.55,98.51,12,89.21,53.81,48.33,66.6,72.46,63.61,69.19,67.97,179,76,414,156,206.25,338,125.89,179,172,4,4,2026-09-19 22:18:21.483951+00:00
US-1711592,Cary,Illinois,IL,,,2025,17932,370955.07,-0.41,0.72,4.82,5.97,8.06,55,3.07,450.0,732.0,11.59,45.58,24.6,2.32,100.18,12,64.82,80.67,39.94,64.15,65.84,69.81,69.47,67.32,273,259,151,147,207.5,126,58.73,273,173,39,24,2026-09-19 22:18:21.483951+00:00
US-3447610,Montvale,New Jersey,NJ,,,2025,10113,909189.13,5.25,19.91,3.84,6.63,6.84,2,0.2,-75.0,268.0,-12.13,19.92,-28.66,3.16,103.81,12,78.59,48.0,91.59,71.13,71.36,63.72,66.12,68.08,77,91,411,257,209.0,334,136.43,77,174,16,32,2026-09-19 22:18:21.483951+00:00
US-1745726,Machesney Park,Illinois,IL,,,2025,22805,201180.18,0.08,-0.55,9.38,9.97,9.77,25,1.1,1150.0,821.0,5.39,27.33,36.1,1.21,99.85,12,63.06,79.24,47.44,64.82,65.57,69.62,68.78,67.2,244,269,159,165,209.25,110,48.12,244,175,35,25,2026-09-19 22:18:21.483951+00:00
US-3977322,Trenton,Ohio,OH,,,2025,14241,281556.2,1.39,9.08,3.3,4.7,7.26,11,0.77,-63.33,561.0,2.75,38.42,35.19,2.54,99.28,12,78.38,61.87,51.41,65.86,69.38,65.25,68.25,67.19,206,141,321,181,212.25,180,66.93,206,176,10,7,2026-09-19 22:18:21.483951+00:00
US-2537000,Lowell,Massachusetts,MA,,,2025,119971,484983.69,-0.1,3.62,0.88,5.8,7.53,188,1.57,67.86,2175.0,-0.46,110.33,40.55,1.82,101.4,12,71.91,72.05,41.24,64.29,67.35,67.39,68.91,66.98,265,199,224,163,212.75,102,37.15,265,177,16,11,2026-09-19 22:18:21.483951+00:00
US-3643082,Lockport,New York,NY,,,2025,20248,263209.76,-0.47,-2.78,5.86,5.87,8.19,3,0.15,,685.0,3.32,38.08,-8.05,2.07,101.26,12,50.31,76.52,89.83,69.36,64.1,70.66,66.06,67.55,106,361,128,262,214.25,255,103.65,106,178,7,10,2026-09-19 22:18:21.483951+00:00
US-5558800,Oak Creek,Wisconsin,WI,,,2025,38296,404392.84,-0.09,4.43,4.86,6.5,6.82,240,6.27,2900.0,866.0,7.71,52.17,7.01,2.29,100.19,12,65.96,77.33,42.82,64.15,65.9,68.74,68.76,66.89,272,258,179,166,218.75,106,46.74,272,179,18,12,2026-09-19 22:18:21.483951+00:00
US-4260120,Phoenixville,Pennsylvania,PA,,,2025,20356,519098.11,1.0,9.51,2.3,4.46,6.71,142,6.98,15.45,819.0,11.28,45.33,64.35,2.13,100.62,12,72.03,83.91,14.2,61.73,66.92,69.89,71.59,67.53,408,213,148,107,219.0,301,115.48,408,180,23,15,2026-09-19 22:18:21.483951+00:00
US-3440680,Little Ferry,New Jersey,NJ,,,2025,11099,582654.95,0.19,1.32,2.91,7.35,7.66,2,0.18,-98.18,199.0,39.16,23.67,45.64,4.43,101.12,12,65.13,72.58,56.3,65.53,66.04,67.9,67.6,66.77,213,253,208,205,219.75,48,19.41,213,181,37,33,2026-09-19 22:18:21.483951+00:00
US-2770420,Willmar,Minnesota,MN,,,2025,22001,242752.97,0.31,4.52,2.23,4.22,6.68,7,0.32,-94.57,674.0,24.58,47.08,51.07,2.56,98.93,12,64.32,74.83,52.6,65.07,65.71,68.34,67.88,66.75,231,264,194,191,220.0,73,29.89,231,182,2,2,2026-09-19 22:18:21.483951+00:00
US-1717887,Crystal Lake,Illinois,IL,,,2025,42288,374958.67,1.9,5.07,4.56,6.01,7.97,152,3.59,-62.0,1582.0,-2.94,104.42,-7.32,2.44,99.87,12,78.69,58.11,59.41,66.67,69.63,64.48,67.5,67.07,174,136,363,207,220.0,227,86.3,174,183,23,26,2026-09-19 22:18:21.483951+00:00
US-4422960,East Providence,Rhode Island,RI,,,2025,48249,441087.93,0.81,2.56,0.84,6.12,8.27,268,5.55,112.7,1425.0,2.74,66.5,30.18,1.73,100.54,12,74.23,75.8,26.7,62.9,67.57,67.96,70.18,67.15,349,194,205,136,221.0,213,78.41,349,184,6,5,2026-09-19 22:18:21.483951+00:00
US-5118448,Colonial Heights,Virginia,VA,,,2025,18738,298155.3,0.63,3.17,0.58,2.16,7.53,15,0.8,-11.76,754.0,-1.05,32.92,14.83,1.63,99.34,12,70.72,63.46,64.89,66.72,67.67,65.85,66.87,66.78,172,190,294,229,221.25,122,46.78,172,185,1,1,2026-09-19 22:18:21.483951+00:00
US-3971892,Sharonville,Ohio,OH,,,2025,13997,282679.39,-0.01,-0.71,3.56,4.7,7.16,0,0.0,-100.0,398.0,6.99,18.67,12.56,1.8,99.67,12,50.64,77.61,84.23,68.48,63.77,70.51,66.13,67.22,124,381,135,254,223.5,257,104.25,124,186,3,8,2026-09-19 22:18:21.483951+00:00
US-5544950,Little Chute,Wisconsin,WI,,,2025,11800,292964.19,0.39,0.37,6.97,8.58,9.23,146,12.37,758.82,324.0,19.12,18.58,31.18,2.26,101.24,12,67.3,88.09,15.76,61.69,65.8,71.0,71.5,67.5,410,261,118,111,225.0,299,122.44,410,187,29,13,2026-09-19 22:18:21.483951+00:00
US-3701520,Apex,North Carolina,NC,,,2025,80419,601017.93,6.15,23.25,-1.85,1.39,8.25,1223,15.21,-40.37,3879.0,6.07,253.67,88.95,2.37,99.08,12,91.91,67.34,5.76,61.77,71.61,65.47,72.24,67.77,407,87,311,96,225.25,320,138.03,407,188,10,2,2026-09-19 22:18:21.483951+00:00
US-2924094,Festus,Missouri,MO,,,2025,14066,296782.33,1.95,10.0,4.75,4.96,6.36,34,2.42,-76.71,694.0,-7.1,26.0,-16.13,1.44,100.77,12,67.87,64.32,68.9,66.88,66.96,66.07,66.37,66.57,168,211,282,243,226.0,114,41.87,168,189,3,5,2026-09-19 22:18:21.483951+00:00
US-3746340,New Bern,North Carolina,NC,,,2025,34724,280924.19,1.5,10.79,1.98,4.56,8.55,309,8.9,1.98,2434.0,17.64,201.0,32.45,3.09,98.32,12,88.97,64.28,18.99,62.83,71.06,64.89,70.86,67.41,358,97,337,123,228.75,261,119.34,358,190,7,3,2026-09-19 22:18:21.483951+00:00
US-2523875,Fitchburg,Massachusetts,MA,,,2025,42136,400016.32,-0.04,1.15,1.09,6.31,8.63,30,0.71,36.36,1327.0,-2.64,76.33,24.63,2.1,101.09,12,69.86,66.24,58.55,65.77,67.08,66.18,67.1,66.53,209,206,279,222,229.0,73,29.49,209,191,14,12,2026-09-19 22:18:21.483951+00:00
US-3616749,Cohoes,New York,NY,,,2025,18518,334913.65,0.04,2.19,2.52,5.51,6.74,1,0.05,-90.0,441.0,3.04,22.17,41.49,1.85,100.94,12,58.69,77.01,61.13,65.71,64.55,69.13,67.18,66.65,211,321,167,217,229.0,154,56.52,211,192,14,11,2026-09-19 22:18:21.483951+00:00
US-0609864,Calimesa,California,CA,,,2025,11111,561735.1,-0.39,8.78,-2.75,0.2,5.59,2,0.18,-66.67,309.0,14.44,25.92,9.51,3.33,99.78,12,57.62,71.11,79.0,67.69,64.88,68.25,65.83,66.66,143,303,198,276,230.0,160,63.32,143,193,4,5,2026-09-19 22:18:21.483951+00:00
US-5144984,Leesburg,Virginia,VA,,,2025,49917,841918.96,0.14,3.06,1.83,4.23,6.58,143,2.86,-16.37,1946.0,5.82,77.08,18.14,1.46,100.35,12,59.71,82.31,45.96,64.18,64.43,70.08,68.5,66.8,271,332,144,173,230.0,188,75.38,271,194,2,2,2026-09-19 22:18:21.483951+00:00
US-2038650,Lansing,Kansas,KS,,,2025,11331,318185.64,0.54,0.82,3.09,3.79,6.63,3,0.26,-94.23,366.0,8.93,15.17,-10.78,1.48,98.67,12,51.2,75.1,87.89,68.74,63.88,69.85,65.63,67.02,115,374,149,285,230.75,259,104.34,115,195,5,8,2026-09-19 22:18:21.483951+00:00
US-5347490,Mountlake Terrace,Washington,WA,,,2025,25430,687607.92,1.37,19.48,-1.74,2.62,6.28,15,0.59,-28.57,523.0,-3.86,21.58,64.87,1.49,101.2,12,70.84,69.35,47.58,64.51,66.91,66.53,67.85,66.45,255,215,261,193,231.0,68,28.18,255,196,8,6,2026-09-19 22:18:21.483951+00:00
US-0901150,Ansonia,Connecticut,CT,,,2025,19216,377330.71,0.3,1.7,4.78,7.72,9.51,3,0.16,-62.5,478.0,-9.98,30.0,16.88,2.3,101.65,12,73.8,56.89,73.33,67.77,68.66,64.43,66.15,66.75,142,162,369,253,231.5,227,89.73,142,197,17,18,2026-09-19 22:18:21.483951+00:00
US-3957386,Norwood,Ohio,OH,,,2025,19658,250334.99,1.07,3.49,0.73,5.19,6.68,0,0.0,-100.0,779.0,5.99,59.83,24.65,2.82,99.78,12,61.94,67.88,74.62,67.19,65.63,67.11,65.88,66.45,159,267,233,272,232.75,113,45.15,159,198,6,9,2026-09-19 22:18:21.483951+00:00
US-2534550,Lawrence,Massachusetts,MA,,,2025,89320,507697.72,-0.19,0.47,2.99,6.31,8.16,10,0.11,-9.09,757.0,-5.73,34.33,18.73,1.63,102.63,12,64.29,66.18,72.89,67.1,66.15,66.62,66.0,66.47,162,250,258,265,233.75,103,41.76,162,199,10,13,2026-09-19 22:18:21.483951+00:00
US-5531000,Green Bay,Wisconsin,WI,,,2025,106675,277048.24,0.21,-0.58,6.32,8.38,9.39,283,2.65,-40.55,3347.0,2.89,214.42,4.38,2.41,101.58,12,62.96,72.99,58.35,65.32,65.28,67.79,67.01,66.35,220,285,213,224,235.5,72,28.85,220,200,15,14,2026-09-19 22:18:21.483951+00:00
US-2915670,Columbia,Missouri,MO,,,2025,130851,319471.2,0.6,3.59,3.42,3.89,7.19,487,3.72,-51.78,4763.0,8.82,405.17,9.7,3.18,100.36,12,68.55,71.01,48.76,64.46,66.32,66.93,67.68,66.35,259,242,242,201,236.0,58,21.37,259,201,7,6,2026-09-19 22:18:21.483951+00:00
US-3458770,Pine Hill,New Jersey,NJ,,,2025,10909,281727.65,0.32,1.53,4.28,8.36,11.65,3,0.28,,344.0,-17.51,18.75,8.7,2.06,101.99,12,73.03,56.03,77.62,68.23,68.62,64.37,65.84,66.76,130,163,376,275,236.0,246,97.06,130,202,26,34,2026-09-19 22:18:21.483951+00:00
US-4727740,Franklin,Tennessee,TN,,,2025,90226,919138.13,1.47,7.21,1.39,2.07,9.17,584,6.47,-38.2,5034.0,18.25,447.75,26.54,3.26,98.19,12,87.07,62.24,26.54,63.25,70.54,64.33,69.84,66.99,323,114,379,138,238.5,265,114.54,323,203,2,2,2026-09-19 22:18:21.483951+00:00
US-1778929,Warrenville,Illinois,IL,,,2025,15211,351583.97,0.01,11.0,4.68,6.25,6.53,3,0.2,-57.14,533.0,-7.79,33.67,8.89,2.3,100.79,12,71.12,56.98,78.98,68.13,68.06,64.52,65.54,66.56,132,181,357,287,239.25,225,88.09,132,204,18,27,2026-09-19 22:18:21.483951+00:00
US-1825450,Franklin,Indiana,IN,,,2025,26743,280353.52,1.96,5.41,1.86,2.84,7.55,166,6.21,-15.74,1286.0,17.02,70.33,31.06,2.0,98.2,12,76.23,73.37,24.56,62.31,67.62,66.91,69.78,66.65,385,192,244,139,240.0,246,91.58,385,205,8,4,2026-09-19 22:18:21.483951+00:00
US-0523170,Farmington,Arkansas,AR,,,2025,10658,333069.04,1.44,39.81,4.0,4.15,8.73,274,25.71,126.45,1029.0,15.88,92.92,95.96,3.45,98.88,12,94.15,64.65,4.99,61.53,71.93,64.55,71.96,67.49,425,81,355,99,240.0,344,152.16,425,206,2,2,2026-09-19 22:18:21.483951+00:00
US-4974810,Syracuse,Utah,UT,,,2025,39909,580565.49,2.41,23.22,2.87,1.52,6.89,234,5.86,-26.65,1142.0,2.98,86.33,5.39,2.77,99.4,12,79.95,61.07,45.22,64.66,69.07,64.35,67.98,66.52,246,151,378,188,240.75,227,86.17,246,207,2,1,2026-09-19 22:18:21.483951+00:00
US-3711800,Chapel Hill,North Carolina,NC,,,2025,63565,634179.71,0.29,11.43,-0.25,2.74,7.93,155,2.44,-2.52,1636.0,6.79,138.42,57.44,3.13,99.09,12,85.99,61.17,30.91,63.53,70.28,64.08,69.31,66.8,301,121,390,154,241.5,269,109.28,301,208,3,4,2026-09-19 22:18:21.483951+00:00
US-3640530,Lake Grove,New York,NY,,,2025,11168,708740.08,0.23,1.36,5.15,6.64,7.78,12,1.07,9.09,283.0,-6.29,15.83,-19.83,2.18,101.79,12,66.11,61.36,79.51,67.8,66.7,65.51,65.31,66.33,139,223,309,296,241.75,170,67.78,139,209,9,12,2026-09-19 22:18:21.483951+00:00
US-2513660,Chicopee,Massachusetts,MA,,,2025,55310,315764.74,0.03,-0.26,1.75,5.01,6.94,15,0.27,36.36,1381.0,3.06,50.33,12.9,1.32,101.4,12,50.09,80.91,73.99,66.85,62.92,70.63,66.35,66.69,169,431,130,245,243.75,301,115.75,169,210,11,14,2026-09-19 22:18:21.483951+00:00
US-2538715,Marlborough,Massachusetts,MA,,,2025,42772,579889.97,1.47,2.73,0.85,4.84,6.21,4,0.09,-98.76,1028.0,7.87,52.5,57.89,1.92,101.4,12,53.43,83.99,56.5,64.89,63.06,70.7,67.49,66.53,239,424,125,208,249.0,299,109.3,239,211,15,15,2026-09-19 22:18:21.483951+00:00
US-2526150,Gloucester,Massachusetts,MA,,,2025,30627,763015.15,0.27,2.96,3.34,6.06,7.66,77,2.51,-2.53,699.0,10.95,50.5,30.32,2.68,99.37,12,71.45,71.33,39.11,63.32,66.56,66.53,68.16,66.14,322,231,262,183,249.5,139,50.44,322,212,17,16,2026-09-19 22:18:21.483951+00:00
US-5584475,Wausau,Wisconsin,WI,,,2025,40188,237246.0,-0.1,0.44,7.1,8.08,7.72,63,1.57,-14.86,1564.0,1.23,90.83,0.46,2.18,100.49,12,61.19,70.06,68.41,66.1,64.93,67.15,65.9,66.02,197,301,232,269,249.75,104,39.03,197,213,14,15,2026-09-19 22:18:21.483951+00:00
US-3671894,Suffern,New York,NY,,,2025,11796,577745.96,0.25,3.25,0.16,4.55,6.49,0,0.0,,501.0,6.14,34.08,51.48,2.52,100.66,12,58.88,74.78,63.1,65.5,64.28,68.26,66.46,66.13,215,348,197,240,250.0,151,58.6,215,214,15,13,2026-09-19 22:18:21.483951+00:00
US-3458350,Phillipsburg,New Jersey,NJ,,,2025,15456,340378.35,-0.02,1.71,1.16,5.8,8.5,5,0.32,0.0,550.0,-3.0,38.92,24.53,2.64,101.37,12,71.94,60.77,64.08,66.07,67.41,64.62,66.13,66.06,200,198,351,255,251.0,153,62.1,200,215,35,35,2026-09-19 22:18:21.483951+00:00
US-2025425,Gardner,Kansas,KS,,,2025,26154,351053.79,1.49,11.63,3.23,3.35,6.08,153,5.85,10.07,1036.0,-0.1,51.08,-17.61,1.82,100.52,12,65.42,70.58,55.02,64.63,65.41,66.7,66.7,65.86,250,277,254,234,253.75,43,15.37,250,216,10,9,2026-09-19 22:18:21.483951+00:00
US-3911332,Canal Winchester,Ohio,OH,,,2025,10058,414143.73,0.79,9.43,0.83,2.89,6.74,62,6.16,29.17,532.0,7.47,31.67,19.87,2.15,99.32,12,72.36,73.06,32.48,62.64,66.59,66.76,68.69,66.17,369,229,247,171,254.0,198,72.09,369,217,28,10,2026-09-19 22:18:21.483951+00:00
US-5345865,Mill Creek,Washington,WA,,,2025,20902,976818.67,-0.14,-0.03,-0.9,3.13,8.6,0,0.0,-100.0,640.0,-3.32,24.08,33.18,1.32,99.99,12,64.01,66.44,69.61,66.26,65.58,66.19,65.66,65.92,191,268,277,282,254.5,91,37.0,191,218,6,7,2026-09-19 22:18:21.483951+00:00
US-0616532,Costa Mesa,California,CA,,,2025,108881,1358446.7,-0.12,-2.82,1.81,5.81,8.79,0,0.0,-100.0,1890.0,6.84,124.5,15.28,2.41,99.92,12,52.99,73.8,81.84,67.49,63.56,68.76,65.24,66.26,151,390,178,299,254.5,239,96.05,151,219,5,6,2026-09-19 22:18:21.483951+00:00
US-1736750,Huntley,Illinois,IL,,,2025,29132,420058.68,2.3,4.93,2.97,4.53,7.17,394,13.52,32.66,1938.0,6.13,136.75,-9.74,2.63,99.75,12,71.46,69.65,42.08,63.48,66.51,66.06,67.71,65.94,308,233,283,200,256.0,108,42.12,308,220,46,28,2026-09-19 22:18:21.483951+00:00
US-4532065,Hanahan,South Carolina,SC,,,2025,22415,409833.99,1.11,8.92,0.58,3.71,7.96,41,1.83,-57.73,914.0,2.81,79.42,-3.05,3.28,98.14,12,83.99,47.8,67.97,67.32,70.73,61.68,66.1,66.46,156,110,519,259,261.0,409,158.43,156,221,1,1,2026-09-19 22:18:21.483951+00:00
US-1664810,Post Falls,Idaho,ID,,,2025,46715,526117.27,1.96,18.81,1.43,-0.18,6.29,376,8.05,-2.84,2485.0,12.49,172.75,8.7,2.52,99.07,12,70.71,71.91,37.99,62.95,66.16,66.46,67.98,65.89,342,249,267,189,261.75,153,54.6,342,222,4,3,2026-09-19 22:18:21.483951+00:00
US-2952616,Nixa,Missouri,MO,,,2025,26597,317949.89,1.04,13.48,0.53,1.21,6.78,148,5.56,-22.92,1759.0,3.65,118.58,8.13,2.52,99.36,12,75.61,64.36,43.68,63.69,67.45,64.63,67.36,65.78,295,197,349,210,262.75,152,62.42,295,223,10,7,2026-09-19 22:18:21.483951+00:00
US-3656979,Peekskill,New York,NY,,,2025,25891,516318.11,0.24,2.19,0.32,5.42,6.35,0,0.0,,554.0,2.59,33.5,15.85,2.33,101.43,12,53.48,73.02,81.44,67.31,63.53,68.42,65.07,66.08,157,395,191,308,262.75,238,94.7,157,224,11,14,2026-09-19 22:18:21.483951+00:00
US-2634000,Grand Rapids,Michigan,MI,,,2025,201183,302919.48,0.9,1.26,2.61,4.57,7.3,801,3.98,-6.75,7327.0,5.73,301.08,25.06,1.48,100.75,12,61.41,83.41,35.52,62.64,64.13,69.63,68.72,66.28,368,360,158,169,263.75,210,100.37,368,225,13,4,2026-09-19 22:18:21.483951+00:00
US-2771032,Winona,Minnesota,MN,,,2025,26530,256886.68,0.19,2.11,4.4,5.24,6.65,19,0.72,90.0,763.0,6.12,33.83,20.47,1.63,99.53,12,57.33,76.29,61.58,65.03,63.66,68.4,66.29,65.84,234,384,192,247,264.25,192,72.06,234,226,3,3,2026-09-19 22:18:21.483951+00:00
US-3318820,Dover,New Hampshire,NH,,,2025,34623,544245.88,2.12,5.59,2.43,6.54,8.93,123,3.55,-76.02,1160.0,-5.77,81.17,14.99,2.54,100.5,12,84.32,55.84,44.96,64.51,69.87,62.75,67.57,66.18,254,133,464,206,264.25,331,123.11,254,227,7,7,2026-09-19 22:18:21.483951+00:00
US-3422470,Fair Lawn,New Jersey,NJ,,,2025,37128,690693.79,2.36,6.48,4.02,6.34,6.79,212,5.71,-2.75,724.0,6.16,56.75,16.61,2.92,103.58,12,69.67,73.53,36.01,62.61,65.78,66.75,68.04,65.8,371,262,248,187,267.0,184,66.34,371,228,56,36,2026-09-19 22:18:21.483951+00:00
US-3709060,Burlington,North Carolina,NC,,,2025,61496,254056.72,-0.04,6.84,-0.07,2.64,8.93,412,6.7,18.73,2595.0,8.22,213.0,8.49,3.03,97.79,12,86.28,55.4,40.61,64.06,70.17,62.45,67.82,66.12,280,124,476,194,268.5,352,131.93,280,229,2,5,2026-09-19 22:18:21.483951+00:00
US-2582000,Worcester,Massachusetts,MA,,,2025,213862,433359.19,0.9,5.64,1.15,5.38,7.59,470,2.2,-50.26,3994.0,-4.04,218.33,37.46,1.99,101.22,12,77.07,65.14,37.57,63.02,67.57,64.58,67.75,65.73,333,195,352,198,269.5,157,73.32,333,230,18,17,2026-09-19 22:18:21.483951+00:00
US-3956882,North Olmsted,Ohio,OH,,,2025,31542,270951.94,0.16,-2.57,5.51,6.33,7.95,10,0.32,-85.71,1223.0,4.26,41.5,16.08,1.25,100.78,12,49.66,81.31,70.62,65.97,62.3,70.21,66.0,66.12,202,471,141,266,270.0,330,124.18,202,231,9,11,2026-09-19 22:18:21.483951+00:00
US-3710740,Cary,North Carolina,NC,,,2025,183582,626322.3,0.77,5.04,-1.81,1.85,8.35,687,3.74,-34.7,5864.0,8.92,438.83,91.84,2.69,99.02,12,80.91,67.03,23.95,61.81,68.2,64.73,68.97,65.93,402,175,344,160,270.25,242,104.91,402,232,9,6,2026-09-19 22:18:21.483951+00:00
US-4514950,Clemson,South Carolina,SC,,,2025,18941,403638.97,1.88,6.66,2.81,3.97,7.48,48,2.53,-84.66,965.0,9.66,79.67,-20.13,3.18,97.13,12,77.73,52.95,68.13,66.66,68.86,62.66,65.62,65.95,177,155,469,286,271.75,314,124.22,177,233,2,2,2026-09-19 22:18:21.483951+00:00
US-5555750,Neenah,Wisconsin,WI,,,2025,27638,302873.01,0.71,0.91,5.9,6.57,7.94,169,6.11,31.01,1104.0,1.01,66.42,-9.74,2.24,101.45,12,64.97,71.33,51.7,63.88,64.89,66.48,66.5,65.44,285,302,266,239,273.0,63,23.4,285,234,19,16,2026-09-19 22:18:21.483951+00:00
US-3426640,Glen Rock,New Jersey,NJ,,,2025,12288,1025122.66,0.07,1.55,6.78,8.27,7.79,22,1.79,57.14,310.0,13.97,25.67,94.94,3.47,108.8,12,67.11,76.3,35.19,62.34,65.08,67.37,68.05,65.71,383,297,226,186,273.0,197,74.92,383,235,58,37,2026-09-19 22:18:21.483951+00:00
US-4263624,Reading,Pennsylvania,PA,,,2025,95832,263098.98,0.13,0.92,3.37,6.06,8.78,0,0.0,,2237.0,-8.69,104.33,18.34,1.72,99.77,12,69.4,56.47,79.54,67.41,67.04,63.81,64.59,65.71,153,207,403,335,274.5,250,99.36,153,236,15,16,2026-09-19 22:18:21.483951+00:00
US-3482423,Woodland Park,New Jersey,NJ,,,2025,13623,632032.2,0.03,1.31,2.21,5.48,6.44,1,0.07,,319.0,9.62,21.08,31.77,2.47,103.54,12,51.1,81.32,65.16,65.19,62.28,69.83,66.11,65.85,224,472,150,258,276.0,322,119.71,224,237,40,38,2026-09-19 22:18:21.483951+00:00
US-0649270,Moreno Valley,California,CA,,,2025,214263,549525.68,0.13,2.6,-2.85,1.34,6.84,309,1.44,-43.2,3772.0,9.4,305.92,16.72,2.98,100.3,12,61.58,72.81,56.72,64.3,64.22,67.03,66.15,65.43,264,351,238,252,276.25,113,44.13,264,238,8,7,2026-09-19 22:18:21.483951+00:00
US-4547275,Moncks Corner,South Carolina,SC,,,2025,20612,363523.16,11.45,53.36,0.74,1.53,7.01,243,11.79,-69.47,2194.0,4.43,205.33,-26.49,3.55,99.41,12,81.48,57.4,45.78,64.13,68.9,62.88,67.07,65.75,276,154,455,223,277.0,301,111.5,276,239,3,3,2026-09-19 22:18:21.483951+00:00
US-5362288,SeaTac,Washington,WA,,,2025,34578,583700.72,2.61,10.14,-1.4,1.93,5.17,13,0.38,-96.53,548.0,-4.36,19.5,-14.29,1.33,100.73,12,55.03,67.61,88.45,67.79,63.82,66.96,64.03,65.65,140,377,240,362,279.75,237,96.61,140,240,4,8,2026-09-19 22:18:21.483951+00:00
US-3956294,North Canton,Ohio,OH,,,2025,17692,284232.12,0.1,-0.79,4.05,5.23,6.9,14,0.79,7.69,677.0,11.35,24.75,4.95,1.35,99.37,12,47.4,82.31,73.28,66.09,61.76,70.48,65.7,66.01,199,505,136,281,280.25,369,139.57,199,241,8,12,2026-09-19 22:18:21.483951+00:00
US-3605100,Beacon,New York,NY,,,2025,14931,545376.08,0.45,4.2,4.44,6.25,8.3,69,4.62,86.49,383.0,0.79,35.83,-1.38,3.57,100.39,12,78.66,56.9,52.96,64.62,68.28,62.84,66.3,65.51,251,172,458,246,281.75,286,106.46,251,242,17,15,2026-09-19 22:18:21.483951+00:00
US-1784220,Zion,Illinois,IL,,,2025,24447,245649.86,0.02,-1.12,6.4,8.29,9.7,15,0.61,-50.0,761.0,7.94,59.67,12.05,2.89,99.61,12,60.55,68.46,70.09,65.7,64.36,66.33,65.07,65.36,212,341,273,309,283.75,129,47.9,212,243,32,29,2026-09-19 22:18:21.483951+00:00
US-5506500,Beloit,Wisconsin,WI,,,2025,36649,201805.37,-0.11,-0.25,7.21,8.78,9.69,32,0.87,-31.91,1390.0,-6.33,70.58,-18.64,1.86,100.13,12,64.51,59.86,81.62,67.16,65.68,64.52,64.13,65.37,161,265,358,355,284.75,197,80.63,161,244,10,17,2026-09-19 22:18:21.483951+00:00
US-3452320,North Arlington,New Jersey,NJ,,,2025,16601,615718.89,0.0,1.23,3.71,6.7,6.48,6,0.36,,293.0,24.15,24.08,22.46,3.28,103.73,12,51.19,80.78,64.89,64.97,62.12,69.52,65.87,65.62,236,480,161,273,287.5,319,118.24,236,245,44,39,2026-09-19 22:18:21.483951+00:00
US-2047225,Mission,Kansas,KS,,,2025,10125,325813.53,1.29,1.81,2.98,4.93,6.7,4,0.4,-94.87,435.0,-0.91,13.75,16.2,1.17,100.76,12,56.52,72.83,69.12,65.38,63.3,67.38,65.12,65.3,219,407,225,305,289.0,188,76.12,219,246,9,10,2026-09-19 22:18:21.483951+00:00
US-1727624,Frankfort,Illinois,IL,,,2025,21365,495942.53,0.98,5.17,4.39,5.31,7.1,115,5.38,11.65,814.0,4.36,58.33,-16.37,2.67,99.17,12,71.15,62.52,56.13,64.38,66.31,64.15,65.77,65.15,260,243,385,279,291.75,142,55.32,260,247,37,30,2026-09-19 22:18:21.483951+00:00
US-1705092,Belvidere,Illinois,IL,,,2025,25462,253810.71,0.13,0.74,6.03,6.96,8.24,37,1.45,15.63,773.0,-0.51,31.83,25.66,1.49,99.88,12,66.04,70.0,49.85,63.38,64.8,65.79,66.2,65.04,316,308,296,251,292.75,65,25.13,316,248,47,31,2026-09-19 22:18:21.483951+00:00
US-3728080,Greenville,North Carolina,NC,,,2025,96443,236042.34,1.25,6.05,1.24,2.89,8.25,855,8.87,1.42,3698.0,4.05,261.67,5.3,2.62,98.49,12,82.62,57.79,39.38,63.12,68.68,62.48,67.12,65.35,328,159,475,221,295.75,316,119.85,328,249,5,7,2026-09-19 22:18:21.483951+00:00
US-4529815,Goose Creek,South Carolina,SC,,,2025,52010,320538.31,2.52,12.25,-0.92,1.94,6.95,426,8.19,-15.31,2985.0,17.15,287.0,19.92,3.52,99.26,12,77.21,67.32,28.46,61.56,66.93,64.46,67.88,65.21,421,212,365,190,297.0,231,98.33,421,250,4,4,2026-09-19 22:18:21.483951+00:00
US-4459000,Providence,Rhode Island,RI,,,2025,195310,428532.32,0.55,2.41,1.04,5.79,8.21,324,1.66,20.45,4131.0,-1.31,263.25,29.79,2.33,100.44,12,73.24,64.21,45.69,63.19,66.4,64.14,66.42,65.04,326,237,386,241,297.5,149,62.24,326,251,5,6,2026-09-19 22:18:21.483951+00:00
US-3432910,Hopatcong,New Jersey,NJ,,,2025,14824,452488.97,0.49,3.43,8.11,9.47,10.06,8,0.54,-38.46,651.0,-10.7,44.33,33.0,2.56,104.11,12,79.59,54.24,55.85,64.78,68.42,62.09,65.81,65.28,245,169,500,277,297.75,331,123.18,245,252,46,40,2026-09-19 22:18:21.483951+00:00
US-2955766,Ozark,Missouri,MO,,,2025,23544,315967.76,1.31,10.02,0.78,1.76,7.04,179,7.6,-5.29,1280.0,8.11,92.08,10.06,2.73,98.77,12,76.87,63.97,37.75,62.57,67.13,63.91,67.15,65.19,373,202,399,218,298.0,197,88.66,373,253,13,8,2026-09-19 22:18:21.483951+00:00
US-1751349,Mundelein,Illinois,IL,,,2025,32680,379014.38,0.6,3.6,5.49,6.06,7.13,67,2.05,-36.79,1253.0,3.04,82.33,22.73,2.51,100.2,12,67.87,68.84,47.41,63.09,65.09,65.33,66.26,64.94,330,295,318,250,298.25,80,30.56,330,254,50,32,2026-09-19 22:18:21.483951+00:00
US-3735600,Kernersville,North Carolina,NC,,,2025,29128,322718.52,1.53,9.65,1.74,2.24,6.88,249,8.55,-32.52,1663.0,18.45,122.75,8.39,2.73,98.16,12,74.44,66.48,37.31,62.37,66.48,64.49,67.15,65.12,382,234,361,220,299.25,162,72.8,382,255,8,8,2026-09-19 22:18:21.483951+00:00
US-3962498,Pickerington,Ohio,OH,,,2025,26333,418953.97,1.82,13.37,1.22,2.82,6.92,136,5.16,0.0,1217.0,1.84,76.42,22.92,2.28,99.52,12,77.42,65.01,32.59,61.87,66.97,63.87,67.35,65.01,397,209,401,212,304.75,192,94.27,397,256,32,13,2026-09-19 22:18:21.483951+00:00
US-3643874,Lynbrook,New York,NY,,,2025,20855,730144.59,0.12,2.03,2.92,4.6,5.27,1,0.05,-94.12,540.0,13.45,36.67,-4.35,2.49,100.36,12,41.0,81.11,91.25,67.6,60.57,70.6,64.07,65.71,146,584,133,358,305.25,451,184.06,146,257,10,16,2026-09-19 22:18:21.483951+00:00
US-2638640,Holland,Michigan,MI,,,2025,35372,365565.52,1.09,2.98,3.66,3.62,7.16,33,0.93,-85.33,1288.0,1.66,47.67,28.83,1.41,99.0,12,66.61,67.51,52.84,63.48,64.81,65.04,65.64,64.74,309,306,327,283,306.25,44,15.64,309,258,10,5,2026-09-19 22:18:21.483951+00:00
US-3341300,Lebanon,New Hampshire,NH,,,2025,15481,460133.19,1.08,8.19,3.48,6.22,9.79,129,8.33,-6.52,454.0,-10.63,29.08,2.05,2.38,99.97,12,88.11,51.08,42.37,63.71,70.14,60.88,66.87,65.4,293,127,577,228,306.25,450,167.13,293,259,8,8,2026-09-19 22:18:21.483951+00:00
US-2951572,Neosho,Missouri,MO,,,2025,14078,225406.01,2.03,10.62,3.44,4.27,8.61,44,3.13,-51.65,551.0,2.99,46.67,35.59,3.12,98.8,12,89.02,53.9,33.36,62.81,70.13,61.35,67.65,65.49,359,128,539,202,307.0,411,157.79,359,260,12,9,2026-09-19 22:18:21.483951+00:00
US-3421480,Englewood,New Jersey,NJ,,,2025,30035,619508.32,-0.07,2.76,0.73,5.19,6.25,10,0.33,-47.37,694.0,17.03,79.67,2.47,4.5,100.8,12,54.23,69.72,81.28,66.41,62.94,66.81,63.91,65.02,188,430,246,365,307.25,242,95.36,188,261,34,41,2026-09-19 22:18:21.483951+00:00
US-1850976,Mooresville,Indiana,IN,,,2025,10173,310392.94,1.42,7.79,2.52,3.26,6.9,51,5.01,-12.07,417.0,12.4,24.42,33.18,2.16,98.53,12,72.79,71.87,26.97,61.01,65.64,65.41,67.79,64.96,464,266,313,196,309.75,268,98.31,464,262,10,5,2026-09-19 22:18:21.483951+00:00
US-1814716,Columbia City,Indiana,IN,,,2025,10256,281509.09,0.66,2.89,5.01,5.58,7.67,21,2.05,-57.14,455.0,0.89,20.0,7.62,1.65,98.39,12,71.43,59.87,59.87,64.49,66.23,63.34,65.07,64.78,256,247,432,307,310.5,185,73.79,256,263,5,6,2026-09-19 22:18:21.483951+00:00
US-1729756,Glen Ellyn,Illinois,IL,,,2025,28750,555666.72,-0.04,-0.71,6.93,7.03,6.75,16,0.56,-23.81,1093.0,8.11,65.17,4.97,2.21,101.22,12,45.42,81.5,76.52,65.82,60.91,69.93,64.77,65.36,207,564,146,325,310.5,418,159.88,207,264,31,33,2026-09-19 22:18:21.483951+00:00
US-5560200,Oregon,Wisconsin,WI,,,2025,12015,491424.47,1.43,6.9,2.55,5.39,6.99,84,6.99,-37.31,675.0,21.62,58.0,38.37,3.28,99.9,12,72.89,74.97,19.12,60.18,65.45,65.97,68.45,65.01,506,274,289,175,311.0,331,120.8,506,265,42,18,2026-09-19 22:18:21.483951+00:00
US-4233408,Hazleton,Pennsylvania,PA,,,2025,30286,220989.16,0.19,1.46,6.12,3.83,7.89,5,0.17,0.0,591.0,3.5,39.33,25.2,2.5,98.9,12,67.28,61.09,66.95,65.03,65.37,63.82,64.46,64.67,233,279,402,341,313.75,169,63.75,233,266,18,17,2026-09-19 22:18:21.483951+00:00
US-1243425,Mascotte,Florida,FL,,,2025,10150,322129.45,11.07,50.71,-4.65,-0.96,6.72,331,32.61,6.43,918.0,44.34,86.42,11.99,3.5,98.84,12,77.64,66.51,27.74,61.27,66.82,64.03,67.64,64.94,448,219,393,203,315.75,245,106.69,448,267,1,1,2026-09-19 22:18:21.483951+00:00
US-3453280,North Plainfield,New Jersey,NJ,,,2025,22879,501151.25,-0.21,0.59,-0.92,7.19,8.47,0,0.0,,422.0,-3.87,28.83,36.22,2.51,103.06,12,66.39,61.55,67.99,65.09,65.18,63.97,64.37,64.65,229,292,398,346,316.25,169,62.79,229,268,42,42,2026-09-19 22:18:21.483951+00:00
US-3437110,Kinnelon,New Jersey,NJ,,,2025,10138,824619.2,0.35,1.74,4.05,6.19,6.79,0,0.0,-100.0,289.0,-4.3,19.58,0.0,2.49,102.69,12,57.62,61.09,93.5,67.81,64.05,64.91,62.77,64.88,138,363,336,435,318.0,297,110.04,138,269,27,43,2026-09-19 22:18:21.483951+00:00
US-3421000,Elizabeth,New Jersey,NJ,,,2025,141675,538424.09,0.08,3.71,3.8,8.34,9.55,336,2.37,182.35,1304.0,-6.05,124.08,1.5,3.51,102.07,12,80.4,50.2,61.88,65.2,68.56,61.01,64.96,64.93,223,166,570,314,318.25,404,154.64,223,270,39,44,2026-09-19 22:18:21.483951+00:00
US-4977120,Tremonton,Utah,UT,,,2025,12934,423879.41,2.31,29.73,2.81,2.64,7.64,107,8.27,8.08,543.0,12.89,71.08,23.44,4.78,99.05,12,87.95,57.15,25.54,61.57,69.35,61.65,67.85,65.11,420,143,521,192,319.0,378,156.61,420,271,3,2,2026-09-19 22:18:21.483951+00:00
US-2546330,Northampton,Massachusetts,MA,,,2025,31047,484106.39,-0.89,5.97,0.99,4.62,6.4,22,0.71,-62.07,735.0,0.96,43.92,40.16,2.34,102.58,12,64.08,70.83,50.19,62.97,64.02,65.71,65.73,64.61,338,365,299,280,320.5,85,33.12,338,272,19,18,2026-09-19 22:18:21.483951+00:00
US-0937000,Hartford,Connecticut,CT,,,2025,121981,204578.82,0.11,1.25,6.05,7.1,8.29,12,0.1,100.0,1615.0,-11.02,120.5,-3.98,2.76,101.28,12,68.9,50.95,89.54,67.78,66.61,62.12,62.89,64.85,141,228,494,429,323.0,353,143.72,141,273,16,19,2026-09-19 22:18:21.483951+00:00
US-2657100,New Baltimore,Michigan,MI,,,2025,12123,358373.76,0.35,0.21,4.04,4.81,6.8,33,2.72,73.68,435.0,20.5,25.83,2.31,2.26,99.57,12,50.48,81.88,59.28,63.67,61.22,69.07,65.49,64.87,296,541,171,288,324.0,370,134.7,296,274,9,6,2026-09-19 22:18:21.483951+00:00
US-4241440,Lansdowne,Pennsylvania,PA,,,2025,11141,279722.57,-0.06,0.51,0.56,3.68,7.52,1,0.09,0.0,384.0,-0.26,21.25,16.44,2.21,99.92,12,59.79,64.9,75.33,65.46,63.65,64.93,63.64,64.42,217,385,333,377,328.0,168,67.07,217,275,17,18,2026-09-19 22:18:21.483951+00:00
US-5519775,De Pere,Wisconsin,WI,,,2025,25590,397709.62,0.45,0.73,5.68,6.35,8.4,129,5.04,-3.73,973.0,6.22,69.25,19.91,2.71,100.99,12,66.75,73.84,35.41,61.4,64.17,65.95,66.8,64.58,436,357,290,230,328.25,206,76.73,436,276,34,19,2026-09-19 22:18:21.483951+00:00
US-3440350,Linden,New Jersey,NJ,,,2025,45752,551297.33,0.04,5.13,3.7,7.81,9.61,47,1.03,-34.72,820.0,-14.05,70.67,15.53,3.16,102.1,12,83.67,46.92,61.65,65.3,69.34,60.15,64.93,64.93,221,144,630,318,328.25,486,184.8,221,277,38,45,2026-09-19 22:18:21.483951+00:00
US-2302100,Augusta,Maine,ME,,,2025,19155,276837.3,-0.13,1.18,-2.88,4.44,9.32,26,1.36,-7.14,722.0,14.6,59.33,39.61,3.02,98.65,12,71.33,65.61,43.35,62.33,65.41,63.99,65.96,64.42,384,275,396,267,330.5,129,59.72,384,278,7,7,2026-09-19 22:18:21.483951+00:00
US-2653780,Midland,Michigan,MI,,,2025,42806,239447.81,0.34,0.38,4.27,5.11,6.64,57,1.33,-76.92,807.0,11.46,29.75,19.8,1.36,99.75,12,49.0,84.95,55.61,63.24,60.78,69.77,65.84,64.91,324,571,154,274,330.75,417,151.84,324,279,12,7,2026-09-19 22:18:21.483951+00:00
US-5525950,Fitchburg,Wisconsin,WI,,,2025,34615,508541.84,1.19,10.6,2.03,5.71,7.05,475,13.72,17.87,1163.0,3.01,97.42,6.95,3.17,100.34,12,77.44,63.33,33.64,61.55,66.63,63.11,66.71,64.5,423,226,445,233,331.75,219,102.58,423,280,30,20,2026-09-19 22:18:21.483951+00:00
US-3932592,Grove City,Ohio,OH,,,2025,45180,329535.67,2.95,9.34,1.24,3.17,6.8,261,5.78,-64.59,2240.0,9.91,166.92,27.74,2.73,99.36,12,73.18,69.88,27.7,60.66,65.37,64.55,67.15,64.43,475,280,356,219,332.5,256,95.52,475,281,41,14,2026-09-19 22:18:21.483951+00:00
US-2577890,West Springfield Town,Massachusetts,MA,,,2025,28829,357807.02,0.02,0.22,3.07,5.24,6.79,6,0.21,-14.29,701.0,-1.41,27.58,4.75,1.5,100.97,12,50.22,72.53,81.96,65.97,61.68,67.25,63.44,64.58,203,511,229,389,333.0,308,125.04,203,282,13,19,2026-09-19 22:18:21.483951+00:00
US-5560500,Oshkosh,Wisconsin,WI,,,2025,67460,253806.15,0.5,0.78,5.97,6.57,7.58,110,1.63,-58.96,2429.0,4.61,165.25,12.73,2.51,99.79,12,61.81,69.12,58.69,63.59,63.53,65.36,64.78,64.32,299,396,316,323,333.5,97,37.12,299,283,21,21,2026-09-19 22:18:21.483951+00:00
US-1742795,Lemont,Illinois,IL,,,2025,18513,565520.18,1.68,3.99,6.12,5.42,6.97,156,8.43,14.71,600.0,9.89,44.92,1.13,2.87,99.52,12,67.04,69.97,42.77,62.0,64.28,65.01,65.93,64.31,393,349,329,268,334.75,125,44.96,393,284,65,34,2026-09-19 22:18:21.483951+00:00
US-3918868,Coshocton,Ohio,OH,,,2025,11169,164824.01,0.5,1.22,5.43,5.16,7.56,3,0.27,0.0,530.0,11.11,39.67,3.25,2.77,97.37,12,63.46,58.42,81.92,66.31,64.72,63.46,63.04,64.38,190,312,423,415,335.0,233,94.47,190,285,7,15,2026-09-19 22:18:21.483951+00:00
US-2642820,Kentwood,Michigan,MI,,,2025,54776,329647.31,0.39,0.9,4.16,4.51,7.68,91,1.66,-9.0,1912.0,-5.58,72.17,-9.7,1.39,99.82,12,63.27,62.35,71.75,65.07,64.27,64.04,63.71,64.27,230,350,391,374,336.25,161,63.05,230,286,5,8,2026-09-19 22:18:21.483951+00:00
US-5363735,Shelton,Washington,WA,,,2025,10921,425797.78,1.6,4.67,0.12,1.25,5.39,10,0.92,-76.19,447.0,16.41,29.25,8.33,2.47,99.59,12,49.35,78.51,69.11,64.49,61.06,68.35,64.44,64.59,257,553,193,342,336.25,360,135.84,257,287,9,9,2026-09-19 22:18:21.483951+00:00
US-1749607,Minooka,Illinois,IL,,,2025,12899,366754.47,0.21,1.23,3.56,6.15,7.3,18,1.4,200.0,451.0,23.56,32.67,39.5,2.74,99.36,12,61.17,76.13,42.87,61.83,62.91,66.65,66.07,64.37,399,432,256,261,337.0,176,79.38,399,288,66,35,2026-09-19 22:18:21.483951+00:00
US-3968056,Rocky River,Ohio,OH,,,2025,21397,392835.38,0.18,-1.49,6.48,6.44,7.37,3,0.14,-94.83,995.0,4.3,46.0,11.29,1.69,99.73,12,49.35,74.67,78.37,65.47,61.3,67.63,63.64,64.51,216,537,219,376,337.0,321,132.37,216,289,12,16,2026-09-19 22:18:21.483951+00:00
US-2954074,O'Fallon,Missouri,MO,,,2025,96101,375148.02,1.05,4.83,0.84,2.78,5.9,446,4.64,-7.85,3429.0,6.89,120.92,14.43,1.28,100.3,12,55.23,83.55,41.03,61.59,61.6,68.68,66.56,64.61,418,517,182,237,338.5,335,135.07,418,290,17,10,2026-09-19 22:18:21.483951+00:00
US-1672100,Sandpoint,Idaho,ID,,,2025,10645,629398.28,2.62,21.99,1.0,1.07,7.99,163,15.31,79.12,602.0,22.36,85.42,-0.29,5.39,97.48,12,90.14,49.76,37.44,62.83,70.12,60.02,66.7,64.92,357,129,637,235,339.5,508,189.76,357,291,5,4,2026-09-19 22:18:21.483951+00:00
US-0566080,Springdale,Arkansas,AR,,,2025,90685,334263.25,1.15,3.85,2.9,3.83,9.01,440,4.85,-40.3,3434.0,13.11,281.58,52.69,3.03,98.68,12,80.59,65.01,20.95,60.22,66.97,63.07,67.61,64.47,502,210,447,204,340.75,298,135.17,502,292,3,3,2026-09-19 22:18:21.483951+00:00
US-3948790,Medina,Ohio,OH,,,2025,25692,372418.33,-0.11,-1.43,3.65,4.7,7.14,8,0.31,60.0,964.0,6.52,31.33,5.62,1.24,99.25,12,47.02,76.6,79.61,65.52,60.78,68.18,63.59,64.52,214,570,200,380,341.0,370,149.98,214,293,11,17,2026-09-19 22:18:21.483951+00:00
US-3413690,Clifton,New Jersey,NJ,,,2025,91127,597731.86,0.11,1.76,3.92,7.16,7.63,56,0.61,-63.87,1847.0,1.09,138.25,42.65,2.76,104.84,12,66.87,66.86,50.43,62.75,64.4,64.4,65.22,64.19,362,334,373,300,342.25,73,28.23,362,294,55,46,2026-09-19 22:18:21.483951+00:00
US-2923086,Excelsior Springs,Missouri,MO,,,2025,10819,227883.2,1.13,2.29,1.08,4.51,7.53,11,1.02,-81.36,525.0,1.55,32.17,14.88,2.25,98.97,12,68.0,60.74,62.31,64.04,64.97,63.15,64.16,64.08,281,300,444,352,344.25,163,63.18,281,295,9,11,2026-09-19 22:18:21.483951+00:00
US-3759280,Sanford,North Carolina,NC,,,2025,34138,289725.35,3.07,12.94,0.89,3.4,9.13,554,16.23,27.36,1890.0,4.25,178.5,-1.24,3.65,98.18,12,91.93,47.7,37.5,62.84,70.5,59.44,66.58,64.84,356,118,679,236,347.25,561,209.2,356,296,6,9,2026-09-19 22:18:21.483951+00:00
US-1753442,North Aurora,Illinois,IL,,,2025,19406,392584.03,0.01,5.97,3.11,5.12,7.26,61,3.14,35.56,719.0,-5.52,51.17,0.82,2.76,101.05,12,74.66,55.54,58.02,63.81,66.43,61.65,64.4,64.07,290,235,522,345,348.0,287,107.72,290,297,42,36,2026-09-19 22:18:21.483951+00:00
US-5550825,Menasha,Wisconsin,WI,,,2025,18385,305860.56,-0.11,0.59,6.53,6.53,7.88,31,1.69,63.16,639.0,-3.18,40.08,-2.04,2.38,101.38,12,62.93,63.3,68.87,64.54,63.93,64.02,63.69,64.05,253,370,395,375,348.25,142,55.78,253,298,17,22,2026-09-19 22:18:21.483951+00:00
US-1860822,Plymouth,Indiana,IN,,,2025,11081,242691.88,0.5,8.62,3.41,5.25,7.33,15,1.35,-67.39,278.0,-3.81,14.5,-39.79,1.99,97.24,12,78.55,45.04,77.12,66.46,68.28,59.9,63.33,64.49,186,171,649,395,350.25,478,193.88,186,299,3,7,2026-09-19 22:18:21.483951+00:00
US-4214712,Coatesville,Pennsylvania,PA,,,2025,13283,386075.43,-0.28,-0.45,4.16,4.66,7.36,1,0.08,,336.0,12.0,16.92,37.16,1.88,98.78,12,53.75,75.5,62.38,63.52,61.57,67.01,64.4,64.12,303,520,239,343,351.25,281,104.25,303,300,22,19,2026-09-19 22:18:21.483951+00:00
US-3953102,Mount Vernon,Ohio,OH,,,2025,17287,245791.49,0.37,1.28,6.31,6.37,7.86,126,7.29,384.62,749.0,22.39,52.67,8.22,2.67,98.61,12,66.23,71.4,39.6,61.38,63.79,65.08,65.89,64.03,438,380,323,270,352.75,168,62.74,438,301,36,18,2026-09-19 22:18:21.483951+00:00
US-3775060,Winterville,North Carolina,NC,,,2025,10973,276101.77,0.74,4.42,1.63,3.12,8.19,71,6.47,44.9,476.0,0.21,35.08,-11.37,2.73,99.08,12,78.42,54.38,51.13,63.18,67.11,61.1,64.87,64.07,327,204,562,319,353.0,358,130.11,327,302,4,10,2026-09-19 22:18:21.483951+00:00
US-2659140,Norton Shores,Michigan,MI,,,2025,25088,292509.91,0.15,0.27,3.09,3.6,7.02,23,0.92,-36.11,1133.0,8.73,50.75,-5.29,1.63,98.18,12,53.43,69.85,77.11,65.1,61.91,66.01,63.19,64.05,228,493,287,406,353.5,265,102.94,228,303,4,9,2026-09-19 22:18:21.483951+00:00
US-5535950,Howard,Wisconsin,WI,,,2025,22233,386920.85,1.16,11.2,4.94,6.22,7.52,194,8.73,5.43,745.0,-8.25,54.67,-5.2,2.74,101.1,12,82.62,52.87,45.17,62.84,68.08,60.64,65.49,64.26,355,179,593,289,354.0,414,151.63,355,304,23,23,2026-09-19 22:18:21.483951+00:00
US-1781048,Wheaton,Illinois,IL,,,2025,54065,496671.01,1.32,0.32,6.04,6.64,6.22,9,0.17,-97.35,1798.0,3.63,91.33,-0.72,1.97,101.33,12,42.99,77.93,86.5,66.1,60.0,68.74,63.07,64.48,198,625,180,413,354.0,445,181.34,198,305,28,37,2026-09-19 22:18:21.483951+00:00
US-2057575,Prairie Village,Kansas,KS,,,2025,23008,479906.85,0.46,0.2,5.77,6.0,6.78,73,3.17,30.36,1342.0,2.6,46.75,-6.81,1.32,101.49,12,50.0,80.14,61.23,63.36,60.73,68.26,64.69,64.26,319,575,196,329,354.75,379,137.53,319,306,11,11,2026-09-19 22:18:21.483951+00:00
US-1782400,Winfield,Illinois,IL,,,2025,10146,456809.94,-0.12,3.3,4.89,6.4,6.56,2,0.2,-33.33,410.0,-6.82,21.83,-4.38,2.08,100.58,12,59.97,59.44,87.24,66.6,63.9,63.77,62.46,64.18,180,373,406,461,355.0,281,105.81,180,307,25,38,2026-09-19 22:18:21.483951+00:00
US-5566000,Racine,Wisconsin,WI,,,2025,77908,211298.2,-0.1,-0.33,4.77,8.64,8.86,292,3.75,2820.0,2653.0,-0.52,130.0,3.59,1.83,100.15,12,63.67,68.42,53.36,62.75,63.55,64.73,64.77,63.95,363,393,343,324,355.75,69,25.55,363,308,24,24,2026-09-19 22:18:21.483951+00:00
US-5514575,Chippewa Falls,Wisconsin,WI,,,2025,15293,335952.21,1.39,3.84,3.11,4.42,6.78,23,1.5,-85.8,584.0,27.79,50.0,52.28,3.22,99.63,12,63.96,74.28,38.49,61.21,63.24,65.82,66.06,64.08,451,414,295,263,355.75,188,78.67,451,309,36,25,2026-09-19 22:18:21.483951+00:00
US-2125300,Erlanger,Kentucky,KY,,,2025,20158,247063.18,0.27,2.41,0.15,3.35,6.33,23,1.14,-37.84,713.0,8.69,24.33,18.7,1.31,98.91,12,54.04,76.64,58.27,63.01,61.46,67.1,64.63,64.05,334,526,234,334,357.0,292,105.77,334,310,1,1,2026-09-19 22:18:21.483951+00:00
US-3440440,Lindenwold,New Jersey,NJ,,,2025,21952,262541.0,0.31,1.59,5.07,9.05,12.64,1,0.05,,383.0,-0.52,36.25,85.11,3.51,100.88,12,73.36,56.42,57.72,63.52,65.93,61.69,64.17,63.83,304,257,518,351,357.5,261,98.44,304,311,51,47,2026-09-19 22:18:21.483951+00:00
US-2974626,Union,Missouri,MO,,,2025,13445,252524.17,1.79,8.59,3.87,4.09,6.2,144,10.71,2.13,549.0,19.61,42.25,0.6,2.82,99.2,12,64.13,73.39,40.0,61.34,63.29,65.61,65.89,64.03,444,409,308,271,358.0,173,70.83,444,312,19,12,2026-09-19 22:18:21.483951+00:00
US-1704078,Batavia,Illinois,IL,,,2025,26586,455334.16,-0.15,0.34,4.33,5.63,7.16,64,2.41,25.49,1046.0,4.39,60.5,12.04,2.2,101.33,12,55.37,77.12,53.69,62.56,61.64,67.08,64.99,64.07,374,514,235,311,358.5,279,102.38,374,313,61,39,2026-09-19 22:18:21.483951+00:00
US-5510025,Brookfield,Wisconsin,WI,,,2025,41448,517086.98,0.74,-0.07,5.64,6.18,6.8,23,0.55,-90.65,1490.0,11.03,86.25,33.89,2.29,101.43,12,49.09,83.63,55.2,62.71,60.37,69.0,65.24,64.33,364,600,174,298,359.0,426,154.96,364,314,25,26,2026-09-19 22:18:21.483951+00:00
US-1311784,Buford,Georgia,GA,,,2025,18780,475756.86,-0.04,9.63,-2.85,0.73,8.03,61,3.25,17.31,734.0,18.39,82.42,57.99,4.08,98.24,12,85.27,57.3,26.48,60.78,68.06,61.07,66.8,64.18,470,180,565,231,361.5,385,160.59,470,315,2,2,2026-09-19 22:18:21.483951+00:00
US-1882700,Westfield,Indiana,IN,,,2025,66258,466783.02,5.31,40.92,2.77,2.09,6.8,1681,25.37,0.42,5016.0,3.89,291.5,18.58,2.14,98.87,12,78.86,65.07,22.37,59.91,66.25,62.8,67.01,63.99,522,245,460,225,363.0,297,130.06,522,316,14,8,2026-09-19 22:18:21.483951+00:00
US-0956200,Norwich,Connecticut,CT,,,2025,40001,293811.1,-0.08,-0.08,8.48,9.4,11.0,79,1.97,426.67,1588.0,0.0,106.0,15.64,2.46,100.94,12,65.25,66.23,53.56,62.67,63.79,64.04,64.52,63.75,366,379,392,340,369.25,52,19.23,366,317,20,20,2026-09-19 22:18:21.483951+00:00
US-1751622,Naperville,Illinois,IL,,,2025,153114,606592.8,0.37,2.5,5.34,6.75,7.68,228,1.49,-38.21,4917.0,-2.27,333.25,7.38,2.56,99.65,12,70.22,56.42,64.24,63.9,65.18,61.73,63.41,63.56,283,291,513,390,369.25,230,93.08,283,318,41,40,2026-09-19 22:18:21.483951+00:00
US-3757640,Rolesville,North Carolina,NC,,,2025,12839,497624.92,8.46,32.1,-2.65,-0.57,7.11,622,48.45,67.65,1271.0,38.3,125.75,44.26,3.71,99.21,12,82.53,67.61,7.65,58.59,66.82,63.09,68.33,64.21,636,218,446,178,369.5,458,184.73,636,319,13,11,2026-09-19 22:18:21.483951+00:00
US-1766027,Round Lake,Illinois,IL,,,2025,18526,322957.49,-0.13,-0.87,4.79,6.59,8.38,2,0.11,-33.33,622.0,-2.2,38.5,1.54,2.31,99.76,12,59.26,59.69,86.52,66.23,63.48,63.59,62.18,63.87,193,399,416,478,371.5,285,107.17,193,320,26,41,2026-09-19 22:18:21.483951+00:00
US-1774223,Sycamore,Illinois,IL,,,2025,19083,314599.48,1.19,2.33,4.35,6.21,6.93,99,5.19,120.0,1008.0,28.24,75.08,20.29,2.73,99.48,12,61.82,77.27,34.51,60.4,62.36,66.22,66.04,63.76,491,461,276,264,373.0,227,103.63,491,321,76,42,2026-09-19 22:18:21.483951+00:00
US-4526890,Fort Mill,South Carolina,SC,,,2025,38673,529092.99,6.81,53.49,-0.78,2.2,7.94,897,23.19,-15.85,1748.0,10.91,158.75,44.1,3.59,98.82,12,89.98,60.1,7.72,58.96,68.68,61.21,68.31,64.29,604,160,551,179,373.5,444,204.97,604,322,8,5,2026-09-19 22:18:21.483951+00:00
US-1732746,Hanover Park,Illinois,IL,,,2025,36568,322310.06,-0.16,-2.06,3.57,6.12,7.19,0,0.0,,976.0,2.95,58.25,8.88,2.17,100.89,12,45.23,74.15,87.39,65.89,60.23,67.46,62.46,64.01,204,612,223,460,374.75,408,170.1,204,323,29,43,2026-09-19 22:18:21.483951+00:00
US-3418400,Dumont,New Jersey,NJ,,,2025,18501,645621.04,-0.01,3.69,5.78,7.74,7.24,13,0.7,333.33,383.0,-4.25,29.75,7.21,3.33,103.93,12,69.4,53.86,72.89,64.83,65.26,61.37,62.75,63.56,242,286,537,436,375.25,295,117.87,242,324,45,48,2026-09-19 22:18:21.483951+00:00
US-3448300,Morristown,New Jersey,NJ,,,2025,20750,868632.71,0.47,3.16,4.13,6.4,6.77,65,3.13,-5.8,432.0,-9.62,16.33,-30.25,1.45,103.49,12,62.08,64.25,65.01,63.58,63.17,63.72,63.35,63.45,300,417,410,392,379.75,117,46.94,300,325,49,49,2026-09-19 22:18:21.483951+00:00
US-4745500,Manchester,Tennessee,TN,,,2025,13776,320317.05,1.79,12.3,2.91,3.38,8.92,114,8.28,12.87,712.0,30.88,84.33,36.39,4.38,97.72,12,91.05,54.44,18.03,59.98,69.12,59.96,67.28,64.08,515,149,642,214,380.0,493,204.81,515,326,5,3,2026-09-19 22:18:21.483951+00:00
US-3964486,Powell,Ohio,OH,,,2025,18269,571325.17,6.3,28.14,0.7,2.54,6.04,49,2.68,-2.0,563.0,5.63,40.0,36.75,2.78,100.08,12,68.86,69.19,35.12,60.54,63.9,63.98,65.64,63.52,480,372,397,284,383.25,196,69.87,480,327,42,19,2026-09-19 22:18:21.483951+00:00
US-5563250,Platteville,Wisconsin,WI,,,2025,11815,258180.96,-0.27,-0.21,6.26,4.73,6.08,1,0.08,-75.0,346.0,23.13,17.42,-17.72,1.99,98.62,12,38.98,78.06,94.63,66.57,59.05,68.82,62.13,64.15,182,709,176,480,386.75,533,222.98,182,328,12,27,2026-09-19 22:18:21.483951+00:00
US-4913850,Clearfield,Utah,UT,,,2025,35144,420986.34,1.02,10.14,2.1,2.23,7.04,33,0.94,-81.77,789.0,-10.95,58.42,3.39,2.75,99.81,12,77.04,46.23,72.54,65.13,67.12,59.42,62.73,63.6,225,203,684,438,387.5,481,194.24,225,329,1,3,2026-09-19 22:18:21.483951+00:00
US-0283080,Wasilla,Alaska,AK,,,2025,10556,413366.05,2.47,15.83,6.69,4.31,5.63,64,6.06,8.47,379.0,11.14,26.75,18.45,2.68,100.06,12,62.58,76.04,33.93,60.13,62.32,65.68,65.77,63.48,507,466,300,278,387.75,229,100.11,507,330,1,1,2026-09-19 22:18:21.483951+00:00
US-2017800,Derby,Kansas,KS,,,2025,26606,282587.95,0.38,3.46,-0.44,2.92,5.9,148,5.56,72.09,1370.0,7.87,63.33,-17.3,1.76,99.66,12,51.94,78.67,55.68,62.23,60.52,67.2,64.34,63.57,388,586,230,347,387.75,356,128.31,388,331,12,12,2026-09-19 22:18:21.483951+00:00
US-3451210,New Brunswick,New Jersey,NJ,,,2025,57133,448076.49,0.23,3.33,0.49,6.14,6.51,46,0.81,6.98,630.0,7.14,77.25,-7.11,4.63,100.6,12,59.38,61.42,79.13,65.03,62.95,63.46,62.27,63.43,232,429,422,473,389.0,241,92.73,232,332,43,50,2026-09-19 22:18:21.483951+00:00
US-2961238,Republic,Missouri,MO,,,2025,22404,266269.08,5.87,19.46,1.12,1.64,7.22,249,11.11,-53.2,1472.0,12.02,113.42,-12.31,2.95,88.56,12,83.03,50.51,46.42,62.5,67.78,59.65,64.73,63.67,378,189,666,327,390.0,477,173.7,378,333,14,13,2026-09-19 22:18:21.483951+00:00
US-3365140,Rochester,New Hampshire,NH,,,2025,33716,401246.1,0.4,3.7,3.09,6.25,9.22,214,6.35,0.47,1003.0,-13.31,55.17,11.64,2.01,100.69,12,80.34,55.87,38.65,61.35,66.75,60.63,65.16,63.47,442,221,594,304,390.25,373,141.67,442,334,9,9,2026-09-19 22:18:21.483951+00:00
US-3429430,Hammonton,New Jersey,NJ,,,2025,15060,375315.5,0.26,2.23,4.0,6.71,8.13,41,2.72,192.86,376.0,-6.0,20.25,-2.8,2.06,99.42,12,72.2,54.56,61.92,63.46,65.37,60.96,63.24,63.26,312,281,574,401,392.0,293,113.94,312,335,53,51,2026-09-19 22:18:21.483951+00:00
US-2928324,Grandview,Missouri,MO,,,2025,26653,215585.78,-0.23,0.45,1.82,3.89,7.37,9,0.34,12.5,1069.0,1.14,53.67,13.58,1.84,99.22,12,58.16,65.1,72.25,64.11,62.35,64.09,62.69,63.31,277,463,389,443,393.0,186,72.24,277,336,8,14,2026-09-19 22:18:21.483951+00:00
US-1741183,Lake in the Hills,Illinois,IL,,,2025,28590,370985.55,-0.34,-1.17,3.76,6.82,8.81,21,0.73,10.53,994.0,-3.4,58.17,7.88,2.14,100.49,12,59.86,63.36,71.84,64.08,62.71,63.58,62.63,63.25,278,442,417,446,395.75,168,68.89,278,337,40,44,2026-09-19 22:18:21.483951+00:00
US-1744225,Lockport,Illinois,IL,,,2025,27822,365955.65,3.42,6.39,3.35,4.47,5.98,97,3.49,-76.46,1133.0,10.86,83.5,8.09,2.72,99.53,12,59.02,72.11,51.3,61.67,61.79,65.06,64.14,63.16,412,502,324,354,398.0,178,67.87,412,338,68,45,2026-09-19 22:18:21.483951+00:00
US-0657526,Placentia,California,CA,,,2025,54911,1080714.08,2.01,4.27,-0.51,4.67,7.65,111,2.02,60.87,999.0,-7.33,62.92,21.38,2.32,100.74,12,74.56,57.01,48.63,61.94,65.41,61.02,64.07,63.11,395,278,567,359,399.75,289,105.45,395,339,12,8,2026-09-19 22:18:21.483951+00:00
US-3935476,Hilliard,Ohio,OH,,,2025,38898,385790.46,0.59,4.63,1.92,3.98,7.3,169,4.34,-4.52,1422.0,4.18,89.08,48.68,2.37,99.82,12,72.17,69.96,23.31,59.18,64.18,63.62,66.29,63.32,582,356,413,248,399.75,334,120.76,582,340,49,20,2026-09-19 22:18:21.483951+00:00
US-2942032,Liberty,Missouri,MO,,,2025,31319,325476.13,0.56,3.67,1.7,3.09,6.24,69,2.2,-10.39,1365.0,21.77,89.08,36.88,2.42,99.5,12,56.59,80.32,37.95,60.24,60.91,66.85,65.41,63.35,501,561,245,294,400.25,316,133.59,501,341,22,15,2026-09-19 22:18:21.483951+00:00
US-3904878,Bedford,Ohio,OH,,,2025,12723,159205.36,-0.34,-3.04,4.36,6.57,7.98,2,0.16,100.0,477.0,9.66,34.0,12.71,2.59,99.76,12,48.04,73.75,76.82,64.23,60.07,66.49,62.48,63.32,268,620,264,457,402.25,356,147.94,268,342,16,21,2026-09-19 22:18:21.483951+00:00
US-3985792,Wilmington,Ohio,OH,,,2025,12802,267412.61,0.99,1.11,4.06,4.93,7.35,52,4.06,-16.13,615.0,28.66,44.42,6.6,2.73,98.49,12,61.22,70.08,50.15,61.55,62.22,64.43,64.1,63.08,422,473,367,357,404.75,116,46.53,422,343,34,22,2026-09-19 22:18:21.483951+00:00
US-1845144,Lowell,Indiana,IN,,,2025,11853,331253.44,3.69,10.78,2.85,3.42,6.35,194,16.37,2.11,1010.0,26.09,95.0,-1.55,3.61,99.11,12,68.42,67.59,37.63,60.43,63.55,63.34,64.97,63.07,488,392,430,312,405.5,176,63.9,488,344,12,9,2026-09-19 22:18:21.483951+00:00
US-3462430,Red Bank,New Jersey,NJ,,,2025,12896,690339.8,0.37,-0.05,4.83,6.11,8.28,259,20.08,331.67,719.0,9.1,40.92,-0.2,2.24,99.33,12,62.63,73.88,36.66,60.08,62.11,64.92,65.1,63.05,510,481,334,306,407.75,204,88.9,510,345,69,52,2026-09-19 22:18:21.483951+00:00
US-3965732,Reading,Ohio,OH,,,2025,10491,234056.82,-0.05,-0.95,1.87,5.13,6.87,1,0.1,0.0,331.0,11.07,18.83,9.71,2.18,99.05,12,46.04,74.15,80.92,64.6,59.71,66.73,62.18,63.3,252,651,249,479,407.75,402,168.6,252,346,14,23,2026-09-19 22:18:21.483951+00:00
US-0673962,Stanton,California,CA,,,2025,40161,777124.78,-0.46,5.44,-1.27,3.74,7.01,28,0.7,-33.33,474.0,-7.24,31.67,22.98,2.45,100.83,12,70.76,56.11,59.96,62.93,64.74,61.08,63.09,62.96,346,311,563,412,408.0,252,96.56,346,347,10,9,2026-09-19 22:18:21.483951+00:00
US-3948482,Mayfield Heights,Ohio,OH,,,2025,19667,233995.95,-0.21,-3.18,3.91,5.59,6.92,1,0.05,-75.0,765.0,12.83,29.58,12.34,1.43,99.51,12,37.61,84.5,80.07,64.63,58.04,69.77,62.95,63.85,249,809,153,422,408.25,656,250.65,249,348,13,24,2026-09-19 22:18:21.483951+00:00
US-3940040,Kettering,Ohio,OH,,,2025,57396,244480.88,0.31,-0.66,4.42,5.63,7.49,10,0.17,233.33,2449.0,7.65,113.25,27.61,1.67,98.65,12,54.1,71.59,64.92,62.93,60.97,65.34,63.05,63.07,347,560,317,414,409.5,243,93.72,347,349,25,25,2026-09-19 22:18:21.483951+00:00
US-1869318,Shelbyville,Indiana,IN,,,2025,21204,226342.08,1.84,5.34,1.14,3.46,7.3,170,8.02,-33.07,941.0,14.2,64.58,15.33,2.49,97.46,12,73.77,63.89,32.28,59.94,64.58,62.11,65.17,62.95,518,319,498,303,409.5,215,98.92,518,350,13,10,2026-09-19 22:18:21.483951+00:00
US-3975098,Strongsville,Ohio,OH,,,2025,45629,362812.9,0.24,-1.71,4.67,5.36,7.38,28,0.61,-70.53,1583.0,12.03,67.33,52.17,1.55,99.92,12,48.28,85.02,48.35,61.16,59.31,68.5,64.82,63.45,453,678,188,321,410.0,490,180.89,453,351,39,26,2026-09-19 22:18:21.483951+00:00
US-3961000,Parma,Ohio,OH,,,2025,78581,214609.88,-0.28,-2.93,6.27,6.94,8.07,14,0.18,366.67,2907.0,-0.38,105.75,15.05,1.3,100.65,12,48.92,73.4,74.23,63.81,60.06,66.18,62.46,63.13,289,621,278,459,411.75,343,140.51,289,352,19,27,2026-09-19 22:18:21.483951+00:00
US-4725760,Farragut,Tennessee,TN,,,2025,25121,690479.75,-0.63,6.6,2.5,5.17,10.89,127,5.06,19.81,1372.0,6.52,145.0,16.94,3.95,98.31,12,86.23,49.94,37.61,61.37,68.05,58.98,65.04,63.36,439,182,717,310,412.0,535,198.15,439,353,3,4,2026-09-19 22:18:21.483951+00:00
US-1343640,Kingsland,Georgia,GA,,,2025,21299,297217.95,2.58,16.36,0.9,3.74,8.38,244,11.46,28.42,1526.0,4.88,177.0,25.53,4.27,99.2,12,90.86,52.25,20.08,59.65,68.66,59.01,66.41,63.43,537,161,711,242,412.75,550,221.88,537,354,3,3,2026-09-19 22:18:21.483951+00:00
US-2922834,Eureka,Missouri,MO,,,2025,13422,408584.31,1.37,13.97,2.67,3.2,5.49,29,2.16,-66.28,662.0,7.29,39.5,18.8,2.24,99.23,12,60.02,71.28,49.54,61.34,61.82,64.64,64.04,62.96,445,499,348,361,413.25,151,61.95,445,355,20,16,2026-09-19 22:18:21.483951+00:00
US-5588200,Wisconsin Rapids,Wisconsin,WI,,,2025,18654,221078.06,-0.59,-1.07,9.05,8.82,8.31,19,1.02,111.11,775.0,-2.39,47.17,1.98,2.24,100.62,12,58.23,64.09,72.48,63.84,62.13,63.59,62.29,62.96,288,479,415,472,413.5,191,76.59,288,356,20,28,2026-09-19 22:18:21.483951+00:00
US-0609066,Burlingame,California,CA,,,2025,31929,2630825.02,2.81,2.01,3.94,2.23,3.58,13,0.41,-23.53,626.0,9.82,24.5,-2.0,1.5,104.02,12,32.01,90.04,82.57,64.96,57.01,71.51,63.18,64.17,238,901,110,407,414.0,791,300.25,238,357,7,10,2026-09-19 22:18:21.483951+00:00
US-2923752,Farmington,Missouri,MO,,,2025,19226,251230.8,0.95,8.44,2.96,3.87,7.21,80,4.16,3.9,752.0,28.55,59.17,37.86,3.11,97.67,12,77.11,62.23,27.62,59.53,65.22,61.5,65.46,62.93,548,288,531,290,414.25,260,125.4,548,358,26,17,2026-09-19 22:18:21.483951+00:00
US-1765442,Romeoville,Illinois,IL,,,2025,41281,317152.2,-0.41,1.16,2.72,5.47,7.21,0,0.0,-100.0,1166.0,-7.02,71.25,4.27,2.28,100.1,12,59.97,55.5,90.97,66.15,63.28,62.16,61.06,63.16,196,410,493,561,415.0,365,137.28,196,359,27,46,2026-09-19 22:18:21.483951+00:00
US-3909064,Broadview Heights,Ohio,OH,,,2025,19755,363838.48,0.11,-0.79,6.18,5.23,6.78,18,0.91,-41.94,723.0,10.38,33.83,12.15,1.73,99.55,12,45.54,80.45,65.95,62.86,59.08,67.8,63.29,63.26,351,705,212,398,416.5,493,180.06,351,360,26,28,2026-09-19 22:18:21.483951+00:00
US-4575850,West Columbia,South Carolina,SC,,,2025,18489,226301.96,0.27,5.72,-0.36,2.22,7.29,118,6.38,100.0,800.0,31.58,60.75,37.55,2.84,98.27,12,74.56,67.64,20.92,58.73,64.44,62.71,66.08,62.99,617,330,466,260,418.25,357,136.58,617,361,9,6,2026-09-19 22:18:21.483951+00:00
US-3647636,Mineola,New York,NY,,,2025,21376,817486.06,-0.05,2.51,5.14,7.06,6.74,0,0.0,-100.0,433.0,-5.04,24.92,24.07,2.17,100.64,12,60.0,61.08,75.05,64.14,62.58,62.85,61.99,62.89,274,451,456,494,418.75,220,85.21,274,362,18,17,2026-09-19 22:18:21.483951+00:00
US-3743920,Monroe,North Carolina,NC,,,2025,42644,359412.51,6.2,22.9,0.48,1.91,8.36,598,14.02,-46.17,2267.0,5.39,211.33,27.18,3.42,98.27,12,92.53,51.49,17.39,59.38,68.95,58.69,66.55,63.39,559,153,734,238,421.0,581,235.76,559,363,11,12,2026-09-19 22:18:21.483951+00:00
US-2938072,Kearney,Missouri,MO,,,2025,11296,397903.56,0.94,7.93,1.68,2.5,5.62,38,3.36,-11.63,652.0,5.67,39.42,7.01,2.27,99.77,12,56.99,72.69,52.71,61.41,61.06,64.98,63.62,62.77,431,554,331,378,423.5,223,83.24,431,364,18,18,2026-09-19 22:18:21.483951+00:00
US-1734670,Highland,Illinois,IL,,,2025,10042,265051.46,-0.04,-0.35,5.35,5.36,6.83,18,1.79,5.88,368.0,1.1,14.0,-35.88,1.41,100.2,12,48.07,74.28,73.17,63.52,59.7,66.25,62.37,62.96,305,654,275,464,424.5,379,150.72,305,365,44,47,2026-09-19 22:18:21.483951+00:00
US-2701720,Anoka,Minnesota,MN,,,2025,18169,330701.48,0.2,1.48,3.14,2.05,4.75,7,0.39,250.0,554.0,6.95,22.0,-6.71,1.48,100.86,12,34.82,85.33,84.7,64.97,57.45,70.08,62.53,63.76,237,866,143,454,425.0,723,278.47,237,366,4,4,2026-09-19 22:18:21.483951+00:00
US-4242168,Lebanon,Pennsylvania,PA,,,2025,26479,284264.34,0.25,-1.04,5.91,6.21,8.13,13,0.49,-23.53,876.0,-9.22,33.0,4.21,1.38,100.81,12,57.26,62.58,77.78,64.25,61.94,63.27,61.71,62.79,267,488,438,514,426.75,247,96.19,267,367,20,20,2026-09-19 22:18:21.483951+00:00
US-0638226,Kerman,California,CA,,,2025,17553,409329.99,-0.01,9.49,0.91,1.8,6.07,0,0.0,-100.0,173.0,6.13,13.5,36.13,2.97,98.78,12,63.67,59.65,68.04,63.35,63.12,62.11,62.3,62.72,320,421,497,471,427.25,177,67.68,320,368,9,11,2026-09-19 22:18:21.483951+00:00
US-4521985,Easley,South Carolina,SC,,,2025,27319,317676.31,1.29,18.57,1.9,2.45,7.61,214,7.83,-37.97,1617.0,15.34,182.17,43.44,4.09,98.51,12,86.44,57.5,15.83,58.66,67.17,59.93,66.36,63.03,626,201,644,244,428.75,443,206.91,626,369,10,7,2026-09-19 22:18:21.483951+00:00
US-5503425,Ashwaubenon,Wisconsin,WI,,,2025,17398,341859.05,-0.33,1.85,3.86,6.2,7.27,48,2.76,29.73,590.0,9.87,56.83,11.26,3.63,99.71,12,63.86,65.29,52.16,61.43,62.53,62.89,63.33,62.55,429,456,454,394,433.25,62,25.03,429,370,31,29,2026-09-19 22:18:21.483951+00:00
US-1823278,Fishers,Indiana,IN,,,2025,104812,441775.23,0.8,5.34,1.92,2.31,6.81,556,5.3,-23.94,5102.0,8.53,263.67,31.07,1.86,98.64,12,68.04,71.46,26.88,58.95,62.89,63.75,65.46,62.76,605,434,408,291,434.5,314,112.21,605,371,17,11,2026-09-19 22:18:21.483951+00:00
US-3425770,Garfield,New Jersey,NJ,,,2025,33353,572766.5,-0.02,2.41,1.37,5.79,6.11,10,0.3,-23.08,509.0,15.68,51.33,29.41,3.75,103.86,12,51.15,75.13,61.34,62.09,59.88,65.87,62.96,62.7,391,638,292,419,435.0,346,126.34,391,372,59,53,2026-09-19 22:18:21.483951+00:00
US-2545560,Newton,Massachusetts,MA,,,2025,90741,1515735.13,0.82,2.18,4.05,6.16,6.59,152,1.68,-62.65,2676.0,11.83,208.25,21.78,2.95,99.83,12,56.92,72.96,50.97,61.05,60.84,64.85,63.54,62.57,459,565,340,384,437.0,225,85.27,459,373,20,20,2026-09-19 22:18:21.483951+00:00
US-1711332,Carol Stream,Illinois,IL,,,2025,39315,376271.72,-0.13,-1.12,4.35,5.8,6.77,22,0.56,175.0,1091.0,6.23,59.67,14.01,1.99,100.94,12,43.73,80.64,68.7,62.89,58.55,67.78,62.84,63.01,350,753,214,431,437.0,539,198.24,350,374,58,48,2026-09-19 22:18:21.483951+00:00
US-2717486,East Bethel,Minnesota,MN,,,2025,12605,412257.73,2.37,6.93,4.24,2.62,5.5,57,4.52,-42.42,455.0,13.18,32.25,11.53,2.69,100.17,12,54.6,78.22,44.2,60.26,60.12,66.03,64.19,62.65,500,616,285,350,437.75,331,129.11,500,375,11,5,2026-09-19 22:18:21.483951+00:00
US-4287048,York,Pennsylvania,PA,,,2025,45342,274893.4,0.64,1.23,4.56,5.4,7.78,5,0.11,-96.4,1800.0,-18.96,73.83,-17.35,1.49,99.2,12,65.44,48.09,93.78,66.45,64.49,60.15,60.47,62.89,187,329,631,606,438.25,444,187.32,187,376,16,21,2026-09-19 22:18:21.483951+00:00
US-2973942,Troy,Missouri,MO,,,2025,15201,312348.26,1.71,18.55,5.43,4.29,6.69,107,7.04,84.48,545.0,-3.54,23.33,16.18,1.53,99.13,12,76.02,60.09,33.18,59.74,64.82,60.83,64.57,62.49,531,305,582,336,438.5,277,119.87,531,377,24,19,2026-09-19 22:18:21.483951+00:00
US-5567475,Richfield,Wisconsin,WI,,,2025,11785,552069.85,0.03,0.27,3.44,5.28,6.13,27,2.29,35.0,427.0,28.61,24.25,12.36,2.27,101.27,12,41.86,89.06,54.06,61.43,57.85,69.65,64.32,63.31,430,827,157,348,440.5,670,244.14,430,378,32,30,2026-09-19 22:18:21.483951+00:00
US-3957008,North Royalton,Ohio,OH,,,2025,30936,335074.4,-0.28,-1.06,4.94,5.11,6.83,37,1.2,23.33,1046.0,9.76,47.08,7.21,1.67,99.44,12,45.11,79.5,67.28,62.69,58.75,67.35,62.8,62.9,365,741,227,432,441.25,514,188.18,365,379,27,29,2026-09-19 22:18:21.483951+00:00
US-1723074,Elgin,Illinois,IL,,,2025,115476,328685.61,0.42,0.75,2.99,5.7,7.45,241,2.09,-39.45,3577.0,1.36,244.0,-6.81,2.53,99.64,12,60.46,62.55,67.52,62.96,62.15,62.67,62.11,62.47,339,478,467,484,442.0,145,59.78,339,380,55,49,2026-09-19 22:18:21.483951+00:00
US-3742240,Mebane,North Carolina,NC,,,2025,21952,354323.53,6.14,20.25,0.3,1.33,7.26,316,14.4,-53.19,1306.0,23.79,137.83,84.19,3.87,98.81,12,83.55,63.74,6.31,57.3,66.02,61.07,66.91,62.82,732,255,564,227,444.5,505,212.22,732,381,15,13,2026-09-19 22:18:21.483951+00:00
US-1849932,Mishawaka,Indiana,IN,,,2025,51226,206703.06,0.63,0.34,2.4,4.45,7.37,47,0.92,-85.03,1889.0,0.59,75.75,0.33,1.48,98.6,12,57.64,62.71,74.46,63.62,61.69,62.95,61.6,62.47,297,510,452,523,445.5,226,89.81,297,382,7,12,2026-09-19 22:18:21.483951+00:00
US-5522300,Eau Claire,Wisconsin,WI,,,2025,72465,314716.54,0.41,4.28,2.28,4.18,6.51,476,6.57,17.82,2474.0,9.61,183.75,4.26,2.76,99.49,12,61.72,70.29,44.05,60.3,61.64,63.78,63.81,62.38,496,515,405,369,446.25,146,60.97,496,383,41,31,2026-09-19 22:18:21.483951+00:00
US-3926446,Fairview Park,Ohio,OH,,,2025,16748,280444.14,-0.35,-3.06,4.69,6.31,7.38,0,0.0,,639.0,1.75,23.67,24.56,1.34,101.32,12,43.17,78.49,74.71,63.41,58.49,67.32,62.21,62.86,314,767,228,476,446.25,539,205.48,314,384,23,30,2026-09-19 22:18:21.483951+00:00
US-0151696,Mountain Brook,Alabama,AL,,,2025,21661,1000772.3,-0.66,-3.76,5.4,4.36,7.03,21,0.97,90.91,1000.0,7.07,41.67,6.61,1.52,104.43,12,37.3,87.36,69.94,62.98,57.21,69.73,63.09,63.25,337,886,156,411,447.5,730,269.63,337,385,1,1,2026-09-19 22:18:21.483951+00:00
US-3949840,Middletown,Ohio,OH,,,2025,52146,258391.82,0.09,2.17,3.14,5.59,7.43,95,1.82,-3.06,2124.0,8.09,147.5,20.57,2.53,98.29,12,66.61,62.48,50.64,61.17,62.98,61.94,63.15,62.31,452,428,505,408,448.25,97,36.28,452,386,38,31,2026-09-19 22:18:21.483951+00:00
US-2928090,Grain Valley,Missouri,MO,,,2025,16908,327240.38,0.18,7.85,-1.78,1.26,5.13,0,0.0,-100.0,779.0,-5.8,32.42,-21.73,1.57,99.62,12,52.24,59.07,100.0,66.57,61.45,63.16,60.09,62.82,183,527,443,643,449.0,460,169.2,183,387,5,20,2026-09-19 22:18:21.483951+00:00
US-3463360,River Edge,New Jersey,NJ,,,2025,12159,808899.38,-0.1,0.85,7.7,6.96,6.79,37,3.04,-43.08,259.0,39.25,20.92,26.77,3.19,105.27,12,53.34,81.56,38.44,59.49,59.57,66.63,64.55,62.56,550,660,257,337,451.0,403,161.33,550,388,73,54,2026-09-19 22:18:21.483951+00:00
US-4232800,Harrisburg,Pennsylvania,PA,,,2025,50522,264030.89,-0.07,0.9,4.67,5.52,7.75,10,0.2,-79.59,1784.0,2.71,103.5,13.22,2.17,97.75,12,63.75,55.94,75.12,63.86,63.11,61.16,61.37,62.38,287,422,558,538,451.25,271,108.11,287,389,21,22,2026-09-19 22:18:21.483951+00:00
US-3405170,Bergenfield,New Jersey,NJ,,,2025,28754,620120.73,-0.05,1.56,2.43,6.73,6.66,10,0.35,-9.09,450.0,19.36,45.83,49.86,4.25,102.51,12,55.06,73.86,52.19,60.92,60.27,64.97,63.23,62.35,466,607,332,403,452.0,275,101.27,466,390,65,55,2026-09-19 22:18:21.483951+00:00
US-0669084,Santa Clara,California,CA,,,2025,133446,1693043.86,0.81,3.76,-1.05,5.16,5.91,490,3.67,405.15,2213.0,0.05,86.92,6.43,1.47,105.5,12,52.84,76.43,51.7,60.81,59.75,65.64,63.34,62.38,468,646,304,393,452.75,342,125.77,468,391,15,12,2026-09-19 22:18:21.483951+00:00
US-0655856,Parlier,California,CA,,,2025,14622,323525.19,0.01,0.34,2.2,2.83,6.92,8,0.55,-42.86,128.0,56.1,9.0,24.14,2.71,98.85,12,52.6,72.9,61.02,61.81,59.95,65.03,62.58,62.34,403,634,328,453,454.5,306,112.78,403,392,13,13,2026-09-19 22:18:21.483951+00:00
US-0463470,San Luis,Arizona,AZ,,,2025,42030,237566.41,4.54,17.56,0.57,2.46,8.5,175,4.16,-69.14,779.0,-8.46,93.67,-22.05,4.75,99.73,12,91.67,34.79,60.51,63.97,69.93,55.71,62.96,63.14,282,132,985,421,455.0,853,322.61,282,393,1,1,2026-09-19 22:18:21.483951+00:00
US-3925396,Englewood,Ohio,OH,,,2025,13343,235601.83,0.33,-0.8,5.29,5.93,8.01,17,1.27,750.0,579.0,12.43,31.5,33.57,2.01,98.53,12,57.42,73.09,47.21,60.35,60.59,64.5,63.45,62.22,494,582,360,387,455.75,222,88.45,494,394,44,32,2026-09-19 22:18:21.483951+00:00
US-3441100,Lodi,New Jersey,NJ,,,2025,26187,604434.22,-0.11,0.24,4.08,6.66,6.8,27,1.03,,334.0,18.02,30.83,25.42,3.47,103.29,12,50.55,77.95,54.08,61.02,59.3,66.15,63.23,62.43,462,680,281,402,456.25,399,144.7,462,395,63,56,2026-09-19 22:18:21.483951+00:00
US-4029600,Glenpool,Oklahoma,OK,,,2025,14705,241231.17,0.89,7.27,3.21,3.52,7.1,43,2.92,-29.51,625.0,5.22,53.67,27.02,3.21,99.08,12,74.6,58.5,39.01,60.06,64.43,60.4,63.79,62.17,511,331,613,371,456.5,282,112.39,511,396,3,1,2026-09-19 22:18:21.483951+00:00
US-5563525,Plover,Wisconsin,WI,,,2025,14274,344118.97,0.95,5.29,7.01,7.57,6.75,157,11.0,63.54,463.0,7.93,39.33,1.07,3.42,99.92,12,67.04,66.11,39.39,59.8,62.61,62.38,63.86,62.16,529,448,483,367,456.75,162,59.25,529,397,46,32,2026-09-19 22:18:21.483951+00:00
US-1808416,Brownsburg,Indiana,IN,,,2025,34089,356800.9,2.34,16.81,0.86,2.2,6.66,488,14.32,48.33,1345.0,10.79,83.67,38.48,2.34,98.65,12,75.32,69.45,11.31,57.26,63.96,62.49,66.28,62.5,736,368,474,249,456.75,487,179.8,736,398,22,13,2026-09-19 22:18:21.483951+00:00
US-4750780,Mount Juliet,Tennessee,TN,,,2025,45172,564135.6,1.4,13.83,1.09,1.19,7.78,676,14.97,173.68,2284.0,24.74,267.42,59.1,4.36,98.76,12,86.23,60.8,5.84,57.23,66.54,60.18,66.75,62.67,739,232,629,232,458.0,507,229.32,739,399,9,5,2026-09-19 22:18:21.483951+00:00
US-1611260,Burley,Idaho,ID,,,2025,12409,328499.74,0.76,5.55,4.49,2.89,9.08,44,3.55,-35.29,393.0,-4.84,30.17,-12.35,2.88,98.25,12,84.58,39.81,62.91,63.49,67.9,56.7,62.26,62.59,307,184,880,474,461.25,696,262.76,307,400,3,5,2026-09-19 22:18:21.483951+00:00
US-3466570,Secaucus,New Jersey,NJ,,,2025,22640,638268.22,0.37,3.05,4.45,5.88,5.4,3,0.13,-70.0,510.0,7.82,43.5,2.76,3.16,100.64,12,45.42,70.99,85.26,64.33,59.07,65.46,60.91,62.44,262,706,312,569,462.25,444,182.68,262,401,47,57,2026-09-19 22:18:21.483951+00:00
US-0684550,Westminster,California,CA,,,2025,88966,1060563.4,-0.29,-1.99,0.43,5.14,7.23,124,1.39,342.86,993.0,8.76,49.25,25.74,1.86,101.08,12,45.89,84.69,50.4,60.59,58.2,67.9,63.8,62.63,479,793,207,370,462.25,586,214.09,479,402,16,14,2026-09-19 22:18:21.483951+00:00
US-3443620,Manville,New Jersey,NJ,,,2025,10932,478316.7,-0.21,0.06,1.97,7.23,8.13,15,1.37,0.0,343.0,-14.46,18.58,-9.35,2.03,103.95,12,62.24,57.31,74.09,63.48,62.54,61.3,61.2,62.13,310,454,541,545,462.5,235,95.26,310,403,52,58,2026-09-19 22:18:21.483951+00:00
US-2400125,Aberdeen,Maryland,MD,,,2025,18374,343589.5,4.1,12.82,0.17,2.72,5.07,103,5.61,-57.96,767.0,17.64,44.92,30.83,2.17,99.83,12,55.87,83.68,26.15,58.18,59.76,66.71,65.41,62.51,670,645,251,293,464.75,419,193.52,670,404,1,1,2026-09-19 22:18:21.483951+00:00
US-1732018,Gurnee,Illinois,IL,,,2025,30458,371930.7,0.19,-0.63,4.41,5.5,7.21,3,0.1,-94.34,1099.0,5.37,73.25,19.43,2.48,99.61,12,51.57,69.13,72.66,62.99,60.0,64.39,61.58,62.24,336,626,375,525,465.5,290,116.47,336,405,54,50,2026-09-19 22:18:21.483951+00:00
US-3126385,La Vista,Nebraska,NE,,,2025,16543,306514.0,0.16,-1.39,2.37,3.79,6.28,1,0.06,-99.62,534.0,18.93,13.83,39.5,0.97,100.23,12,35.87,91.64,61.8,61.87,56.49,70.43,63.56,63.09,396,947,138,382,465.75,809,296.18,396,406,1,1,2026-09-19 22:18:21.483951+00:00
US-5548500,Manitowoc,Wisconsin,WI,,,2025,34671,236886.91,-0.29,0.04,5.43,9.55,10.15,61,1.76,64.86,1237.0,-1.12,79.0,-1.76,2.43,99.15,12,66.01,55.75,68.17,62.96,63.25,60.69,61.61,62.13,341,413,589,522,466.25,248,95.78,341,407,22,33,2026-09-19 22:18:21.483951+00:00
US-3978050,Twinsburg,Ohio,OH,,,2025,18939,352950.67,-0.09,-1.62,3.26,4.25,6.3,2,0.11,0.0,684.0,21.06,25.33,30.47,1.45,99.99,12,35.27,91.13,64.76,62.19,56.45,70.41,63.35,63.1,390,951,139,391,467.75,812,297.3,390,408,30,33,2026-09-19 22:18:21.483951+00:00
US-1718628,Darien,Illinois,IL,,,2025,22032,447200.2,0.52,0.15,4.83,5.88,5.68,2,0.09,-97.06,876.0,6.96,45.58,-3.7,1.93,100.15,12,36.35,79.52,89.83,64.83,57.32,68.11,61.12,62.85,243,878,202,552,468.75,676,272.28,243,409,34,51,2026-09-19 22:18:21.483951+00:00
US-2722814,Fridley,Minnesota,MN,,,2025,30829,323094.66,0.19,4.23,2.19,2.34,4.56,1,0.03,,916.0,0.0,35.67,8.35,1.47,101.14,12,42.1,75.03,84.13,64.13,58.28,66.52,61.12,62.51,275,786,263,553,469.25,523,216.57,275,410,5,6,2026-09-19 22:18:21.483951+00:00
US-5533000,Hartford,Wisconsin,WI,,,2025,16005,373824.48,0.19,2.24,4.23,5.81,6.85,42,2.62,7.69,666.0,0.15,40.67,6.55,2.38,100.33,12,60.48,65.64,56.95,61.4,61.5,62.79,62.45,62.03,433,523,461,462,469.75,90,32.87,433,411,33,34,2026-09-19 22:18:21.483951+00:00
US-1777005,Urbana,Illinois,IL,,,2025,39719,202397.51,0.09,2.21,5.49,6.29,6.86,62,1.56,12.73,1283.0,-0.31,83.42,-3.56,2.46,99.6,12,60.45,60.28,70.62,62.93,61.92,61.88,61.39,62.03,345,489,509,536,469.75,191,73.93,345,412,56,52,2026-09-19 22:18:21.483951+00:00
US-1616750,Coeur d'Alene,Idaho,ID,,,2025,58179,598465.7,1.4,5.87,2.01,0.67,7.22,396,6.81,-1.25,2773.0,13.14,262.0,3.52,3.57,97.96,12,74.22,56.42,44.07,60.45,64.36,59.91,63.19,61.98,486,340,648,405,469.75,308,115.18,486,413,6,6,2026-09-19 22:18:21.483951+00:00
US-4958730,Payson,Utah,UT,,,2025,24630,472385.63,0.22,15.39,3.27,1.73,6.64,194,7.88,61.67,784.0,9.5,77.25,14.16,3.61,99.04,12,74.73,60.17,33.51,59.33,64.18,60.54,64.06,62.03,565,354,601,360,470.0,247,113.73,565,414,7,4,2026-09-19 22:18:21.483951+00:00
US-4056650,Owasso,Oklahoma,OK,,,2025,43117,316961.2,0.91,12.42,2.16,2.54,6.55,277,6.42,35.78,1716.0,11.79,133.58,22.55,2.85,98.52,12,72.1,64.41,29.67,58.8,63.43,61.51,64.4,62.03,611,402,530,344,471.75,267,104.84,611,415,5,2,2026-09-19 22:18:21.483951+00:00
US-4874492,University Park,Texas,TX,,,2025,25323,2378731.85,-0.3,0.28,5.57,7.71,12.39,52,2.05,-20.0,739.0,30.57,68.67,4.04,3.52,96.97,12,66.99,56.6,62.54,62.24,63.21,60.61,61.87,61.98,387,415,595,501,474.5,208,81.27,387,416,3,1,2026-09-19 22:18:21.483951+00:00
US-3601000,Albany,New York,NY,,,2025,101698,320945.43,0.4,2.87,4.0,5.59,6.92,354,3.48,46.28,2622.0,-5.85,137.33,-6.47,1.93,100.39,12,63.46,61.14,59.54,61.67,62.18,61.6,62.02,61.87,413,476,525,490,476.0,112,40.52,413,417,23,18,2026-09-19 22:18:21.483951+00:00
US-3628178,Garden City,New York,NY,,,2025,23043,1319515.55,-0.14,-0.68,7.69,6.81,6.61,0,0.0,,619.0,-3.58,27.83,-5.65,1.81,102.6,12,43.91,68.12,96.05,65.42,58.99,65.05,60.02,62.37,218,714,326,652,477.5,496,210.16,218,418,16,19,2026-09-19 22:18:21.483951+00:00
US-5526675,Fort Atkinson,Wisconsin,WI,,,2025,12388,303659.91,-0.32,-1.63,5.89,6.11,7.12,97,7.83,1285.71,485.0,11.75,25.5,-3.47,1.95,100.71,12,45.8,85.89,46.22,59.93,57.89,67.91,63.88,62.4,519,826,206,366,479.25,620,228.75,519,419,44,35,2026-09-19 22:18:21.483951+00:00
US-2559105,Salem,Massachusetts,MA,,,2025,45381,609045.64,-0.08,3.91,1.28,4.12,5.78,82,1.81,134.29,1506.0,4.29,67.0,34.0,1.63,101.26,12,51.79,80.52,42.23,59.46,58.98,66.16,63.76,62.09,552,716,280,372,480.0,436,167.74,552,420,22,21,2026-09-19 22:18:21.483951+00:00
US-1760287,Plainfield,Illinois,IL,,,2025,50043,426262.38,2.49,11.32,2.55,4.62,7.14,740,14.79,60.87,2135.0,6.86,203.25,27.83,3.51,99.62,12,78.93,62.55,16.39,57.56,64.64,60.54,65.31,62.01,714,316,600,297,481.75,417,179.95,714,421,99,53,2026-09-19 22:18:21.483951+00:00
US-2669035,Rochester Hills,Michigan,MI,,,2025,77539,462662.86,0.08,1.82,3.0,5.07,6.88,30,0.39,-11.76,2337.0,-7.11,123.17,-2.95,1.98,99.79,12,59.12,56.41,83.19,64.19,61.92,61.24,60.31,61.92,270,490,549,622,482.75,352,131.43,270,422,7,10,2026-09-19 22:18:21.483951+00:00
US-2978928,West Plains,Missouri,MO,,,2025,12780,218409.0,0.28,4.73,5.03,5.06,9.18,62,4.85,29.17,534.0,17.88,64.25,-7.11,4.52,92.09,12,82.77,43.58,54.68,62.03,66.8,57.0,62.32,62.04,392,220,853,469,483.5,633,231.6,392,423,15,21,2026-09-19 22:18:21.483951+00:00
US-1359724,Peachtree City,Georgia,GA,,,2025,40880,567778.18,0.64,6.58,0.07,3.84,7.28,85,2.08,-47.85,1671.0,9.5,137.67,41.44,3.04,97.99,12,75.61,57.38,36.86,59.54,64.33,59.77,63.53,61.8,547,344,660,385,484.0,316,126.83,547,424,4,4,2026-09-19 22:18:21.483951+00:00
US-1614680,Chubbuck,Idaho,ID,,,2025,16823,383786.08,1.44,7.31,1.02,2.1,7.67,187,11.12,85.15,551.0,0.36,53.17,20.83,3.52,101.05,12,80.33,58.12,23.82,58.43,65.19,59.64,64.68,61.98,649,290,667,330,484.0,377,174.69,649,425,8,7,2026-09-19 22:18:21.483951+00:00
US-5363210,Sedro-Woolley,Washington,WA,,,2025,13308,500342.12,1.04,6.63,0.78,3.11,6.23,29,2.18,-52.46,493.0,-3.71,25.25,6.69,1.88,99.86,12,62.41,61.93,59.5,61.52,61.83,61.71,61.91,61.74,426,497,517,500,485.0,91,34.91,426,426,11,10,2026-09-19 22:18:21.483951+00:00
US-3948188,Mason,Ohio,OH,,,2025,35834,507179.96,-0.19,2.73,3.46,5.04,7.35,101,2.82,531.25,1265.0,8.49,91.75,53.99,2.65,99.25,12,67.99,68.46,29.16,58.45,62.31,62.42,64.32,61.87,646,469,478,349,485.5,297,105.74,646,427,57,34,2026-09-19 22:18:21.483951+00:00
US-4530985,Greer,South Carolina,SC,,,2025,50007,348430.83,7.32,39.23,1.68,1.82,7.06,409,8.18,-72.51,2798.0,2.79,281.83,2.89,3.73,98.7,12,82.07,48.56,42.2,60.37,66.04,57.66,63.0,61.77,493,254,797,416,490.0,543,197.12,493,428,5,8,2026-09-19 22:18:21.483951+00:00
US-0653980,Orange,California,CA,,,2025,138365,1105392.8,0.03,-0.79,-0.13,4.98,7.56,70,0.51,-69.83,2585.0,10.9,178.83,46.68,2.59,99.61,12,54.18,73.97,50.49,60.19,59.57,64.51,62.72,61.75,504,661,359,440,491.0,302,110.79,504,429,18,15,2026-09-19 22:18:21.483951+00:00
US-2960752,Raymore,Missouri,MO,,,2025,26633,356179.7,2.64,15.76,5.16,2.49,5.98,169,6.35,-28.69,1498.0,6.92,114.0,31.16,2.81,100.39,12,66.33,72.22,24.12,57.84,61.77,63.24,64.76,61.9,694,503,441,326,491.0,368,133.3,694,430,32,22,2026-09-19 22:18:21.483951+00:00
US-3939872,Kent,Ohio,OH,,,2025,27737,245903.21,0.5,-1.51,4.68,5.46,6.87,2,0.07,100.0,430.0,0.94,15.08,7.74,1.37,99.97,12,43.49,72.88,83.36,63.75,58.29,65.64,60.71,62.1,291,785,305,583,491.0,494,205.85,291,431,20,35,2026-09-19 22:18:21.483951+00:00
US-1743250,Libertyville,Illinois,IL,,,2025,20701,605217.81,0.76,0.68,7.12,6.1,6.76,5,0.24,-94.25,912.0,-2.04,50.42,-11.42,2.14,99.74,12,52.01,61.65,88.39,64.48,60.36,62.77,59.99,61.9,258,602,463,655,494.5,397,153.49,258,432,36,54,2026-09-19 22:18:21.483951+00:00
US-3725480,Garner,North Carolina,NC,,,2025,41562,384736.35,5.74,31.98,-2.45,-0.58,6.8,1512,36.38,27.06,3138.0,25.97,259.33,95.11,3.07,98.48,12,78.73,67.12,4.99,56.23,64.18,61.28,66.13,61.95,825,353,545,256,494.75,569,217.19,825,433,18,14,2026-09-19 22:18:21.483951+00:00
US-3440290,Lincoln Park,New Jersey,NJ,,,2025,10950,536854.47,0.63,0.99,1.9,6.76,7.29,2,0.18,-33.33,308.0,-14.21,15.75,15.24,1.9,104.37,12,60.07,58.44,73.91,62.96,61.66,61.25,60.72,61.65,340,512,547,582,495.25,242,92.99,340,434,54,59,2026-09-19 22:18:21.483951+00:00
US-0656700,Perris,California,CA,,,2025,83237,539558.14,0.77,5.63,-1.25,1.33,7.1,446,5.36,17.68,1660.0,2.85,139.92,27.97,3.09,100.41,12,72.13,63.99,28.67,58.42,63.17,61.14,64.12,61.71,650,418,561,356,496.25,294,115.79,650,435,31,16,2026-09-19 22:18:21.483951+00:00
US-1312988,Canton,Georgia,GA,,,2025,40778,517485.92,6.98,22.09,-0.28,2.51,8.41,283,6.94,-75.26,1638.0,5.68,189.5,30.02,4.24,98.14,12,92.53,46.06,23.4,58.98,68.22,56.6,64.7,62.13,599,174,890,328,497.75,716,272.83,599,436,6,5,2026-09-19 22:18:21.483951+00:00
US-3904416,Bay Village,Ohio,OH,,,2025,15792,415592.96,-0.2,-2.12,6.84,6.52,7.28,13,0.82,8.33,665.0,-0.15,24.5,10.94,1.35,102.01,12,45.97,76.05,67.73,61.94,58.26,65.78,61.68,61.91,394,789,297,517,499.25,492,184.56,394,437,31,36,2026-09-19 22:18:21.483951+00:00
US-3424990,Franklin Lakes,New Jersey,NJ,,,2025,11180,1535136.93,-0.3,0.96,10.57,7.73,9.51,20,1.79,-61.54,275.0,22.22,45.67,17.34,6.61,98.87,12,70.33,55.88,53.39,61.04,63.45,59.84,62.13,61.62,460,401,656,481,499.5,255,95.0,460,438,62,60,2026-09-19 22:18:21.483951+00:00
US-0864255,Rifle,Colorado,CO,,,2025,10844,493198.87,0.82,3.91,4.88,5.67,8.51,56,5.16,211.11,410.0,15.17,36.83,135.11,3.23,98.14,12,79.04,60.82,18.77,57.59,64.53,59.98,64.81,61.73,712,324,641,322,499.75,390,178.53,712,439,2,1,2026-09-19 22:18:21.483951+00:00
US-1750621,Morton,Illinois,IL,,,2025,17565,281634.74,0.06,2.29,6.41,5.27,6.52,24,1.37,100.0,609.0,-10.04,17.67,-24.01,1.09,100.42,12,56.37,60.98,76.91,63.12,60.83,61.98,60.5,61.61,329,566,504,601,500.0,272,104.66,329,440,49,55,2026-09-19 22:18:21.483951+00:00
US-4838896,Kennedale,Texas,TX,,,2025,10626,386276.51,-1.13,24.97,-2.05,-1.2,5.35,8,0.75,0.0,258.0,23.44,27.83,10.96,4.11,98.3,12,61.34,58.99,68.83,62.39,61.76,61.17,61.03,61.59,381,504,555,563,500.75,182,72.75,381,441,2,2,2026-09-19 22:18:21.483951+00:00
US-3912868,Celina,Ohio,OH,,,2025,10936,237074.91,0.25,0.03,7.13,6.35,7.46,7,0.64,-56.25,337.0,4.33,18.25,-9.13,2.06,97.43,12,57.09,58.17,82.18,63.74,61.18,61.45,60.09,61.61,292,544,534,645,503.75,353,129.74,292,442,21,37,2026-09-19 22:18:21.483951+00:00
US-4286968,Yeadon,Pennsylvania,PA,,,2025,12320,237422.6,-0.06,2.37,1.3,4.09,7.75,0,0.0,,241.0,-8.37,21.33,11.79,3.35,99.97,12,70.12,43.99,84.84,64.65,64.49,57.96,59.83,61.73,247,328,780,662,504.25,533,222.58,247,443,19,23,2026-09-19 22:18:21.483951+00:00
US-5138424,Hopewell,Virginia,VA,,,2025,23261,233953.09,0.85,1.08,1.45,0.04,8.69,31,1.33,-26.19,969.0,-4.34,62.0,19.23,2.33,99.57,12,69.93,55.12,55.93,61.25,63.39,59.68,61.86,61.54,449,403,664,502,504.5,261,98.53,449,444,4,3,2026-09-19 22:18:21.483951+00:00
US-3620698,Dobbs Ferry,New York,NY,,,2025,11645,968460.23,0.67,1.49,6.07,5.65,5.82,17,1.46,-26.09,285.0,2.52,14.0,-14.72,2.23,104.86,12,44.37,74.48,75.88,62.79,58.13,65.66,61.07,61.91,360,800,303,558,505.25,497,194.72,360,445,21,20,2026-09-19 22:18:21.483951+00:00
US-3146030,South Sioux City,Nebraska,NE,,,2025,14158,224809.06,1.04,0.93,3.23,4.34,7.12,41,2.9,51.85,221.0,12.18,13.75,-5.17,2.53,98.08,12,57.85,64.99,62.05,61.4,60.62,62.41,61.48,61.48,435,577,480,531,505.75,142,53.34,435,446,2,2,2026-09-19 22:18:21.483951+00:00
US-5126496,Fairfax,Virginia,VA,,,2025,26772,776379.94,2.82,10.75,0.32,3.91,4.63,89,3.32,25.35,1229.0,12.86,70.58,82.94,2.14,101.38,12,51.88,86.69,26.12,57.62,58.46,67.16,64.97,62.05,708,771,231,313,505.75,540,236.59,708,447,10,4,2026-09-19 22:18:21.483951+00:00
US-5452060,Martinsburg,West Virginia,WV,,,2025,19211,306982.18,0.86,2.51,3.46,4.07,7.85,32,1.67,-64.84,1300.0,7.71,108.33,36.55,3.1,98.55,12,71.34,58.72,42.23,59.65,63.19,60.03,62.75,61.4,539,416,636,437,507.0,220,87.82,539,448,1,1,2026-09-19 22:18:21.483951+00:00
US-1779033,Washington,Illinois,IL,,,2025,15902,226752.34,0.21,-1.04,7.02,5.63,6.55,45,2.83,104.55,643.0,11.05,18.92,-5.02,1.1,99.52,12,41.62,83.06,62.21,61.27,57.14,67.5,62.33,62.06,447,891,222,468,507.0,669,241.77,447,449,72,56,2026-09-19 22:18:21.483951+00:00
US-5526275,Fond du Lac,Wisconsin,WI,,,2025,44541,256928.95,-0.3,-0.38,4.25,7.09,9.02,31,0.7,-3.13,1543.0,-5.05,103.67,9.8,2.46,99.97,12,63.8,55.43,70.82,62.63,62.35,60.25,60.74,61.49,370,465,621,581,509.25,251,98.72,370,450,26,36,2026-09-19 22:18:21.483951+00:00
US-5531175,Greenfield,Wisconsin,WI,,,2025,37159,321556.99,-0.16,-1.53,4.02,5.73,6.71,3,0.08,-25.0,1156.0,-1.45,50.75,-16.0,1.6,100.93,12,41.07,70.63,94.82,64.85,58.0,65.39,59.74,61.99,241,814,314,669,509.5,573,238.99,241,451,16,37,2026-09-19 22:18:21.483951+00:00
US-5551000,Menomonee Falls,Wisconsin,WI,,,2025,41291,427174.87,1.8,6.91,5.76,4.86,4.87,207,5.01,-55.1,1681.0,20.42,111.75,20.05,2.46,100.73,12,49.29,85.38,35.48,58.47,58.05,67.07,64.15,61.94,643,808,236,353,510.0,572,227.06,643,452,54,38,2026-09-19 22:18:21.483951+00:00
US-1654730,Mountain Home,Idaho,ID,,,2025,16779,356939.44,0.0,4.54,1.05,1.99,7.51,142,8.46,32.71,1063.0,23.03,96.67,52.83,3.33,98.94,12,73.87,68.22,12.65,56.59,62.99,61.58,65.21,61.59,793,426,526,302,511.75,491,180.73,793,453,14,8,2026-09-19 22:18:21.483951+00:00
US-5505900,Beaver Dam,Wisconsin,WI,,,2025,16542,291236.13,0.13,-1.11,6.83,7.34,7.88,75,4.53,120.59,608.0,4.65,33.42,-5.87,2.04,99.31,12,55.2,70.24,55.17,60.46,59.71,63.47,61.96,61.4,485,650,421,495,512.75,229,84.17,485,454,39,39,2026-09-19 22:18:21.483951+00:00
US-3444880,Maywood,New Jersey,NJ,,,2025,10166,668392.31,0.0,1.09,4.77,6.54,7.16,0,0.0,-100.0,166.0,-17.0,11.33,0.0,2.52,104.8,12,59.1,51.73,93.5,65.12,62.05,60.21,59.23,61.65,226,484,626,715,512.75,489,184.92,226,455,41,61,2026-09-19 22:18:21.483951+00:00
US-5533100,Hartland,Wisconsin,WI,,,2025,10740,646384.13,5.71,12.83,4.89,4.6,5.7,24,2.23,-91.46,326.0,-1.51,21.33,-3.4,2.72,100.21,12,62.05,59.12,65.2,61.81,61.64,60.91,61.05,61.35,401,513,576,562,513.0,175,68.76,401,456,28,40,2026-09-19 22:18:21.483951+00:00
US-0639486,Lake Elsinore,California,CA,,,2025,75067,585597.62,1.36,6.4,-2.0,1.4,7.03,212,2.82,-60.37,2316.0,4.42,235.08,28.23,3.76,99.79,12,72.53,58.75,38.76,59.27,63.33,59.89,62.95,61.36,573,405,651,423,513.0,246,102.97,573,457,23,17,2026-09-19 22:18:21.483951+00:00
US-1708576,Brookfield,Illinois,IL,,,2025,18879,346594.46,-0.13,-2.92,5.71,5.81,6.37,2,0.11,-80.0,620.0,12.12,35.42,-7.41,2.11,100.22,12,31.2,83.35,90.62,64.31,55.76,68.79,60.61,62.37,263,1018,177,594,513.0,841,330.52,263,458,38,57,2026-09-19 22:18:21.483951+00:00
US-2746924,Northfield,Minnesota,MN,,,2025,21992,389701.36,0.27,5.6,3.36,3.01,5.18,21,0.95,110.0,705.0,11.9,44.33,27.58,2.29,99.5,12,49.62,77.04,53.45,60.18,58.42,65.28,62.34,61.56,505,774,320,465,516.0,454,164.09,505,459,12,7,2026-09-19 22:18:21.483951+00:00
US-1718992,Deerfield,Illinois,IL,,,2025,19642,632355.05,3.03,2.68,7.04,7.88,7.92,449,22.86,80.32,726.0,-6.2,45.67,-10.75,2.36,100.81,12,72.39,57.97,40.59,59.39,63.29,59.69,62.72,61.27,557,408,663,439,516.75,255,101.09,557,460,81,58,2026-09-19 22:18:21.483951+00:00
US-3908364,Brecksville,Ohio,OH,,,2025,13843,438964.38,-0.21,1.79,6.8,6.44,7.4,9,0.65,80.0,512.0,-5.19,25.08,6.74,1.85,98.82,12,64.91,52.81,74.01,62.95,62.64,59.62,60.37,61.39,343,444,669,613,517.25,326,130.31,343,461,24,38,2026-09-19 22:18:21.483951+00:00
US-1779150,Waterloo,Illinois,IL,,,2025,11132,330687.38,-0.57,1.26,7.51,6.32,6.48,36,3.23,24.14,495.0,17.02,36.33,20.78,2.85,100.58,12,51.38,79.89,41.89,58.98,58.51,65.63,63.26,61.59,600,765,306,400,517.75,459,177.9,600,462,85,59,2026-09-19 22:18:21.483951+00:00
US-3678674,Watervliet,New York,NY,,,2025,10242,313237.23,-0.07,-1.12,2.85,5.19,6.95,0,0.0,,305.0,10.11,14.08,14.19,1.7,97.86,12,46.39,69.02,82.61,63.36,58.61,64.27,60.19,61.61,318,746,381,630,518.75,428,175.57,318,463,20,21,2026-09-19 22:18:21.483951+00:00
US-5326735,Gig Harbor,Washington,WA,,,2025,12630,824169.8,0.03,4.48,1.09,2.57,6.42,8,0.63,-65.22,2103.0,2.94,139.92,28.66,2.4,99.16,12,61.07,63.03,57.11,60.76,61.06,61.55,61.55,61.23,472,551,527,526,519.0,79,28.92,472,464,12,11,2026-09-19 22:18:21.483951+00:00
US-4837216,Jacksonville,Texas,TX,,,2025,14658,218646.74,-0.03,4.51,-7.46,1.73,6.85,30,2.05,233.33,299.0,9.93,48.08,5.87,6.04,99.61,12,66.64,55.76,61.3,61.5,62.58,59.86,61.21,61.29,427,452,654,544,519.25,227,89.17,427,465,4,3,2026-09-19 22:18:21.483951+00:00
US-2036000,Kansas City,Kansas,KS,,,2025,157805,202116.83,0.39,0.96,0.96,4.91,8.13,402,2.55,26.42,4576.0,2.17,302.75,12.27,2.43,98.81,12,66.52,59.03,52.54,60.41,62.18,60.3,61.75,61.16,490,475,618,507,522.5,143,56.29,490,466,14,13,2026-09-19 22:18:21.483951+00:00
US-3901798,Amherst,Ohio,OH,,,2025,12974,276006.94,-0.26,1.72,5.72,4.48,7.08,121,9.33,12000.0,508.0,24.51,29.75,48.75,2.14,99.29,12,61.05,81.76,11.85,56.0,59.88,65.06,65.45,61.6,842,636,325,292,523.75,550,227.54,842,467,78,39,2026-09-19 22:18:21.483951+00:00
US-0822035,Durango,Colorado,CO,,,2025,19733,749906.59,-0.57,3.25,2.01,3.19,8.8,210,10.64,328.57,690.0,8.83,56.33,15.95,3.02,97.88,12,78.54,56.54,28.24,58.26,64.39,58.89,63.61,61.29,666,335,722,379,525.5,387,170.37,666,468,1,2,2026-09-19 22:18:21.483951+00:00
US-5549300,Marinette,Wisconsin,WI,,,2025,11168,198845.07,-0.02,0.47,6.1,5.92,7.56,12,1.07,1100.0,459.0,5.28,40.17,33.89,3.33,101.03,12,59.86,67.28,48.71,59.67,60.42,62.27,62.09,61.11,535,596,487,486,526.0,110,45.01,535,469,47,41,2026-09-19 22:18:21.483951+00:00
US-4507210,Bluffton,South Carolina,SC,,,2025,36807,500275.77,1.2,30.06,-2.33,1.37,8.42,506,13.75,52.87,2890.0,7.96,338.17,25.4,4.28,97.74,12,92.79,46.7,18.75,58.15,67.86,56.33,64.64,61.74,671,185,916,333,526.25,731,285.77,671,470,11,9,2026-09-19 22:18:21.483951+00:00
US-2767036,Victoria,Minnesota,MN,,,2025,12447,605121.78,4.4,16.65,0.07,0.81,4.47,113,9.08,-44.06,955.0,32.64,65.42,1.95,2.51,99.17,12,53.82,76.97,41.04,58.73,58.85,64.63,62.96,61.29,619,723,350,420,528.0,373,149.71,619,471,15,8,2026-09-19 22:18:21.483951+00:00
US-2906652,Blue Springs,Missouri,MO,,,2025,61632,307074.04,0.63,4.88,0.32,2.26,5.69,162,2.63,-27.68,2870.0,9.75,188.83,17.11,2.53,99.85,12,53.01,75.04,47.88,59.44,58.85,64.36,62.41,61.27,553,722,377,463,528.75,345,127.75,553,472,27,23,2026-09-19 22:18:21.483951+00:00
US-1770720,South Elgin,Illinois,IL,,,2025,25656,365493.27,2.73,7.69,3.42,4.99,7.04,153,5.96,-50.0,789.0,-24.79,44.67,-22.99,2.14,100.34,12,74.41,50.12,54.73,60.99,64.17,58.1,61.51,61.19,465,358,765,530,529.5,407,149.19,465,473,75,60,2026-09-19 22:18:21.483951+00:00
US-2688140,Wixom,Michigan,MI,,,2025,17313,383954.36,0.12,0.94,3.02,3.9,6.39,4,0.23,-78.95,488.0,2.09,26.42,1.6,2.02,99.24,12,48.78,65.7,83.43,63.36,59.05,63.28,59.86,61.39,317,710,435,660,530.5,393,161.01,317,474,11,11,2026-09-19 22:18:21.483951+00:00
US-1871828,Speedway,Indiana,IN,,,2025,14373,238640.83,-0.25,2.97,1.88,3.6,8.54,0,0.0,,274.0,-14.37,11.58,21.93,1.53,97.2,12,76.61,39.79,76.56,63.71,65.56,56.35,60.04,61.41,294,270,913,648,531.25,643,266.41,294,475,6,14,2026-09-19 22:18:21.483951+00:00
US-3645997,Massapequa Park,New York,NY,,,2025,16997,778472.04,0.05,-0.33,3.81,5.34,5.9,7,0.41,0.0,377.0,2.72,16.67,-12.28,1.73,103.5,12,36.35,78.5,85.76,63.45,56.41,66.94,60.26,61.77,313,954,241,625,533.25,713,282.56,313,476,19,22,2026-09-19 22:18:21.483951+00:00
US-3442510,Madison,New Jersey,NJ,,,2025,16607,979497.62,0.8,-1.8,5.77,6.64,6.96,23,1.38,-28.13,779.0,0.91,40.17,-14.08,1.97,104.25,12,43.44,74.17,76.68,62.51,57.65,65.33,60.59,61.52,377,848,319,596,535.0,529,208.15,377,477,57,62,2026-09-19 22:18:21.483951+00:00
US-2734244,Lake Elmo,Minnesota,MN,,,2025,14376,629424.08,1.76,26.69,2.06,1.25,4.78,212,14.75,146.51,748.0,16.69,50.83,-3.33,2.58,99.09,12,57.25,73.83,39.11,58.52,59.5,63.65,62.9,61.14,639,663,412,427,535.25,251,116.18,639,478,18,9,2026-09-19 22:18:21.483951+00:00
US-2712160,Cloquet,Minnesota,MN,,,2025,12399,261620.1,-0.64,-1.33,2.77,3.65,5.72,14,1.13,27.27,518.0,37.04,21.67,-20.25,1.67,99.89,12,29.79,88.99,79.18,62.86,54.96,69.76,61.37,62.24,352,1096,155,539,535.5,941,350.94,352,479,7,10,2026-09-19 22:18:21.483951+00:00
US-2680420,Trenton,Michigan,MI,,,2025,17849,241789.1,-0.24,-3.38,3.64,5.12,6.39,0,0.0,-100.0,836.0,7.73,31.0,0.0,1.4,99.95,12,29.95,82.83,93.5,64.34,55.35,68.57,60.1,62.09,261,1057,186,642,536.5,871,346.7,261,480,6,12,2026-09-19 22:18:21.483951+00:00
US-0613210,Chino,California,CA,,,2025,96957,751945.01,1.73,5.98,-1.35,2.25,6.38,214,2.21,-64.39,2079.0,12.81,199.75,56.77,3.53,99.89,12,63.84,69.39,32.46,57.94,60.8,62.19,63.2,61.03,686,569,492,404,537.75,282,103.61,686,481,34,18,2026-09-19 22:18:21.483951+00:00
US-2978442,Wentzville,Missouri,MO,,,2025,49495,396102.18,1.97,9.28,0.31,2.19,5.74,239,4.83,-38.87,2286.0,12.83,159.0,27.45,2.61,99.44,12,59.9,74.21,30.89,57.65,59.84,63.42,63.44,61.09,705,641,425,388,539.75,317,135.79,705,482,33,24,2026-09-19 22:18:21.483951+00:00
US-3744520,Morrisville,North Carolina,NC,,,2025,32466,485479.49,-0.24,7.84,-4.32,-0.85,6.7,307,9.46,597.73,661.0,21.73,48.75,39.95,2.69,98.54,12,70.0,70.48,14.38,56.26,61.8,61.92,64.66,61.16,821,501,507,332,540.25,489,176.66,821,483,17,15,2026-09-19 22:18:21.483951+00:00
US-1312456,Calhoun,Georgia,GA,,,2025,20196,270805.14,2.79,18.22,2.4,4.44,9.12,171,8.47,-40.21,651.0,14.41,88.42,47.57,5.18,97.43,12,93.75,47.28,13.65,57.46,67.79,56.18,64.83,61.57,719,188,935,320,540.5,747,300.15,719,484,8,6,2026-09-19 22:18:21.483951+00:00
US-1706613,Bloomington,Illinois,IL,,,2025,78804,265833.6,-0.13,0.16,4.95,5.37,8.17,82,1.04,-6.82,3022.0,-7.89,171.75,0.19,2.13,99.76,12,62.89,54.43,73.27,62.52,61.91,59.79,60.12,61.09,376,492,659,639,541.5,283,115.27,376,485,62,61,2026-09-19 22:18:21.483951+00:00
US-1753377,Norridge,Illinois,IL,,,2025,14808,404092.29,-0.2,-2.61,6.3,6.31,6.47,0,0.0,,499.0,11.38,27.92,-18.09,2.04,99.04,12,33.84,75.55,100.0,64.98,56.28,66.71,59.23,61.8,235,965,252,716,542.0,730,311.27,235,486,33,62,2026-09-19 22:18:21.483951+00:00
US-1854180,Noblesville,Indiana,IN,,,2025,76111,389843.14,1.12,8.41,2.1,2.5,6.97,1252,16.45,83.04,3814.0,8.51,228.75,49.92,2.17,98.63,12,74.39,69.07,6.53,55.56,62.61,61.28,65.21,61.17,887,447,543,301,544.5,586,215.7,887,487,33,15,2026-09-19 22:18:21.483951+00:00
US-4965770,Salem,Utah,UT,,,2025,12234,602083.25,8.82,30.68,4.13,2.39,7.0,702,57.38,105.87,953.0,158.27,109.92,148.87,5.33,99.51,12,81.34,62.77,4.99,55.75,64.32,59.67,65.35,61.27,872,346,665,295,544.5,577,236.34,872,488,11,5,2026-09-19 22:18:21.483951+00:00
US-1700685,Algonquin,Illinois,IL,,,2025,30824,407571.87,0.97,3.9,3.99,5.79,8.04,164,5.32,-7.87,1259.0,-1.02,100.58,22.79,2.91,99.84,12,76.44,56.34,32.34,58.38,63.79,58.77,62.98,60.98,654,378,729,418,544.75,351,149.8,654,489,90,63,2026-09-19 22:18:21.483951+00:00
US-4414140,Central Falls,Rhode Island,RI,,,2025,23124,380639.38,0.56,2.54,0.91,6.12,8.61,65,2.81,140.74,175.0,-16.67,12.5,9.49,2.71,101.08,12,75.65,48.63,53.51,60.66,64.22,57.47,61.28,60.91,476,352,814,542,546.0,462,169.1,476,490,7,7,2026-09-19 22:18:21.483951+00:00
US-1682810,Twin Falls,Idaho,ID,,,2025,56216,367995.05,1.18,7.88,2.29,0.89,7.69,267,4.75,-33.42,1940.0,5.04,201.0,15.96,3.8,98.26,12,81.14,48.52,39.62,59.34,65.12,56.97,62.31,60.94,562,294,858,470,546.0,564,204.25,562,491,7,9,2026-09-19 22:18:21.483951+00:00
US-3725300,Fuquay-Varina,North Carolina,NC,,,2025,48536,444690.7,5.0,40.4,-3.06,-0.56,7.02,715,14.73,-33.18,3352.0,9.33,285.0,44.24,3.15,98.68,12,81.5,60.86,8.69,56.07,64.39,59.23,64.93,61.15,836,336,699,317,547.0,519,225.86,836,492,20,16,2026-09-19 22:18:21.483951+00:00
US-1780645,Westmont,Illinois,IL,,,2025,24155,401097.5,-0.15,-1.02,5.16,5.69,5.5,11,0.46,120.0,766.0,17.13,41.17,-15.12,1.98,100.01,12,28.95,86.01,87.3,63.51,54.82,69.09,60.46,61.97,306,1106,170,607,547.25,936,359.27,306,493,45,64,2026-09-19 22:18:21.483951+00:00
US-1768081,Schiller Park,Illinois,IL,,,2025,11317,299606.9,-0.2,-2.99,5.47,6.16,7.32,0,0.0,,362.0,10.37,24.67,8.03,2.52,99.04,12,42.72,69.92,88.14,63.6,57.69,64.49,59.5,61.32,298,842,362,688,547.5,544,225.35,298,494,43,65,2026-09-19 22:18:21.483951+00:00
US-1641320,Jerome,Idaho,ID,,,2025,13731,402076.44,1.02,11.04,3.24,2.7,8.46,116,8.45,36.47,408.0,12.4,47.75,60.5,4.44,98.2,12,88.81,52.27,11.87,56.79,66.31,57.17,64.67,61.24,770,244,846,331,547.75,602,263.44,770,495,12,10,2026-09-19 22:18:21.483951+00:00
US-3457000,Paterson,New Jersey,NJ,,,2025,161793,521408.52,0.03,1.58,4.16,6.71,8.25,277,1.71,-24.32,1879.0,-0.63,235.75,11.38,4.63,103.27,12,70.14,51.88,59.2,61.01,63.02,58.46,60.83,60.83,463,425,745,574,551.75,320,124.28,463,496,64,63,2026-09-19 22:18:21.483951+00:00
US-0637692,Jurupa Valley,California,CA,,,2025,107311,668680.84,-0.49,1.87,-1.8,2.41,6.63,316,2.94,5.69,1848.0,18.01,147.42,50.3,2.92,100.26,12,56.14,78.61,29.15,57.26,58.83,64.45,63.55,61.02,737,725,366,383,552.75,371,178.4,737,497,39,19,2026-09-19 22:18:21.483951+00:00
US-0135800,Homewood,Alabama,AL,,,2025,28118,546416.42,0.42,2.64,3.98,2.76,4.75,28,1.0,-61.64,1001.0,11.1,64.58,7.34,2.45,100.82,12,39.43,80.94,69.02,61.36,56.32,66.7,61.07,61.36,441,959,253,559,553.0,706,258.56,441,498,2,2,2026-09-19 22:18:21.483951+00:00
US-2668880,Riverview,Michigan,MI,,,2025,11947,242831.54,-0.26,-4.06,5.17,4.81,5.8,0,0.0,-100.0,391.0,20.31,14.08,5.62,1.32,100.77,12,21.38,93.74,90.04,63.87,53.39,71.48,60.81,62.38,286,1240,112,575,553.25,1128,429.6,286,499,8,13,2026-09-19 22:18:21.483951+00:00
US-3461530,Rahway,New Jersey,NJ,,,2025,31010,534521.82,-0.01,4.49,2.8,6.89,8.21,113,3.64,41.25,726.0,-11.03,52.33,26.36,2.73,102.82,12,78.74,52.12,35.84,58.7,64.32,57.67,62.47,60.79,623,345,796,458,555.5,451,170.45,623,500,79,64,2026-09-19 22:18:21.483951+00:00
US-5307380,Bothell,Washington,WA,,,2025,52199,1055091.82,1.49,8.36,-1.46,3.31,8.56,262,5.02,27.18,1626.0,-13.56,102.0,109.23,2.27,100.04,12,86.66,50.92,19.3,57.31,65.83,56.9,63.84,60.97,730,260,864,368,555.5,604,249.05,730,501,15,12,2026-09-19 22:18:21.483951+00:00
US-1783349,Woodstock,Illinois,IL,,,2025,25740,327637.6,-0.51,0.37,4.29,6.0,7.77,51,1.98,750.0,949.0,3.49,68.5,25.11,2.65,99.79,12,61.12,65.93,46.3,59.1,60.34,61.54,61.8,60.7,590,603,528,504,556.25,99,41.39,590,502,84,66,2026-09-19 22:18:21.483951+00:00
US-0643280,Los Altos,California,CA,,,2025,30965,4454770.22,0.89,-1.22,3.05,4.59,6.78,133,4.3,-45.93,910.0,2.13,31.33,-15.12,1.37,105.83,12,43.41,80.02,59.87,60.34,56.86,66.01,61.53,61.19,495,917,286,528,556.5,631,227.88,495,503,17,20,2026-09-19 22:18:21.483951+00:00
US-3006550,Billings,Montana,MT,,,2025,121239,395895.32,-0.17,3.43,0.99,2.47,7.01,468,3.86,-28.55,5129.0,8.18,565.75,11.68,4.13,99.73,12,65.99,60.77,46.53,59.3,61.5,60.2,61.69,60.67,568,522,627,515,558.0,112,44.74,568,504,1,1,2026-09-19 22:18:21.483951+00:00
US-2978118,Webb City,Missouri,MO,,,2025,13459,225500.14,0.14,2.69,2.73,4.2,7.97,25,1.86,13.64,571.0,-11.06,38.17,9.83,2.5,99.86,12,72.81,48.82,59.39,61.06,63.6,57.6,60.67,60.73,458,389,801,590,559.5,412,157.02,458,505,21,25,2026-09-19 22:18:21.483951+00:00
US-0153016,Muscle Shoals,Alabama,AL,,,2025,17666,256903.26,1.03,7.89,2.05,3.69,7.57,48,2.72,-20.0,810.0,10.5,71.17,40.69,3.28,96.85,12,79.95,51.89,33.03,58.4,64.49,57.48,62.63,60.75,653,327,812,448,560.0,485,186.4,653,506,4,3,2026-09-19 22:18:21.483951+00:00
US-3473140,Totowa,New Jersey,NJ,,,2025,11166,641983.94,0.16,1.32,3.59,6.15,6.82,1,0.09,-83.33,230.0,-4.17,18.83,3.2,3.08,102.7,12,56.06,55.81,86.27,63.53,60.52,60.45,58.97,60.87,302,587,609,743,560.25,441,160.61,302,507,50,65,2026-09-19 22:18:21.483951+00:00
US-2730392,Hugo,Minnesota,MN,,,2025,17167,433588.33,2.75,8.6,1.24,1.39,4.48,188,10.95,6.82,1231.0,17.57,71.17,-7.58,2.1,99.31,12,49.05,80.48,43.3,58.61,57.62,65.48,62.62,61.08,634,852,310,449,561.25,542,203.44,634,508,17,11,2026-09-19 22:18:21.483951+00:00
US-3955916,Niles,Ohio,OH,,,2025,18116,132713.83,-0.54,-1.63,7.45,7.41,9.78,3,0.17,-25.0,566.0,16.46,40.25,26.11,2.67,96.93,12,58.09,61.24,66.17,61.21,60.25,61.04,60.32,60.7,450,610,566,621,561.75,171,67.72,450,509,37,40,2026-09-19 22:18:21.483951+00:00
US-3983622,Westlake,Ohio,OH,,,2025,33904,418350.93,0.22,-0.86,5.7,5.57,7.25,70,2.06,-5.41,1326.0,11.43,74.0,20.98,2.15,99.23,12,50.88,76.13,48.58,59.14,58.11,64.42,62.01,60.92,586,802,370,492,562.5,432,158.07,586,510,50,41,2026-09-19 22:18:21.483951+00:00
US-5527300,Franklin,Wisconsin,WI,,,2025,36687,435558.57,0.35,1.47,3.84,5.49,6.34,74,2.02,-6.33,1383.0,3.21,76.0,15.3,1.97,100.31,12,50.29,74.65,53.59,59.64,58.09,64.18,61.58,60.87,540,804,384,524,563.0,420,151.8,540,511,48,42,2026-09-19 22:18:21.483951+00:00
US-3611000,Buffalo,New York,NY,,,2025,274613,244528.89,-0.26,-1.13,3.79,5.29,8.03,200,0.73,9.29,5987.0,-2.16,442.75,11.5,2.7,103.35,12,56.02,62.29,68.76,61.4,59.81,61.38,60.12,60.68,434,643,536,640,563.25,209,86.17,434,512,25,23,2026-09-19 22:18:21.483951+00:00
US-4708540,Bristol,Tennessee,TN,,,2025,28107,238217.36,1.02,3.46,-0.44,4.98,8.45,127,4.52,-12.41,1629.0,17.62,155.17,27.8,3.61,97.07,12,77.66,54.64,31.65,58.1,63.85,58.1,62.7,60.69,676,375,764,442,564.25,389,160.58,676,513,7,6,2026-09-19 22:18:21.483951+00:00
US-1711358,Carpentersville,Illinois,IL,,,2025,37045,288125.69,-0.6,-2.21,4.12,6.1,7.37,0,0.0,,888.0,0.23,53.83,15.15,2.21,100.35,12,46.49,67.65,81.93,62.76,58.15,63.44,59.56,60.98,361,799,424,682,566.5,438,180.23,361,514,60,67,2026-09-19 22:18:21.483951+00:00
US-4738320,Johnson City,Tennessee,TN,,,2025,74943,290097.19,1.82,5.45,-0.28,4.08,8.27,350,4.67,-43.09,3150.0,8.66,275.42,33.0,3.25,97.3,12,81.46,52.05,28.25,57.86,64.66,57.3,62.9,60.68,693,315,834,424,566.5,519,206.83,693,515,8,7,2026-09-19 22:18:21.483951+00:00
US-2360545,Portland,Maine,ME,,,2025,69911,559996.65,0.23,2.08,-0.65,4.03,7.95,423,6.05,233.07,2457.0,-2.77,187.83,-6.2,2.93,99.94,12,70.45,54.21,50.64,59.81,62.6,58.55,61.16,60.53,527,449,741,550,566.75,292,107.34,527,516,8,8,2026-09-19 22:18:21.483951+00:00
US-4607580,Brookings,South Dakota,SD,,,2025,25355,316306.33,2.02,8.49,5.89,4.28,6.41,296,11.67,133.07,94.0,184.85,5.0,207.69,3.12,99.69,12,67.26,75.3,7.86,55.23,60.77,62.78,64.94,60.93,915,574,462,316,566.75,599,220.9,915,517,3,2,2026-09-19 22:18:21.483951+00:00
US-5568275,River Falls,Wisconsin,WI,,,2025,17916,407060.07,0.94,9.87,1.83,2.49,4.9,172,9.6,62.26,664.0,9.75,44.33,-2.74,2.58,100.17,12,52.74,76.24,42.86,58.5,58.31,64.19,62.33,60.83,640,782,383,466,567.75,399,154.6,640,518,53,43,2026-09-19 22:18:21.483951+00:00
US-4579630,York,South Carolina,SC,,,2025,10620,358159.93,8.0,24.05,-1.5,1.44,6.47,387,36.44,4.03,1182.0,15.43,135.67,16.04,4.19,99.0,12,74.6,60.61,24.21,57.1,62.84,59.35,63.26,60.64,747,436,690,399,568.0,348,152.41,747,519,14,10,2026-09-19 22:18:21.483951+00:00
US-5577200,Stevens Point,Wisconsin,WI,,,2025,26377,276389.39,0.07,2.65,7.76,6.37,6.79,20,0.76,-76.47,692.0,-4.42,44.33,-1.12,2.4,99.52,12,61.02,53.91,77.29,62.6,61.33,59.55,59.45,60.73,372,534,674,694,568.5,322,129.12,372,520,27,44,2026-09-19 22:18:21.483951+00:00
US-2762824,Stillwater,Minnesota,MN,,,2025,19354,444191.13,0.12,-0.25,2.81,1.75,4.53,5,0.26,25.0,904.0,14.72,36.58,-11.67,1.48,100.15,12,25.15,89.36,88.21,63.39,53.87,69.93,60.35,61.88,315,1199,147,614,568.75,1052,400.48,315,521,6,12,2026-09-19 22:18:21.483951+00:00
US-0680644,Tulare,California,CA,,,2025,73907,352210.01,1.49,6.58,-0.19,1.47,6.16,456,6.17,16.33,1905.0,9.55,125.33,21.88,2.43,99.23,12,61.41,71.54,30.77,57.29,59.85,62.38,62.9,60.61,734,640,482,425,570.25,309,123.05,734,522,38,21,2026-09-19 22:18:21.483951+00:00
US-1202550,Auburndale,Florida,FL,,,2025,21369,306662.55,3.7,35.92,-3.43,-1.5,6.79,195,9.13,-39.25,1136.0,9.97,148.58,0.22,4.86,98.3,12,78.67,49.29,41.91,59.2,64.34,57.0,61.77,60.58,579,343,854,506,570.5,511,184.64,579,523,2,2,2026-09-19 22:18:21.483951+00:00
US-1203675,Bartow,Florida,FL,,,2025,23617,278375.93,6.36,19.95,-2.84,-0.7,7.23,422,17.87,-30.71,1594.0,7.2,154.83,21.84,3.65,98.44,12,83.3,53.47,19.67,56.95,64.81,57.35,63.51,60.66,760,307,830,386,570.75,523,227.33,760,524,5,3,2026-09-19 22:18:21.483951+00:00
US-1803394,Bargersville,Indiana,IN,,,2025,11862,448788.45,4.9,22.11,2.09,2.15,6.34,151,12.73,-24.5,839.0,21.77,63.08,13.83,2.82,96.77,12,72.38,61.16,28.07,57.37,62.36,59.56,62.9,60.55,727,460,672,426,571.25,301,130.27,727,525,21,16,2026-09-19 22:18:21.483951+00:00
US-3670420,Spring Valley,New York,NY,,,2025,34482,870142.58,0.57,4.6,3.41,7.92,10.53,31,0.9,3.33,334.0,10.6,43.17,59.88,5.11,97.51,12,82.36,45.16,43.39,59.59,65.35,56.05,61.72,60.68,543,282,950,511,571.5,668,240.6,543,526,28,24,2026-09-19 22:18:21.483951+00:00
US-3905690,Berea,Ohio,OH,,,2025,17920,239001.27,0.03,-3.15,4.82,5.9,7.19,21,1.17,600.0,621.0,9.72,20.17,42.35,1.16,101.46,12,40.76,89.23,43.97,58.52,55.78,67.9,62.89,61.27,638,1013,209,428,572.0,804,296.37,638,527,55,42,2026-09-19 22:18:21.483951+00:00
US-3945976,Macedonia,Ohio,OH,,,2025,12147,343369.77,0.2,-0.18,3.76,3.98,6.19,0,0.0,-100.0,407.0,-1.69,12.08,-8.23,1.09,99.92,12,40.29,68.34,96.94,64.27,57.2,64.22,58.58,61.07,266,887,382,765,575.0,621,257.96,266,528,15,43,2026-09-19 22:18:21.483951+00:00
US-4072100,Tahlequah,Oklahoma,OK,,,2025,17508,191865.97,0.95,6.35,3.3,3.09,7.39,22,1.26,-54.17,523.0,2.95,50.0,-4.0,3.5,96.39,12,76.47,39.74,73.44,62.86,65.0,55.82,59.64,60.83,353,299,974,674,575.0,675,271.32,353,529,1,3,2026-09-19 22:18:21.483951+00:00
US-2718674,Elk River,Minnesota,MN,,,2025,27896,396643.25,0.99,7.55,2.09,1.9,4.95,90,3.23,-8.16,1208.0,13.0,89.08,10.09,2.74,99.76,12,50.43,75.22,50.85,59.21,57.93,64.13,61.63,60.72,578,823,387,521,577.25,436,157.92,578,530,14,13,2026-09-19 22:18:21.483951+00:00
US-5320645,Edgewood,Washington,WA,,,2025,13548,738896.31,0.56,9.07,-0.25,2.39,4.98,58,4.28,16.0,468.0,19.39,34.67,0.24,2.77,98.91,12,52.34,71.89,53.32,59.43,58.35,63.24,61.24,60.56,554,778,440,543,578.75,338,123.33,554,531,13,13,2026-09-19 22:18:21.483951+00:00
US-1201700,Apopka,Florida,FL,,,2025,65552,395726.99,5.47,19.39,-4.05,-0.58,6.61,1338,20.41,-7.02,4243.0,30.43,422.17,30.67,3.68,98.65,12,75.42,63.76,13.72,55.91,62.67,59.75,64.0,60.58,853,443,661,363,580.0,490,191.67,853,532,10,4,2026-09-19 22:18:21.483951+00:00
US-0669196,Santa Maria,California,CA,,,2025,111390,647411.08,0.36,1.46,-0.15,3.21,6.93,594,5.33,215.96,1226.0,-5.4,50.17,-14.25,1.52,100.12,12,58.21,64.11,56.34,59.81,59.7,61.18,60.68,60.34,528,652,554,588,580.5,124,46.44,528,533,19,22,2026-09-19 22:18:21.483951+00:00
US-4548535,Mount Pleasant,South Carolina,SC,,,2025,95469,868499.12,-0.54,4.63,0.76,5.45,11.21,240,2.51,14.29,5419.0,3.06,556.25,20.01,3.78,97.87,12,82.48,43.64,46.39,59.86,65.41,55.7,61.39,60.59,525,276,987,536,581.0,711,256.43,525,534,6,11,2026-09-19 22:18:21.483951+00:00
US-5559925,Onalaska,Wisconsin,WI,,,2025,20297,360774.14,2.13,7.63,0.68,3.29,5.47,175,8.62,-29.44,642.0,10.31,26.92,63.96,1.53,100.28,12,54.92,86.86,11.48,55.24,57.99,65.97,64.95,61.04,913,816,288,315,583.0,625,283.74,913,535,65,45,2026-09-19 22:18:21.483951+00:00
US-0638520,King City,California,CA,,,2025,14002,515842.68,0.87,4.84,-1.49,1.55,6.15,52,3.71,-26.76,142.0,10.94,12.25,8.89,3.28,99.48,12,58.06,66.95,49.41,59.01,59.43,61.65,61.19,60.32,596,668,523,547,583.5,145,55.43,596,536,25,23,2026-09-19 22:18:21.483951+00:00
US-1845648,McCordsville,Indiana,IN,,,2025,13094,382772.42,11.45,47.42,1.41,1.89,6.58,501,38.26,-5.11,1130.0,41.25,99.92,46.04,3.23,98.48,12,76.08,65.74,7.11,55.22,62.63,60.05,64.53,60.61,916,445,635,338,583.5,578,219.47,916,537,35,17,2026-09-19 22:18:21.483951+00:00
US-1379528,Villa Rica,Georgia,GA,,,2025,21022,313499.8,4.71,21.98,-2.54,-0.29,7.25,588,27.97,55.97,1137.0,13.59,165.25,10.29,5.39,98.0,12,83.89,48.8,29.21,57.94,65.16,56.39,62.63,60.53,685,293,910,447,583.75,617,234.48,685,538,7,7,2026-09-19 22:18:21.483951+00:00
US-2675100,South Lyon,Michigan,MI,,,2025,12107,469731.04,0.21,3.24,4.4,4.33,6.42,26,2.15,85.71,662.0,10.52,39.25,62.98,2.23,99.18,12,57.97,74.13,32.59,57.28,59.01,63.05,62.7,60.51,735,713,449,441,584.5,294,139.75,735,539,26,14,2026-09-19 22:18:21.483951+00:00
US-1769524,Shiloh,Illinois,IL,,,2025,14604,315681.69,-0.36,3.59,3.17,4.06,6.22,30,2.05,-21.05,607.0,3.58,39.08,23.42,2.41,100.15,12,55.92,70.43,46.82,58.73,58.91,62.54,61.54,60.43,620,720,472,527,584.75,248,94.32,620,540,88,68,2026-09-19 22:18:21.483951+00:00
US-2727530,Hastings,Minnesota,MN,,,2025,22563,378040.11,0.07,1.84,2.9,2.63,4.71,36,1.6,-16.28,966.0,11.55,42.0,-8.53,1.62,99.58,12,36.25,82.27,71.93,61.28,55.41,66.91,60.53,61.03,446,1051,243,599,584.75,808,297.34,446,541,10,14,2026-09-19 22:18:21.483951+00:00
US-0504840,Bella Vista,Arkansas,AR,,,2025,34518,357783.21,3.7,14.22,2.42,2.45,9.31,786,22.77,23.39,4034.0,-2.16,314.92,25.67,2.86,98.48,12,92.51,45.35,16.85,57.09,67.01,55.22,63.72,60.76,749,208,1013,373,585.75,805,315.1,749,542,6,4,2026-09-19 22:18:21.483951+00:00
US-3455950,Paramus,New Jersey,NJ,,,2025,26723,1017905.49,-0.14,0.03,5.35,6.93,6.69,98,3.67,88.46,649.0,12.48,59.5,-4.29,3.37,101.11,12,48.04,74.55,57.89,59.78,57.47,64.1,60.95,60.57,530,863,388,564,586.25,475,172.88,530,543,72,66,2026-09-19 22:18:21.483951+00:00
US-1801468,Anderson,Indiana,IN,,,2025,56153,133862.36,0.63,2.48,1.13,4.3,9.08,56,1.0,0.0,2153.0,-0.14,151.25,12.59,2.61,96.51,12,76.85,42.18,64.58,61.65,64.61,55.94,60.02,60.55,415,317,962,651,586.25,645,248.6,415,544,9,18,2026-09-19 22:18:21.483951+00:00
US-1779293,Waukegan,Illinois,IL,,,2025,87940,238866.93,-0.28,-1.33,5.55,7.84,8.72,13,0.15,550.0,1567.0,-7.0,108.67,3.82,2.54,100.17,12,58.54,53.09,84.28,63.07,60.77,59.41,58.66,60.48,331,573,686,759,587.25,428,162.11,331,545,51,69,2026-09-19 22:18:21.483951+00:00
US-3403580,Bayonne,New Jersey,NJ,,,2025,74744,575556.12,0.99,4.39,0.24,5.03,5.91,108,1.44,-28.0,1127.0,15.59,106.5,38.91,3.49,100.55,12,54.29,74.02,42.75,58.31,58.48,63.41,62.01,60.55,663,770,426,491,587.5,344,136.38,663,546,82,67,2026-09-19 22:18:21.483951+00:00
US-3620313,Depew,New York,NY,,,2025,14801,267797.44,-0.36,-2.28,3.08,6.02,8.44,0,0.0,,499.0,-14.85,16.33,23.27,1.22,107.14,12,53.53,61.46,75.55,61.81,59.21,61.19,59.3,60.38,404,690,553,707,588.5,303,122.11,404,547,22,25,2026-09-19 22:18:21.483951+00:00
US-2939044,Kirkwood,Missouri,MO,,,2025,29331,460646.1,0.06,-0.41,3.68,4.23,5.75,44,1.5,-18.52,1567.0,12.33,63.92,18.91,1.53,101.55,12,34.2,91.64,54.52,59.38,54.48,68.84,62.08,61.2,558,1135,175,487,588.75,960,346.73,558,548,28,26,2026-09-19 22:18:21.483951+00:00
US-4970960,South Ogden,Utah,UT,,,2025,17710,432166.7,-0.64,1.23,2.6,1.45,6.87,3,0.17,0.0,696.0,13.73,65.92,32.94,3.47,98.87,12,56.25,63.5,62.25,60.29,59.32,61.14,60.11,60.22,498,675,560,641,593.5,177,69.18,498,549,5,6,2026-09-19 22:18:21.483951+00:00
US-3426820,Gloucester City,New Jersey,NJ,,,2025,11643,242443.49,0.32,1.53,-2.91,7.81,10.51,4,0.34,,487.0,-16.47,35.58,22.0,2.72,100.03,12,73.01,45.3,65.38,61.41,63.56,56.63,59.78,60.34,432,391,886,665,593.5,495,198.59,432,550,61,68,2026-09-19 22:18:21.483951+00:00
US-0629000,Garden Grove,California,CA,,,2025,170455,977939.71,-0.28,-0.82,0.16,4.87,7.31,381,2.24,252.78,1928.0,8.38,127.75,41.42,2.43,101.18,12,51.7,79.5,35.64,57.42,57.63,64.58,62.61,60.56,723,849,353,451,594.0,496,200.12,723,551,36,24,2026-09-19 22:18:21.483951+00:00
US-4716300,Collegedale,Tennessee,TN,,,2025,11499,417618.99,-0.29,3.37,0.29,2.71,7.43,34,2.96,161.54,298.0,11.61,41.17,0.0,5.13,98.3,12,70.33,50.0,59.41,60.49,62.59,57.51,60.09,60.17,484,450,807,643,596.0,357,141.94,484,552,4,8,2026-09-19 22:18:21.483951+00:00
US-4504690,Beaufort,South Carolina,SC,,,2025,15775,409945.27,8.67,14.97,0.84,4.33,8.78,125,7.92,-83.33,1121.0,7.68,135.33,33.22,4.47,97.39,12,92.08,44.09,20.25,57.33,66.91,54.91,63.3,60.61,729,214,1044,397,596.0,830,317.77,729,553,13,12,2026-09-19 22:18:21.483951+00:00
US-1741105,Lake Forest,Illinois,IL,,,2025,19731,1172442.95,-0.11,1.97,9.04,6.81,9.06,16,0.81,14.29,933.0,3.78,91.75,5.66,4.0,97.34,12,74.91,40.96,72.41,62.4,64.35,55.86,59.38,60.5,380,342,969,699,597.5,627,255.39,380,554,63,70,2026-09-19 22:18:21.483951+00:00
US-3458200,Perth Amboy,New Jersey,NJ,,,2025,56739,489765.98,0.63,2.49,1.47,6.45,7.04,3,0.05,200.0,510.0,-5.56,59.58,-2.85,4.29,101.12,12,63.77,45.04,90.47,63.89,62.16,57.48,58.01,60.38,284,477,813,820,598.5,536,228.44,284,555,48,69,2026-09-19 22:18:21.483951+00:00
US-1313688,Cartersville,Georgia,GA,,,2025,25349,323049.54,0.65,9.22,-0.55,1.11,7.8,149,5.88,-15.34,1046.0,6.95,109.17,29.7,3.84,98.11,12,83.32,49.94,26.32,57.39,64.76,56.41,62.6,60.29,726,310,907,452,598.75,597,232.45,726,556,9,8,2026-09-19 22:18:21.483951+00:00
US-3979562,Van Wert,Ohio,OH,,,2025,11200,183309.21,0.74,0.75,7.29,7.98,9.1,16,1.43,-30.43,520.0,6.34,38.0,12.04,2.83,96.44,12,69.26,50.27,60.93,60.53,62.31,57.56,59.88,60.07,482,467,802,659,602.5,335,137.73,482,557,43,44,2026-09-19 22:18:21.483951+00:00
US-3665255,Saratoga Springs,New York,NY,,,2025,28768,628306.81,0.41,0.77,2.43,4.41,7.31,131,4.55,0.0,1138.0,21.19,92.08,14.04,3.04,98.67,12,59.28,68.18,41.73,58.01,59.32,61.54,61.53,60.1,679,676,529,529,603.25,150,74.26,679,558,30,26,2026-09-19 22:18:21.483951+00:00
US-0505320,Bentonville,Arkansas,AR,,,2025,63057,491205.57,1.85,15.04,6.13,4.93,11.16,2114,33.53,285.06,2859.0,8.42,337.75,76.76,4.29,98.18,12,92.86,49.42,4.99,55.69,66.65,55.79,64.52,60.66,876,225,976,339,604.0,751,326.43,876,559,7,5,2026-09-19 22:18:21.483951+00:00
US-1652660,Middleton,Idaho,ID,,,2025,12600,505184.41,7.2,31.62,0.97,-0.08,6.29,389,30.87,18.96,1265.0,4.03,117.83,-2.42,3.44,99.32,12,71.82,56.73,37.82,58.04,62.2,58.42,61.63,60.07,678,474,746,520,604.5,272,111.35,678,560,9,11,2026-09-19 22:18:21.483951+00:00
US-3979716,Vermilion,Ohio,OH,,,2025,10695,261625.75,-0.18,0.25,5.07,5.34,7.44,46,4.3,170.59,496.0,24.94,30.17,55.36,2.24,98.89,12,57.88,77.86,22.33,55.98,58.54,63.53,63.31,60.34,846,757,419,396,604.5,450,199.66,846,561,80,45,2026-09-19 22:18:21.483951+00:00
US-1021200,Dover,Delaware,DE,,,2025,40592,339704.16,0.7,2.98,1.72,4.37,7.37,239,5.89,9.63,1384.0,10.99,109.83,42.64,2.93,99.05,12,68.92,66.89,20.06,55.99,60.98,60.47,63.12,60.14,844,558,608,410,605.0,434,156.02,844,562,4,2,2026-09-19 22:18:21.483951+00:00
US-2380740,Waterville,Maine,ME,,,2025,17579,250921.31,0.67,5.35,1.67,6.9,10.94,74,4.21,722.22,532.0,-1.85,45.17,20.98,3.09,98.61,12,84.13,44.65,37.56,58.67,65.3,55.43,61.71,60.28,625,283,1004,513,606.25,721,260.64,625,563,9,9,2026-09-19 22:18:21.483951+00:00
US-1741742,Lake Zurich,Illinois,IL,,,2025,19868,491026.94,0.02,0.4,6.38,5.92,6.88,6,0.3,-66.67,623.0,-10.1,33.92,-11.9,2.11,101.09,12,52.19,57.83,87.57,63.01,59.19,60.6,58.27,60.27,335,695,596,801,606.75,466,172.83,335,564,53,71,2026-09-19 22:18:21.483951+00:00
US-5540775,La Crosse,Wisconsin,WI,,,2025,50784,280701.0,-0.52,-3.6,2.65,4.72,6.66,9,0.18,-52.63,1707.0,6.55,54.17,16.7,1.19,100.88,12,32.98,84.89,72.82,61.11,54.53,67.5,60.32,60.86,456,1131,221,620,607.0,910,334.12,456,565,37,46,2026-09-19 22:18:21.483951+00:00
US-2740166,Maple Grove,Minnesota,MN,,,2025,73893,424817.23,1.37,5.13,1.82,0.86,3.61,315,4.26,-27.59,3539.0,15.69,182.0,5.41,1.92,99.94,12,40.6,85.41,50.27,58.7,55.5,66.7,61.73,60.66,622,1044,255,510,607.75,789,284.83,622,566,16,15,2026-09-19 22:18:21.483951+00:00
US-3730120,Havelock,North Carolina,NC,,,2025,17430,233031.19,-0.1,-2.61,4.42,6.68,9.33,4,0.23,0.0,541.0,8.85,30.25,103.93,2.04,98.4,12,54.37,68.87,52.85,59.07,58.49,62.12,60.75,60.11,591,766,495,580,608.0,271,98.5,591,567,12,17,2026-09-19 22:18:21.483951+00:00
US-1712385,Champaign,Illinois,IL,,,2025,91195,234372.41,0.64,3.18,5.54,5.98,7.04,645,7.07,70.63,2691.0,0.67,162.83,12.56,2.22,99.48,12,65.71,63.44,36.29,57.56,60.62,60.05,61.75,60.0,715,578,633,508,608.5,207,75.78,715,568,100,72,2026-09-19 22:18:21.483951+00:00
US-5363960,Shoreline,Washington,WA,,,2025,66542,812886.08,1.66,13.38,-2.8,1.65,4.6,26,0.39,-91.98,1821.0,-7.66,87.25,6.51,1.73,100.48,12,53.17,60.55,77.49,61.83,59.03,60.87,58.92,60.16,400,712,578,745,608.75,345,135.78,400,569,10,14,2026-09-19 22:18:21.483951+00:00
US-1829898,Greenwood,Indiana,IN,,,2025,69349,326000.46,1.49,8.41,0.92,1.05,6.04,324,4.67,-9.5,2826.0,6.52,160.33,7.31,2.1,97.86,12,62.13,62.81,47.13,58.62,60.09,60.25,60.94,59.97,631,618,620,567,609.0,64,24.75,631,570,19,19,2026-09-19 22:18:21.483951+00:00
US-2968420,Smithville,Missouri,MO,,,2025,11160,375637.27,2.09,6.47,2.76,3.0,6.39,109,9.77,18.48,592.0,0.0,34.92,0.24,2.17,99.51,12,64.44,62.91,41.09,58.07,60.48,60.09,61.41,60.01,677,592,632,535,609.0,142,52.24,677,571,31,27,2026-09-19 22:18:21.483951+00:00
US-2604105,Auburn Hills,Michigan,MI,,,2025,25925,276549.07,0.55,6.41,3.87,4.68,6.11,21,0.81,425.0,713.0,-5.31,34.42,12.53,1.79,99.36,12,60.62,56.8,66.71,60.8,60.39,59.43,59.51,60.03,469,598,682,687,609.0,218,88.22,469,572,14,15,2026-09-19 22:18:21.483951+00:00
US-1779267,Wauconda,Illinois,IL,,,2025,13993,339841.89,0.06,-0.53,6.05,6.47,7.69,31,2.22,106.67,518.0,1.37,35.42,7.59,2.7,100.23,12,56.47,64.18,58.52,59.68,59.09,61.02,60.14,59.98,533,703,569,635,610.0,170,64.97,533,573,79,73,2026-09-19 22:18:21.483951+00:00
US-3903828,Barberton,Ohio,OH,,,2025,24748,154674.23,0.7,-1.54,2.22,5.45,7.34,72,2.91,-51.35,935.0,6.98,45.25,25.99,1.77,100.13,12,48.74,80.38,39.86,57.6,56.9,64.81,62.09,60.35,711,911,341,485,612.0,570,217.24,711,574,65,46,2026-09-19 22:18:21.483951+00:00
US-3975014,Streetsboro,Ohio,OH,,,2025,17730,280531.29,-0.23,2.39,3.6,4.54,6.17,12,0.68,100.0,574.0,10.38,32.08,63.14,2.16,99.12,12,51.82,74.35,46.44,58.36,57.78,63.41,61.42,60.24,657,835,427,532,612.75,408,151.97,657,575,59,47,2026-09-19 22:18:21.483951+00:00
US-5116000,Chesapeake,Virginia,VA,,,2025,255332,416959.39,0.22,2.27,2.95,4.15,6.31,846,3.31,41.71,10886.0,6.31,692.42,19.69,2.35,100.04,12,53.2,74.41,42.57,57.97,57.97,63.27,61.68,60.22,682,818,436,517,613.25,382,147.76,682,576,8,5,2026-09-19 22:18:21.483951+00:00
US-4725440,Fairview,Tennessee,TN,,,2025,10877,550575.37,3.29,14.37,0.48,2.7,8.27,252,23.17,44.83,817.0,23.04,136.17,42.33,6.21,98.0,12,89.64,50.72,8.23,55.66,65.75,56.02,63.98,60.36,877,263,953,364,614.25,690,304.05,877,577,12,9,2026-09-19 22:18:21.483951+00:00
US-5578600,Sun Prairie,Wisconsin,WI,,,2025,39227,435981.24,0.32,8.92,2.63,4.58,6.5,100,2.55,-62.55,1453.0,-6.98,102.75,10.09,2.67,100.29,12,68.9,52.61,54.47,59.59,61.85,57.78,60.13,59.84,544,495,790,637,616.5,295,112.41,544,578,49,47,2026-09-19 22:18:21.483951+00:00
US-2908398,Bridgeton,Missouri,MO,,,2025,11277,273695.8,-0.26,-1.52,0.52,3.17,5.98,0,0.0,-100.0,362.0,17.53,15.58,48.41,1.57,100.22,12,31.96,89.33,63.64,59.96,53.92,68.26,60.94,60.77,516,1193,195,565,617.25,998,361.51,516,579,23,28,2026-09-19 22:18:21.483951+00:00
US-1765338,Rolling Meadows,Illinois,IL,,,2025,23690,322026.5,-0.16,-1.96,4.0,6.8,7.32,3,0.13,200.0,859.0,-3.37,48.17,-3.34,2.09,100.21,12,47.06,62.75,88.55,62.92,57.99,61.91,58.27,60.27,348,815,508,800,617.75,467,198.07,348,580,57,74,2026-09-19 22:18:21.483951+00:00
US-0564370,Siloam Springs,Arkansas,AR,,,2025,21298,284366.67,5.42,21.47,2.06,2.3,7.86,374,17.56,-19.57,1340.0,-6.16,117.42,-15.68,3.29,98.67,12,88.98,37.47,42.99,59.46,66.63,53.75,61.2,60.26,551,227,1148,546,618.0,921,332.96,551,581,4,6,2026-09-19 22:18:21.483951+00:00
US-3985484,Willoughby,Ohio,OH,,,2025,24234,242340.88,0.17,1.43,3.5,5.35,6.2,55,2.27,-12.7,906.0,5.59,46.0,4.94,1.87,99.3,12,48.09,72.43,60.34,59.67,57.23,63.32,60.27,60.12,534,884,433,623,618.5,451,167.38,534,582,47,48,2026-09-19 22:18:21.483951+00:00
US-0103076,Auburn,Alabama,AL,,,2025,85113,408499.32,1.55,10.37,3.75,4.39,6.51,689,8.1,-32.71,3842.0,8.13,349.92,-3.32,3.39,98.19,12,70.4,54.55,45.54,58.64,61.92,57.95,60.78,59.82,628,491,781,576,619.0,290,105.54,628,583,3,4,2026-09-19 22:18:21.483951+00:00
US-2740688,Marshall,Minnesota,MN,,,2025,14171,234986.88,0.03,2.31,6.16,3.66,5.67,11,0.78,-85.53,370.0,-2.12,13.67,-28.07,1.33,99.63,12,46.04,65.94,82.94,62.23,57.55,62.52,58.68,60.24,389,861,473,758,620.25,472,195.0,389,584,8,16,2026-09-19 22:18:21.483951+00:00
US-3771460,Waxhaw,North Carolina,NC,,,2025,23140,713707.25,-0.28,11.35,0.22,1.91,8.71,102,4.41,142.86,941.0,2.28,97.67,98.31,3.87,98.42,12,90.07,44.7,21.51,57.05,66.17,54.83,62.8,60.21,752,248,1052,434,621.5,804,307.01,752,585,16,18,2026-09-19 22:18:21.483951+00:00
US-1860246,Plainfield,Indiana,IN,,,2025,38574,331700.68,0.64,10.52,0.55,1.93,6.13,344,8.92,89.01,1490.0,30.47,94.42,49.08,2.32,98.34,12,65.2,73.28,12.45,54.84,59.71,61.73,63.56,59.96,947,649,514,381,622.75,566,209.82,947,586,36,20,2026-09-19 22:18:21.483951+00:00
US-5300905,Airway Heights,Washington,WA,,,2025,11811,375061.99,-1.07,9.51,0.56,0.5,6.32,22,1.86,-76.09,290.0,-2.68,18.58,28.16,2.34,99.68,12,66.87,58.32,45.12,58.44,61.04,58.9,60.85,59.81,647,555,721,572,623.75,166,65.96,647,587,14,15,2026-09-19 22:18:21.483951+00:00
US-4934200,Heber,Utah,UT,,,2025,19651,807334.04,3.21,15.34,-0.22,1.03,7.22,602,30.63,35.89,1410.0,23.47,217.17,22.69,5.71,98.3,12,81.91,53.41,19.02,56.21,63.93,56.8,62.8,59.94,826,371,872,433,625.5,501,225.16,826,588,9,7,2026-09-19 22:18:21.483951+00:00
US-3923618,Eastlake,Ohio,OH,,,2025,17357,207543.86,-0.26,-1.59,3.44,5.61,6.66,9,0.52,-18.18,642.0,6.12,37.67,9.71,2.23,100.13,12,40.24,75.8,73.08,60.9,55.83,64.72,59.53,60.25,467,1007,345,685,626.0,662,251.44,467,589,40,49,2026-09-19 22:18:21.483951+00:00
US-2578972,Weymouth Town,Massachusetts,MA,,,2025,59759,613160.69,0.03,4.01,0.08,4.02,5.47,157,2.63,256.82,1744.0,-1.08,68.33,6.91,1.43,101.17,12,48.38,73.39,56.62,59.19,57.12,63.37,60.46,60.04,580,892,429,608,627.25,463,167.33,580,590,23,22,2026-09-19 22:18:21.483951+00:00
US-0648256,Mission Viejo,California,CA,,,2025,90484,1184789.99,-0.69,-3.18,-2.17,5.22,8.79,11,0.12,-70.27,2892.0,4.93,193.42,43.72,2.42,99.59,12,51.43,69.23,58.44,59.41,57.82,62.27,60.14,59.91,556,830,488,636,627.5,342,128.11,556,591,20,25,2026-09-19 22:18:21.483951+00:00
US-2524960,Framingham,Massachusetts,MA,,,2025,73021,664013.53,-0.09,1.29,0.62,4.93,6.27,29,0.4,-6.45,1649.0,1.23,78.33,79.05,1.72,101.86,12,48.3,75.99,50.06,58.43,56.87,63.79,60.94,60.01,648,914,404,568,633.5,510,184.29,648,592,25,23,2026-09-19 22:18:21.483951+00:00
US-3944674,London,Ohio,OH,,,2025,10813,284710.48,0.85,5.36,1.73,3.17,6.03,88,8.14,17.33,518.0,31.47,33.5,33.11,2.43,99.17,12,57.93,77.91,19.98,55.44,58.23,63.23,63.13,60.01,893,791,442,409,633.75,484,211.67,893,593,82,50,2026-09-19 22:18:21.483951+00:00
US-4861892,Richmond,Texas,TX,,,2025,13389,383850.94,0.83,15.18,-2.44,-0.67,6.27,11,0.82,-88.78,477.0,17.2,58.75,-10.31,4.74,94.68,12,69.41,42.44,79.7,62.54,62.86,56.12,58.3,59.96,375,435,943,795,637.0,568,238.77,375,594,1,4,2026-09-19 22:18:21.483951+00:00
US-2674960,Southgate,Michigan,MI,,,2025,28931,195398.84,-0.18,-3.25,3.86,5.51,6.66,18,0.62,28.57,1081.0,21.05,42.75,47.84,1.45,100.41,12,33.86,92.93,48.94,58.3,53.84,68.61,61.95,60.68,664,1205,184,497,637.5,1021,370.19,664,595,22,16,2026-09-19 22:18:21.483951+00:00
US-3944856,Lorain,Ohio,OH,,,2025,65366,153028.81,-0.17,0.26,2.1,5.14,7.99,47,0.72,-12.96,2232.0,-0.62,149.08,3.11,2.47,98.36,12,62.2,50.73,75.62,61.54,60.77,57.91,58.38,59.65,424,572,784,787,641.75,363,152.98,424,596,35,51,2026-09-19 22:18:21.483951+00:00
US-1765806,Roselle,Illinois,IL,,,2025,22756,374267.38,-0.14,-0.73,5.59,6.44,6.44,1,0.04,-66.67,729.0,-2.15,35.83,-11.34,1.82,100.14,12,41.5,65.93,93.56,63.06,56.64,62.74,57.7,60.03,332,932,465,843,643.0,600,250.96,332,597,52,75,2026-09-19 22:18:21.483951+00:00
US-4224000,Erie,Pennsylvania,PA,,,2025,91838,201625.08,-0.49,-3.19,6.12,7.38,8.59,12,0.13,200.0,2727.0,7.62,120.83,29.46,1.63,97.9,12,50.48,67.16,64.9,59.92,57.65,61.82,59.43,59.7,520,846,511,696,643.25,335,138.36,520,598,25,24,2026-09-19 22:18:21.483951+00:00
US-2937000,Jefferson City,Missouri,MO,,,2025,42489,269379.3,-0.47,-0.09,6.02,5.75,8.75,22,0.52,-12.0,1649.0,-4.79,56.17,6.14,1.27,97.45,12,64.41,48.31,76.02,61.68,61.32,57.3,58.32,59.65,411,536,835,791,643.25,424,176.1,411,599,16,29,2026-09-19 22:18:21.483951+00:00
US-5529400,Glendale,Wisconsin,WI,,,2025,14795,343673.58,2.99,10.44,3.46,4.05,6.28,308,20.82,31.62,617.0,-1.91,35.08,13.48,2.28,100.95,12,66.9,65.17,26.32,56.15,60.3,59.86,62.07,59.59,833,604,653,489,644.75,344,123.92,833,600,61,48,2026-09-19 22:18:21.483951+00:00
US-3986548,Wooster,Ohio,OH,,,2025,27115,257532.45,0.44,-0.47,3.68,-7.51,8.66,63,2.32,-48.78,1028.0,13.09,64.75,60.87,2.33,98.08,12,62.2,67.9,31.39,56.49,59.29,60.71,61.69,59.55,797,681,586,516,645.0,281,105.5,797,601,72,52,2026-09-19 22:18:21.483951+00:00
US-1750647,Morton Grove,Illinois,IL,,,2025,24582,430873.51,0.38,-2.48,6.7,7.05,7.03,2,0.08,-96.23,865.0,1.88,59.58,-8.1,2.56,100.25,12,41.65,66.51,91.66,62.86,56.61,62.83,57.84,60.03,354,936,459,832,645.25,582,244.4,354,602,59,76,2026-09-19 22:18:21.483951+00:00
US-3961028,Parma Heights,Ohio,OH,,,2025,20327,218436.28,-0.31,-2.31,6.82,6.78,7.85,0,0.0,,634.0,-10.07,19.0,15.15,1.09,100.53,12,49.83,61.25,81.95,61.85,58.07,60.93,58.18,59.76,398,807,575,813,648.25,415,173.45,398,603,33,53,2026-09-19 22:18:21.483951+00:00
US-0644112,Los Gatos,California,CA,,,2025,32576,2568099.46,-0.16,-2.51,0.11,3.86,6.85,0,0.0,-100.0,1090.0,-0.64,57.08,5.06,1.93,100.6,12,39.41,69.36,90.47,62.66,56.06,63.54,58.0,60.06,367,987,418,821,648.25,620,263.02,367,604,11,26,2026-09-19 22:18:21.483951+00:00
US-3903086,Aurora,Ohio,OH,,,2025,18014,435861.02,0.69,4.34,3.7,3.87,6.12,54,3.0,-29.87,808.0,20.96,55.17,19.06,2.82,98.48,12,56.44,68.72,44.45,57.74,58.32,61.4,60.77,59.56,701,780,535,578,648.5,245,97.34,701,605,62,54,2026-09-19 22:18:21.483951+00:00
US-3456550,Passaic,New Jersey,NJ,,,2025,71337,545015.65,0.03,1.46,3.15,5.97,7.56,76,1.07,2.7,427.0,0.95,51.17,21.1,4.52,102.38,12,64.66,54.96,56.83,59.31,60.58,58.15,59.51,59.39,566,583,763,686,649.5,197,80.01,566,606,74,70,2026-09-19 22:18:21.483951+00:00
US-5506350,Bellevue,Wisconsin,WI,,,2025,16776,388111.66,0.08,5.15,3.84,5.44,7.17,87,5.19,45.0,462.0,-0.65,38.58,29.69,3.34,101.97,12,71.91,58.97,28.13,56.44,61.46,58.23,61.71,59.46,807,525,757,512,650.25,295,133.01,807,607,59,49,2026-09-19 22:18:21.483951+00:00
US-2737322,Lino Lakes,Minnesota,MN,,,2025,23220,452994.18,1.7,8.15,1.89,1.44,4.49,138,5.94,13.11,1027.0,21.25,55.17,20.15,2.07,99.33,12,48.57,82.2,32.78,56.39,56.29,64.7,62.13,59.88,812,961,346,482,650.25,615,246.78,812,608,23,17,2026-09-19 22:18:21.483951+00:00
US-2700928,Alexandria,Minnesota,MN,,,2025,15045,291513.64,0.81,4.38,4.07,4.32,6.39,195,12.96,45.52,689.0,21.73,45.75,17.81,2.62,98.73,12,60.24,72.59,24.8,55.7,58.63,61.72,62.25,59.58,875,745,515,475,652.5,400,164.68,875,609,28,18,2026-09-19 22:18:21.483951+00:00
US-1706587,Bloomingdale,Illinois,IL,,,2025,22476,425269.74,-0.13,0.59,5.19,6.55,6.92,1,0.04,-75.0,786.0,-9.66,46.33,-10.61,2.23,99.84,12,53.8,52.43,93.29,63.2,59.32,58.97,57.14,59.65,325,677,718,890,652.5,565,205.28,325,610,48,77,2026-09-19 22:18:21.483951+00:00
US-1723256,Elk Grove Village,Illinois,IL,,,2025,31885,388308.02,-0.18,-2.92,4.91,6.61,6.98,0,0.0,,1114.0,4.11,66.17,20.85,2.2,100.39,12,39.28,74.38,77.39,61.09,55.52,64.3,58.88,59.95,457,1041,380,749,656.75,661,261.08,457,611,73,78,2026-09-19 22:18:21.483951+00:00
US-4571417,Tega Cay,South Carolina,SC,,,2025,14457,599705.88,1.39,12.36,0.37,2.91,8.46,88,6.09,-20.0,823.0,5.78,93.83,60.4,4.54,98.33,12,89.43,46.07,16.39,56.0,65.47,54.63,62.62,59.68,843,272,1069,450,658.5,797,314.41,843,612,15,13,2026-09-19 22:18:21.483951+00:00
US-0617750,Cypress,California,CA,,,2025,48781,1048035.68,-0.54,-2.54,0.47,4.61,7.29,35,0.72,6.06,875.0,11.46,54.25,59.17,2.27,100.25,12,44.25,81.3,45.85,57.62,55.61,64.87,61.08,59.79,710,1032,338,556,659.0,694,252.68,710,613,35,27,2026-09-19 22:18:21.483951+00:00
US-3910996,Cambridge,Ohio,OH,,,2025,10055,168289.8,0.05,-0.6,3.25,6.6,7.99,0,0.0,,420.0,7.97,43.08,-13.26,3.92,96.82,12,58.24,45.06,100.0,64.07,60.55,57.26,56.49,59.59,279,585,837,937,659.5,658,254.38,279,614,18,55,2026-09-19 22:18:21.483951+00:00
US-1623410,Eagle,Idaho,ID,,,2025,34658,802160.9,3.62,9.57,1.34,0.73,6.82,582,16.79,3.37,2542.0,18.51,312.83,20.98,4.53,98.95,12,73.65,60.07,20.34,55.57,61.58,58.19,62.21,59.39,886,519,759,477,660.25,409,169.0,886,615,17,12,2026-09-19 22:18:21.483951+00:00
US-5523300,Elkhorn,Wisconsin,WI,,,2025,10045,343010.12,-0.84,-2.18,2.86,4.47,6.77,0,0.0,-100.0,345.0,15.38,22.83,28.04,2.52,99.39,12,39.45,75.85,72.39,60.42,55.31,64.41,59.12,59.82,489,1060,372,728,662.25,688,263.05,489,616,40,50,2026-09-19 22:18:21.483951+00:00
US-3771860,Wendell,North Carolina,NC,,,2025,19687,370574.67,17.28,96.93,-1.92,-0.4,6.72,1363,69.23,6.73,2308.0,5.73,204.67,27.58,3.24,98.93,12,77.66,57.83,15.61,55.21,62.4,57.45,62.53,59.4,919,458,818,455,662.5,464,209.07,919,617,24,19,2026-09-19 22:18:21.483951+00:00
US-2960788,Raytown,Missouri,MO,,,2025,29154,205238.64,-0.26,-2.29,-0.02,3.25,7.44,9,0.31,0.0,1426.0,8.03,89.25,23.39,2.35,99.22,12,46.61,70.69,65.08,59.66,56.6,62.63,59.29,59.55,536,937,470,708,662.75,467,180.61,536,618,25,30,2026-09-19 22:18:21.483951+00:00
US-3476730,Wanaque,New Jersey,NJ,,,2025,11418,504698.01,0.25,1.95,1.34,5.7,6.43,1,0.09,,492.0,-2.38,34.92,28.13,2.69,103.7,12,53.91,62.09,66.9,60.02,58.31,60.36,58.89,59.39,513,781,615,747,664.0,268,106.98,513,619,70,71,2026-09-19 22:18:21.483951+00:00
US-4830644,Grapevine,Texas,TX,,,2025,50714,550315.46,-1.17,-0.11,-0.99,2.13,7.21,40,0.79,33.33,1477.0,13.01,109.08,16.46,2.75,98.06,12,53.86,63.45,63.54,59.63,58.19,60.58,59.14,59.39,541,794,598,725,664.5,253,100.13,541,620,5,5,2026-09-19 22:18:21.483951+00:00
US-0402830,Apache Junction,Arizona,AZ,,,2025,45672,375036.72,5.78,17.94,-3.03,-0.92,6.34,1124,24.61,-1.4,1874.0,15.47,190.83,22.66,3.73,98.94,12,71.34,62.93,19.05,55.32,60.97,58.87,62.33,59.37,906,559,726,467,664.5,439,167.51,906,621,6,2,2026-09-19 22:18:21.483951+00:00
US-1773157,Streamwood,Illinois,IL,,,2025,38277,323870.88,-0.16,-2.93,2.8,5.83,7.48,0,0.0,,1473.0,-0.07,89.92,13.94,2.24,100.19,12,44.49,66.07,82.86,61.64,56.72,62.11,58.04,59.63,416,929,496,819,665.0,513,214.46,416,622,69,79,2026-09-19 22:18:21.483951+00:00
US-0621230,Eastvale,California,CA,,,2025,70594,930090.25,-0.27,0.81,-0.81,2.45,7.65,209,2.96,0.0,1197.0,8.33,94.17,41.96,2.9,99.37,12,62.53,67.01,31.29,56.29,59.19,60.31,61.42,59.3,818,694,617,533,665.5,285,104.85,818,623,47,28,2026-09-19 22:18:21.483951+00:00
US-1654550,Moscow,Idaho,ID,,,2025,26721,480570.22,0.28,4.67,1.56,2.07,6.68,167,6.25,25.56,583.0,12.98,46.67,21.74,3.08,98.71,12,64.78,64.88,30.68,56.29,59.7,59.72,61.42,59.28,816,653,662,534,666.25,282,100.14,816,624,15,13,2026-09-19 22:18:21.483951+00:00
US-4004450,Bartlesville,Oklahoma,OK,,,2025,38278,184270.78,0.21,2.46,4.64,3.92,7.5,15,0.39,-65.91,1829.0,4.04,136.33,55.22,2.7,97.85,12,68.33,53.28,50.62,58.64,61.16,57.4,59.79,59.24,629,546,826,664,666.25,280,101.7,629,625,6,4,2026-09-19 22:18:21.483951+00:00
US-2001800,Andover,Kansas,KS,,,2025,17370,328953.73,2.13,15.99,2.28,3.49,6.09,132,7.6,-15.38,865.0,9.49,92.5,6.22,3.97,99.02,12,67.52,57.77,40.88,57.45,60.6,58.16,60.47,59.17,721,579,761,605,666.5,182,76.39,721,626,15,14,2026-09-19 22:18:21.483951+00:00
US-5348645,Newcastle,Washington,WA,,,2025,13128,1391874.7,1.31,-0.17,0.06,3.12,8.25,88,6.7,87.23,584.0,10.82,38.67,86.35,2.43,99.5,12,61.72,74.7,14.88,54.55,58.59,61.83,62.88,59.46,979,748,510,430,666.75,549,214.9,979,627,25,16,2026-09-19 22:18:21.483951+00:00
US-0530460,Harrison,Arkansas,AR,,,2025,13802,230470.58,0.88,5.68,-0.89,4.38,7.88,130,9.42,60.49,676.0,12.11,66.17,7.44,3.8,96.06,12,79.4,47.66,36.72,57.62,63.47,55.54,60.85,59.37,709,400,996,571,669.0,596,218.23,709,628,5,7,2026-09-19 22:18:21.483951+00:00
US-4847700,Mercedes,Texas,TX,,,2025,17915,142655.37,2.43,10.13,-4.23,4.04,7.7,279,15.57,4.1,211.0,34.39,64.58,-0.9,11.78,96.18,12,83.55,43.12,37.59,57.91,64.52,54.42,60.76,59.4,687,325,1085,579,669.0,760,273.78,687,629,8,6,2026-09-19 22:18:21.483951+00:00
US-4254656,Norristown,Pennsylvania,PA,,,2025,35911,330157.66,0.01,0.46,1.61,4.49,7.34,37,1.03,-39.34,1030.0,6.74,66.83,17.94,2.38,97.89,12,57.95,60.39,59.73,59.25,58.95,59.56,59.23,59.25,574,718,671,714,669.25,144,58.0,574,630,26,25,2026-09-19 22:18:21.483951+00:00
US-1848528,Merrillville,Indiana,IN,,,2025,37407,241583.73,1.17,2.59,-0.32,2.14,6.28,88,2.35,-64.08,1265.0,6.84,97.58,-2.74,2.87,98.99,12,53.96,62.95,64.14,59.65,58.18,60.43,59.02,59.32,538,795,610,735,669.5,257,101.09,538,631,15,21,2026-09-19 22:18:21.483951+00:00
US-3971416,Seven Hills,Ohio,OH,,,2025,11464,304832.79,-0.24,-2.18,5.71,5.72,7.22,5,0.44,400.0,439.0,1.15,18.33,26.44,1.5,100.1,12,45.09,73.92,60.85,59.12,56.11,63.31,59.64,59.55,588,983,434,673,669.5,549,200.25,588,632,51,56,2026-09-19 22:18:21.483951+00:00
US-1700243,Addison,Illinois,IL,,,2025,35758,371231.62,0.53,0.36,4.44,5.52,5.61,20,0.56,-78.72,916.0,12.25,55.67,13.22,2.36,100.05,12,36.28,80.12,69.45,59.92,54.41,65.37,59.33,59.76,521,1144,315,702,670.5,829,305.75,521,633,77,80,2026-09-19 22:18:21.483951+00:00
US-3925256,Elyria,Ohio,OH,,,2025,53634,184359.39,0.53,1.93,3.09,5.14,7.2,143,2.67,-34.7,1941.0,-4.9,102.25,6.51,1.91,99.26,12,63.36,55.7,56.76,59.03,60.07,58.16,59.25,59.13,594,619,762,711,671.5,168,68.03,594,634,52,57,2026-09-19 22:18:21.483951+00:00
US-3928826,Fremont,Ohio,OH,,,2025,15765,174870.92,-0.08,-0.9,7.47,7.13,7.46,6,0.38,,510.0,-7.61,31.5,-14.86,2.28,100.08,12,52.87,54.8,88.31,62.41,58.77,59.25,57.28,59.42,379,739,695,879,673.0,500,182.83,379,635,29,58,2026-09-19 22:18:21.483951+00:00
US-3419390,East Orange,New Jersey,NJ,,,2025,72159,483682.39,0.08,3.93,0.83,6.86,8.29,123,1.7,-8.21,1004.0,-7.81,124.42,19.44,4.57,103.64,12,78.11,42.49,52.65,59.28,63.6,54.7,59.53,59.28,571,388,1061,683,675.75,673,246.09,571,636,75,72,2026-09-19 22:18:21.483951+00:00
US-1310076,Braselton,Georgia,GA,,,2025,18496,448504.9,5.85,35.93,-0.53,0.59,7.39,443,23.95,6.75,997.0,9.44,125.42,22.56,4.69,98.11,12,85.66,48.11,19.1,55.88,64.41,55.03,62.11,59.36,858,333,1031,483,676.25,698,280.2,858,637,16,9,2026-09-19 22:18:21.483951+00:00
US-0641712,Lindsay,California,CA,,,2025,12578,307141.1,-0.55,-0.65,3.41,3.42,6.94,2,0.16,-80.0,100.0,28.21,6.33,85.37,2.32,98.25,12,48.36,72.64,54.71,58.45,56.6,62.67,59.92,59.41,645,938,468,658,677.25,470,168.22,645,638,30,29,2026-09-19 22:18:21.483951+00:00
US-0458150,Queen Creek,Arizona,AZ,,,2025,89770,630259.09,8.19,47.89,-1.57,0.08,6.93,1571,17.5,-13.3,4824.0,12.03,620.83,16.79,4.73,98.28,12,80.57,51.38,23.58,56.11,63.26,55.97,61.73,59.27,835,412,958,509,678.5,546,224.92,835,639,3,3,2026-09-19 22:18:21.483951+00:00
US-3751940,Pinehurst,North Carolina,NC,,,2025,18670,537894.21,0.99,5.61,1.3,2.6,9.29,93,4.98,14.81,1463.0,7.34,153.5,59.9,3.82,97.78,12,84.68,48.92,19.53,55.88,64.18,55.24,62.07,59.34,860,355,1012,488,678.75,657,266.98,860,640,21,20,2026-09-19 22:18:21.483951+00:00
US-2702908,Austin,Minnesota,MN,,,2025,26689,188462.18,0.52,1.81,5.44,5.05,7.46,104,3.9,511.76,1048.0,3.25,64.92,28.34,2.33,98.87,12,65.58,62.35,33.73,56.49,59.83,59.03,60.94,59.07,799,642,709,566,679.0,233,85.79,799,641,22,19,2026-09-19 22:18:21.483951+00:00
US-5548000,Madison,Wisconsin,WI,,,2025,286233,421508.74,0.69,4.14,2.28,4.85,6.55,3383,11.82,20.31,8042.0,-0.33,497.42,10.19,2.28,100.71,12,61.84,67.02,32.01,56.2,58.92,60.22,61.19,59.13,830,719,625,548,680.5,282,105.44,830,642,60,51,2026-09-19 22:18:21.483951+00:00
US-5311160,Centralia,Washington,WA,,,2025,19375,394535.95,1.64,5.37,1.62,2.45,6.11,129,6.66,706.25,675.0,46.42,50.58,41.49,2.82,99.4,12,58.92,75.89,18.55,54.77,57.95,62.2,62.52,59.36,956,820,490,456,680.5,500,213.34,956,643,24,17,2026-09-19 22:18:21.483951+00:00
US-3465790,Sayreville,New Jersey,NJ,,,2025,46787,527270.33,0.12,3.41,3.63,3.34,4.58,8,0.17,-76.47,1131.0,3.01,88.25,0.47,2.92,102.6,12,40.48,68.82,85.67,61.7,55.76,62.85,57.75,59.51,409,1017,457,839,680.5,608,255.94,409,644,60,73,2026-09-19 22:18:21.483951+00:00
US-2941168,Lebanon,Missouri,MO,,,2025,15663,230072.28,1.06,4.36,4.17,3.72,7.17,4,0.26,-93.44,728.0,-9.11,58.17,-14.57,3.03,98.62,12,69.98,36.38,90.48,63.35,62.98,54.58,56.91,59.45,321,427,1071,904,680.75,750,314.62,321,645,11,31,2026-09-19 22:18:21.483951+00:00
US-0560410,Rogers,Arkansas,AR,,,2025,76956,381498.27,1.93,9.8,3.56,4.66,9.59,714,9.28,12.8,2639.0,2.72,233.67,48.52,3.24,97.94,12,89.79,46.78,11.98,55.29,65.22,54.46,62.66,59.41,910,289,1084,445,682.0,795,325.66,910,646,8,8,2026-09-19 22:18:21.483951+00:00
US-3942364,Lebanon,Ohio,OH,,,2025,22110,396960.06,1.1,5.96,2.87,4.28,6.8,269,12.17,103.79,726.0,15.97,53.67,52.97,2.91,98.86,12,69.33,68.83,8.3,53.9,60.03,59.9,63.0,59.21,1042,622,650,417,682.75,625,226.08,1042,647,98,59,2026-09-19 22:18:21.483951+00:00
US-3476070,Vineland,New Jersey,NJ,,,2025,62703,310688.64,0.63,3.44,2.99,6.07,9.34,77,1.23,-34.75,1550.0,-8.61,133.08,17.25,3.13,98.97,12,79.64,38.62,58.53,60.0,64.17,53.91,59.07,59.29,514,359,1126,732,682.75,767,288.18,514,648,71,74,2026-09-19 22:18:21.483951+00:00
US-0114104,Chelsea,Alabama,AL,,,2025,17716,382641.94,2.48,16.19,1.1,0.34,5.08,155,8.75,-4.91,1394.0,19.35,124.58,0.2,3.34,98.98,12,57.35,67.46,42.6,57.2,58.17,60.7,60.43,59.12,740,798,588,610,684.0,210,87.78,740,649,5,5,2026-09-19 22:18:21.483951+00:00
US-1703012,Aurora,Illinois,IL,,,2025,181505,317389.66,0.33,0.69,3.5,5.99,7.81,385,2.12,-21.11,4897.0,-6.78,328.33,5.66,2.47,100.18,12,62.96,54.1,60.85,59.33,59.99,57.77,58.76,58.96,563,629,791,753,684.0,228,92.03,563,650,82,81,2026-09-19 22:18:21.483951+00:00
US-2552490,Peabody,Massachusetts,MA,,,2025,55953,696150.75,-0.05,2.86,1.29,4.51,5.69,20,0.36,-31.03,1011.0,-8.75,33.58,11.33,1.24,102.58,12,48.09,64.85,74.02,60.44,57.01,61.2,58.22,59.22,487,900,552,805,686.0,413,171.4,487,651,21,24,2026-09-19 22:18:21.483951+00:00
US-4935190,Highland,Utah,UT,,,2025,21571,951799.72,2.24,11.16,6.34,3.13,8.37,76,3.52,-61.81,528.0,-15.52,47.08,-26.24,3.33,98.28,12,88.49,28.57,62.99,61.14,66.69,51.71,58.98,59.63,454,224,1334,742,688.5,1110,415.42,454,652,4,8,2026-09-19 22:18:21.483951+00:00
US-4013950,Chickasha,Oklahoma,OK,,,2025,17313,153674.21,2.14,8.19,6.0,4.8,7.56,142,8.2,-10.13,817.0,3.94,75.75,-13.84,3.45,96.15,12,80.22,40.97,50.22,58.99,63.95,54.14,59.56,59.16,597,369,1108,681,688.75,739,267.62,597,653,4,5,2026-09-19 22:18:21.483951+00:00
US-3710620,Carrboro,North Carolina,NC,,,2025,20962,431646.21,0.02,-1.49,-1.62,3.34,7.54,9,0.43,-70.0,564.0,16.29,53.58,98.46,3.43,99.81,12,50.77,71.56,49.65,57.77,56.84,62.04,60.02,59.17,699,919,503,653,693.5,416,149.01,699,654,14,21,2026-09-19 22:18:21.483951+00:00
US-1816804,Danville,Indiana,IN,,,2025,13415,339550.46,7.22,25.47,0.95,2.66,6.44,269,20.05,-27.1,1140.0,0.0,68.17,-11.28,2.22,97.7,12,74.2,50.48,40.71,57.53,62.06,56.13,60.18,58.97,716,483,941,634,693.5,458,165.54,716,655,20,22,2026-09-19 22:18:21.483951+00:00
US-2647800,Lincoln Park,Michigan,MI,,,2025,38529,154785.59,-0.28,-3.92,5.31,5.26,7.51,0,0.0,,1449.0,2.55,68.42,57.28,1.73,100.69,12,41.98,76.03,62.27,58.97,55.24,63.75,59.33,59.32,602,1066,407,701,694.0,659,239.41,602,656,17,17,2026-09-19 22:18:21.483951+00:00
US-1646540,Lewiston,Idaho,ID,,,2025,34717,384760.18,-0.03,1.36,2.67,2.71,8.03,239,6.88,151.58,1142.0,11.63,105.75,13.71,3.38,98.34,12,67.73,58.84,35.61,56.59,60.25,58.02,60.52,58.84,792,611,774,600,694.25,192,89.06,792,657,13,14,2026-09-19 22:18:21.483951+00:00
US-4938710,Ivins,Utah,UT,,,2025,11546,599448.99,3.81,27.17,0.91,1.23,7.27,100,8.66,-62.26,372.0,30.99,90.67,28.0,9.67,97.61,12,84.41,47.73,21.86,55.93,64.02,54.85,61.65,59.11,851,364,1047,519,695.25,683,268.69,851,658,10,9,2026-09-19 22:18:21.483951+00:00
US-4741520,Lebanon,Tennessee,TN,,,2025,53412,444143.79,5.63,37.28,1.26,0.93,7.11,924,17.3,-23.45,4132.0,3.51,416.75,22.01,3.7,98.79,12,82.55,50.6,19.44,55.59,63.5,55.51,61.86,59.11,884,398,999,503,696.0,601,251.6,884,659,14,10,2026-09-19 22:18:21.483951+00:00
US-1707133,Bolingbrook,Illinois,IL,,,2025,74803,364895.44,0.04,1.33,3.36,5.17,7.1,131,1.75,6.5,2153.0,0.09,159.92,17.44,2.76,100.03,12,59.5,60.34,53.8,58.37,58.9,59.11,59.31,58.92,656,721,704,705,696.5,65,24.34,656,660,91,82,2026-09-19 22:18:21.483951+00:00
US-3929106,Gahanna,Ohio,OH,,,2025,35986,374904.77,1.35,0.8,2.92,4.28,7.09,329,9.14,11.53,1275.0,-1.09,58.75,1.44,1.74,100.19,12,56.85,68.15,41.31,56.92,57.91,60.73,60.38,58.98,764,825,585,612,696.5,240,100.8,764,661,69,60,2026-09-19 22:18:21.483951+00:00
US-5615760,Cody,Wyoming,WY,,,2025,10377,472184.8,-0.06,2.51,-2.59,3.67,7.88,37,3.57,-32.73,490.0,13.43,82.0,7.19,6.36,98.3,12,71.53,48.89,51.57,58.62,61.74,56.08,59.35,58.95,633,506,947,700,696.5,441,160.53,633,662,1,1,2026-09-19 22:18:21.483951+00:00
US-1666340,Rathdrum,Idaho,ID,,,2025,13227,572519.89,4.86,42.39,2.21,0.65,6.84,451,34.1,84.84,1214.0,-13.04,94.42,-8.92,2.88,100.07,12,79.41,45.43,40.1,57.69,63.32,54.83,60.19,59.01,702,406,1053,631,698.0,647,232.27,702,663,10,15,2026-09-19 22:18:21.483951+00:00
US-1753481,Northbrook,Illinois,IL,,,2025,34744,674102.75,0.49,-1.18,6.73,6.12,6.71,93,2.68,-4.12,1509.0,16.17,111.67,16.22,2.82,100.95,12,42.65,80.77,48.39,57.43,54.95,64.48,60.38,59.31,722,1097,364,611,698.5,733,264.06,722,664,103,83,2026-09-19 22:18:21.483951+00:00
US-5308920,Burlington,Washington,WA,,,2025,11356,543034.2,4.24,22.91,1.87,3.21,6.28,154,13.56,0.0,239.0,-3.63,15.58,14.02,2.51,100.18,12,71.62,57.98,27.52,55.82,60.91,57.5,61.07,58.82,865,563,808,560,699.0,305,138.97,865,665,19,18,2026-09-19 22:18:21.483951+00:00
US-1842426,Lawrence,Indiana,IN,,,2025,50420,267657.13,0.32,2.2,1.38,1.99,6.94,82,1.63,-1.2,1625.0,1.12,79.75,35.94,1.79,98.8,12,61.5,62.46,42.86,57.17,58.99,59.23,60.07,58.87,742,715,698,646,700.25,96,35.03,742,666,23,23,2026-09-19 22:18:21.483951+00:00
US-1944400,Le Mars,Iowa,IA,,,2025,10760,270738.67,1.46,1.48,2.11,3.3,5.89,13,1.21,-89.68,318.0,23.74,18.92,17.01,2.4,98.57,12,44.96,74.0,58.86,58.6,55.76,63.02,59.42,59.2,635,1019,450,698,700.5,569,205.24,635,667,1,1,2026-09-19 22:18:21.483951+00:00
US-5535150,Hobart,Wisconsin,WI,,,2025,11674,471760.76,7.17,14.19,3.7,5.43,7.41,92,7.88,-75.27,270.0,3.05,28.92,21.33,4.33,98.8,12,83.2,46.36,27.8,56.46,63.84,54.63,61.08,59.0,804,376,1068,555,700.75,692,260.88,804,668,58,52,2026-09-19 22:18:21.483951+00:00
US-2509000,Brockton,Massachusetts,MA,,,2025,106134,505068.89,-0.05,0.62,0.79,4.2,6.38,48,0.45,6.67,2149.0,-1.47,112.17,23.03,1.92,101.5,12,46.88,70.02,63.1,59.04,56.26,62.04,58.92,59.06,593,967,502,746,702.0,465,176.1,593,669,24,25,2026-09-19 22:18:21.483951+00:00
US-4873710,Trophy Club,Texas,TX,,,2025,13695,701029.52,-0.4,-0.5,-3.06,0.87,7.63,29,2.12,38.1,712.0,18.86,53.25,17.9,2.85,98.03,12,56.08,65.08,50.7,57.88,57.97,60.22,59.59,58.92,690,819,624,678,702.75,195,71.57,690,670,9,7,2026-09-19 22:18:21.483951+00:00
US-3469420,South River,New Jersey,NJ,,,2025,16262,530341.37,0.12,1.25,2.3,7.12,7.6,29,1.78,70.59,326.0,-5.78,30.92,-10.82,3.83,102.57,12,64.17,48.51,70.94,60.38,60.48,56.57,57.8,58.81,492,590,893,837,703.0,401,166.84,492,671,68,75,2026-09-19 22:18:21.483951+00:00
US-5556375,New Berlin,Wisconsin,WI,,,2025,39953,443534.08,-0.54,-1.22,3.97,5.23,6.33,33,0.83,3.13,1190.0,2.32,50.5,11.6,1.59,102.17,12,37.57,78.59,67.08,59.3,54.3,64.56,58.98,59.29,567,1152,354,740,703.25,798,292.94,567,672,50,53,2026-09-19 22:18:21.483951+00:00
US-1768003,Schaumburg,Illinois,IL,,,2025,77249,350251.83,0.17,-1.52,5.16,6.18,6.35,42,0.54,-62.83,2899.0,11.2,174.67,17.55,2.22,99.96,12,36.49,80.27,66.1,59.21,54.06,65.01,59.15,59.36,577,1183,330,724,703.5,853,310.58,577,673,83,84,2026-09-19 22:18:21.483951+00:00
US-1751089,Mount Prospect,Illinois,IL,,,2025,55395,433654.27,-0.17,-2.3,6.32,6.49,6.67,1,0.02,-66.67,1677.0,1.76,102.0,5.06,2.24,100.63,12,37.66,70.77,86.99,61.58,54.99,63.27,57.49,59.33,419,1092,437,867,703.75,673,287.07,419,674,70,85,2026-09-19 22:18:21.483951+00:00
US-2555745,Quincy,Massachusetts,MA,,,2025,103173,676373.2,0.51,1.66,0.62,3.47,4.52,132,1.28,-57.56,2278.0,11.89,113.25,17.46,1.88,100.67,12,34.18,86.39,57.77,58.35,53.38,66.43,60.03,59.55,658,1241,269,649,704.25,972,347.4,658,675,26,26,2026-09-19 22:18:21.483951+00:00
US-2749300,Owatonna,Minnesota,MN,,,2025,26633,297149.71,-0.02,0.83,3.28,4.37,6.71,15,0.56,7.14,985.0,4.12,61.42,39.58,2.28,99.49,12,52.25,68.43,52.19,57.9,57.1,61.14,59.53,58.92,688,894,559,684,706.25,335,120.17,688,676,20,20,2026-09-19 22:18:21.483951+00:00
US-0830780,Glenwood Springs,Colorado,CO,,,2025,10395,854277.66,-0.27,3.9,3.35,5.65,9.93,24,2.31,-58.62,335.0,9.48,38.92,103.93,4.52,97.75,12,80.77,47.08,31.45,56.65,63.27,54.85,60.68,58.86,786,411,1049,587,708.25,638,237.28,786,677,3,3,2026-09-19 22:18:21.483951+00:00
US-2680700,Troy,Michigan,MI,,,2025,88733,454903.23,0.58,1.85,2.96,5.09,6.53,116,1.31,-51.87,2605.0,-2.29,139.17,20.66,1.93,100.05,12,54.75,64.7,54.95,58.28,57.76,60.25,59.25,58.89,665,837,622,712,709.0,215,80.46,665,678,23,18,2026-09-19 22:18:21.483951+00:00
US-2659440,Novi,Michigan,MI,,,2025,67319,465972.03,0.59,1.8,3.23,3.94,6.03,78,1.16,-37.1,2074.0,3.24,97.25,25.35,1.73,99.68,12,47.95,72.67,53.02,57.87,56.13,62.31,59.58,58.97,692,981,485,680,709.5,496,176.98,692,679,24,19,2026-09-19 22:18:21.483951+00:00
US-2935648,Jackson,Missouri,MO,,,2025,16033,267586.26,0.91,3.79,4.11,3.9,6.25,54,3.37,58.82,678.0,12.07,42.33,20.67,2.32,98.17,12,56.9,67.68,41.33,56.78,57.8,60.5,60.2,58.82,772,833,605,629,709.75,228,95.6,772,680,34,32,2026-09-19 22:18:21.483951+00:00
US-3676540,Utica,New York,NY,,,2025,62978,204476.52,-0.49,-3.34,8.41,7.47,9.2,0,0.0,,1309.0,11.69,108.92,20.13,3.05,97.94,12,51.57,58.96,78.05,60.78,57.76,59.61,57.54,58.92,471,839,670,862,710.5,391,156.9,471,681,27,27,2026-09-19 22:18:21.483951+00:00
US-1702154,Arlington Heights,Illinois,IL,,,2025,76216,467123.99,0.76,-1.55,6.13,6.51,6.85,43,0.56,-86.6,2858.0,-1.28,158.17,-7.32,2.07,100.3,12,43.05,66.27,82.48,61.03,55.93,61.73,57.44,59.03,461,1000,512,870,710.75,539,229.62,461,682,74,86,2026-09-19 22:18:21.483951+00:00
US-1050670,Newark,Delaware,DE,,,2025,30359,363429.9,-0.21,-0.82,3.48,4.24,6.12,2,0.07,-50.0,652.0,13.99,34.67,30.82,2.11,99.43,12,36.61,79.98,65.86,59.1,54.01,64.85,59.05,59.25,589,1185,339,733,711.5,846,307.58,589,683,2,3,2026-09-19 22:18:21.483951+00:00
US-3922694,Dublin,Ohio,OH,,,2025,49094,563009.87,-0.33,-0.49,2.74,4.43,7.4,100,2.04,-1.96,1746.0,7.58,122.75,39.36,2.58,99.77,12,53.99,71.98,38.07,56.31,57.0,61.49,60.49,58.82,815,902,533,602,713.0,369,150.7,815,684,76,61,2026-09-19 22:18:21.483951+00:00
US-2706616,Bloomington,Minnesota,MN,,,2025,89034,363169.44,0.72,-0.9,2.72,1.99,3.68,5,0.06,-98.54,3034.0,13.97,117.25,1.52,1.43,100.73,12,18.76,91.19,88.14,61.46,50.9,69.01,58.29,59.91,428,1455,173,798,713.5,1282,482.34,428,685,9,21,2026-09-19 22:18:21.483951+00:00
US-2903160,Ballwin,Missouri,MO,,,2025,30901,410237.73,-0.29,-2.4,2.32,4.11,5.95,0,0.0,-100.0,1686.0,11.8,48.83,50.26,1.05,101.22,12,28.14,90.59,63.22,58.77,52.14,67.75,59.75,59.6,615,1361,215,666,714.25,1146,412.22,615,686,30,33,2026-09-19 22:18:21.483951+00:00
US-3933838,Harrison,Ohio,OH,,,2025,13795,315480.07,1.46,9.23,3.91,3.95,6.24,124,8.99,49.4,608.0,35.41,51.67,33.62,3.21,98.72,12,65.52,67.72,18.17,54.46,59.08,59.63,61.78,58.74,985,704,668,505,715.5,480,172.72,985,687,92,62,2026-09-19 22:18:21.483951+00:00
US-3986772,Xenia,Ohio,OH,,,2025,26425,253014.42,1.62,3.75,4.77,5.06,6.72,129,4.88,-49.81,1255.0,4.5,68.08,13.0,2.04,97.91,12,63.1,60.64,41.67,56.88,59.15,58.53,59.85,58.6,766,701,742,661,717.5,105,40.05,766,688,70,63,2026-09-19 22:18:21.483951+00:00
US-4009050,Broken Arrow,Oklahoma,OK,,,2025,124991,286459.53,1.8,9.72,2.09,2.23,6.47,1063,8.5,6.94,5718.0,8.27,469.17,21.15,3.1,98.66,12,69.17,60.09,26.84,55.41,60.1,57.82,60.85,58.55,896,617,787,570,717.5,326,130.91,896,689,7,6,2026-09-19 22:18:21.483951+00:00
US-1378324,Union City,Georgia,GA,,,2025,29910,237351.98,6.1,10.4,-6.5,-2.87,7.11,612,20.46,-33.55,1309.0,7.12,162.83,1.82,4.73,98.46,12,77.83,48.02,35.49,56.81,62.54,55.08,60.18,58.65,769,453,1029,633,721.0,576,210.2,769,690,11,10,2026-09-19 22:18:21.483951+00:00
US-1664090,Pocatello,Idaho,ID,,,2025,58771,340866.47,0.29,3.36,0.19,2.37,7.98,301,5.12,137.01,2120.0,8.5,192.0,10.66,3.34,96.41,12,74.68,48.29,42.85,57.49,61.99,55.39,59.62,58.62,718,486,1006,677,721.75,520,186.01,718,691,11,16,2026-09-19 22:18:21.483951+00:00
US-4874144,Tyler,Texas,TX,,,2025,113723,251877.07,1.04,7.1,-0.86,1.66,6.4,270,2.37,-22.19,3652.0,6.91,531.83,15.3,5.44,99.7,12,65.52,54.35,50.94,57.97,59.98,57.19,59.04,58.54,683,631,843,734,722.75,212,78.4,683,692,7,8,2026-09-19 22:18:21.483951+00:00
US-3460090,Pompton Lakes,New Jersey,NJ,,,2025,11246,543593.04,0.0,1.38,3.07,7.04,7.75,40,3.56,-24.53,353.0,-12.62,22.75,11.43,2.38,103.62,12,65.99,54.95,48.04,57.64,59.98,57.22,59.23,58.52,706,630,840,717,723.25,210,75.27,706,693,83,76,2026-09-19 22:18:21.483951+00:00
US-4908460,Brigham City,Utah,UT,,,2025,20633,407839.78,1.72,4.82,0.95,1.68,6.47,143,6.93,4.38,821.0,10.35,72.17,21.97,3.27,99.44,12,62.41,66.39,28.81,55.4,58.56,59.56,60.84,58.59,898,751,673,573,723.75,325,118.75,898,694,13,10,2026-09-19 22:18:21.483951+00:00
US-1842624,Lebanon,Indiana,IN,,,2025,17913,297657.23,1.7,6.86,5.22,4.62,7.88,49,2.74,-68.39,726.0,-3.97,42.25,57.94,2.12,98.02,12,81.12,47.15,29.17,56.24,63.14,54.65,60.64,58.67,822,420,1065,592,724.75,645,242.76,822,695,31,24,2026-09-19 22:18:21.483951+00:00
US-3117670,Fremont,Nebraska,NE,,,2025,28350,253556.89,0.4,4.57,5.9,4.57,7.44,61,2.15,-8.96,883.0,-4.64,51.0,3.2,2.22,97.33,12,73.36,42.06,62.28,59.63,62.3,54.48,58.16,58.64,542,470,1080,814,726.5,610,241.07,542,696,3,3,2026-09-19 22:18:21.483951+00:00
US-4954990,North Logan,Utah,UT,,,2025,11608,541751.26,-0.53,5.58,5.6,1.55,7.3,17,1.46,-39.29,251.0,3.29,31.75,11.08,5.22,98.52,12,74.37,41.4,61.28,59.56,62.52,54.28,58.23,58.65,546,457,1099,804,726.5,642,249.99,546,697,6,11,2026-09-19 22:18:21.483951+00:00
US-0616224,Corcoran,California,CA,,,2025,22358,268395.24,2.0,-1.63,1.85,4.15,7.4,59,2.64,742.86,368.0,65.02,31.25,-17.4,3.26,98.47,12,48.78,65.43,67.53,59.3,56.59,60.75,58.15,58.7,569,940,584,815,727.0,371,156.94,569,698,22,30,2026-09-19 22:18:21.483951+00:00
US-3736080,Knightdale,North Carolina,NC,,,2025,23144,368565.73,6.15,18.68,-3.49,-1.43,6.36,527,22.77,-14.59,1663.0,35.76,165.58,57.95,3.66,98.99,12,71.76,66.35,5.16,53.21,60.14,58.79,62.66,58.7,1125,614,728,444,727.75,681,250.63,1125,699,29,22,2026-09-19 22:18:21.483951+00:00
US-1851876,Muncie,Indiana,IN,,,2025,65466,152857.36,0.29,0.55,2.97,5.93,8.7,37,0.57,-64.08,2207.0,3.37,155.75,18.89,2.59,95.95,12,67.25,47.08,64.78,59.57,60.83,55.79,57.93,58.53,545,567,977,827,729.0,432,181.11,545,700,16,25,2026-09-19 22:18:21.483951+00:00
US-1352192,Monroe,Georgia,GA,,,2025,16507,375632.18,0.82,9.83,1.21,2.48,8.59,78,4.73,225.0,637.0,10.59,106.42,33.86,6.19,96.9,12,88.28,40.48,27.64,56.39,64.84,52.89,60.7,58.71,813,304,1221,584,730.5,917,335.69,813,701,15,11,2026-09-19 22:18:21.483951+00:00
US-4501360,Anderson,South Carolina,SC,,,2025,31323,271640.27,0.8,6.16,0.98,4.55,8.76,274,8.75,65.06,1439.0,18.34,194.75,59.96,4.93,97.62,12,84.97,50.31,11.25,54.41,63.52,54.85,62.0,58.69,989,397,1048,493,731.75,651,289.5,989,702,18,14,2026-09-19 22:18:21.483951+00:00
US-5066175,South Burlington,Vermont,VT,,,2025,21394,486483.6,-0.85,5.69,-0.08,2.38,6.37,87,4.07,31.82,921.0,-2.02,53.92,32.58,2.18,100.48,12,62.98,64.8,30.75,55.56,58.69,59.14,60.57,58.49,888,744,703,598,733.25,290,104.01,888,703,1,1,2026-09-19 22:18:21.483951+00:00
US-1676870,Star,Idaho,ID,,,2025,20874,589640.48,14.82,81.7,1.68,-0.55,5.77,881,42.21,-18.27,3505.0,11.27,410.0,3.99,4.32,99.37,12,65.87,60.14,34.2,55.95,59.4,57.97,60.13,58.36,850,669,778,638,733.75,212,84.9,850,704,16,17,2026-09-19 22:18:21.483951+00:00
US-2730644,Hutchinson,Minnesota,MN,,,2025,14655,297823.79,-0.49,0.38,3.84,4.75,7.08,104,7.1,395.24,599.0,5.09,30.58,13.27,1.93,99.34,12,54.54,71.91,35.4,55.84,56.88,61.22,60.44,58.6,864,913,550,609,734.0,363,156.86,864,705,26,22,2026-09-19 22:18:21.483951+00:00
US-3972928,Solon,Ohio,OH,,,2025,23679,457224.62,-0.21,-2.15,5.68,5.22,6.77,26,1.1,116.67,759.0,4.69,35.33,15.22,1.79,100.29,12,39.6,77.89,61.23,58.41,54.33,63.91,59.0,58.91,651,1151,400,738,735.0,751,270.35,651,706,58,64,2026-09-19 22:18:21.483951+00:00
US-5584425,Waupun,Wisconsin,WI,,,2025,11150,264396.71,-0.24,-3.66,6.98,7.53,8.04,60,5.38,5900.0,313.0,18.56,13.92,15.97,1.69,98.78,12,46.47,79.86,37.46,55.9,55.14,63.48,60.59,58.78,854,1077,420,595,736.5,657,249.97,854,707,63,54,2026-09-19 22:18:21.483951+00:00
US-4269000,Scranton,Pennsylvania,PA,,,2025,75514,202766.13,-0.22,-0.86,4.78,8.2,8.88,2,0.03,0.0,2306.0,0.26,162.92,46.33,2.63,98.91,12,61.38,54.48,60.44,58.73,59.17,57.44,58.18,58.38,618,698,819,812,736.75,201,83.71,618,708,28,26,2026-09-19 22:18:21.483951+00:00
US-2621000,Dearborn,Michigan,MI,,,2025,105611,245106.55,-0.38,-3.6,5.98,5.83,7.93,22,0.21,-15.38,2874.0,1.77,128.75,26.43,1.64,99.48,12,45.89,69.35,64.58,58.77,55.73,61.6,58.32,58.6,614,1023,524,793,738.5,499,190.67,614,709,19,20,2026-09-19 22:18:21.483951+00:00
US-1722697,Edwardsville,Illinois,IL,,,2025,26463,322258.22,-0.15,-1.33,3.94,3.68,5.62,23,0.87,-4.17,1013.0,25.53,55.5,4.39,2.02,99.63,12,28.64,85.26,72.51,59.42,52.21,66.36,58.51,59.12,555,1357,272,772,739.0,1085,398.42,555,710,80,87,2026-09-19 22:18:21.483951+00:00
US-4761960,Red Bank,Tennessee,TN,,,2025,12405,309448.26,2.44,4.02,-2.28,1.75,6.23,34,2.74,3.03,602.0,9.65,47.25,4.23,2.97,98.32,12,57.01,60.15,57.96,58.35,58.09,58.88,58.52,58.46,660,805,724,770,739.75,145,54.27,660,711,6,11,2026-09-19 22:18:21.483951+00:00
US-3679444,Westbury,New York,NY,,,2025,15981,757214.71,0.31,1.09,3.72,5.44,6.48,0,0.0,-100.0,311.0,-4.89,20.5,6.96,2.52,99.91,12,50.69,54.56,89.0,61.62,57.6,58.56,56.26,58.51,417,855,739,954,741.25,537,202.08,417,712,24,28,2026-09-19 22:18:21.483951+00:00
US-2713114,Coon Rapids,Minnesota,MN,,,2025,64193,329755.35,0.32,0.93,3.18,2.28,4.58,42,0.65,55.56,2262.0,3.62,80.58,1.79,1.33,100.73,12,31.14,80.28,77.36,59.89,52.81,65.1,57.87,58.92,523,1299,322,829,743.25,977,368.16,523,713,13,23,2026-09-19 22:18:21.483951+00:00
US-3933012,Hamilton,Ohio,OH,,,2025,64644,301112.24,0.79,1.89,3.73,4.93,7.13,69,1.07,4.55,2076.0,-3.93,126.08,1.14,2.22,98.38,12,62.41,48.42,72.46,60.02,59.72,56.22,57.12,58.27,512,648,932,892,746.0,420,173.4,512,714,45,65,2026-09-19 22:18:21.483951+00:00
US-5170000,Salem,Virginia,VA,,,2025,25816,305067.17,0.31,1.65,3.24,4.78,7.02,17,0.66,-93.66,900.0,-1.42,54.42,20.04,2.2,98.69,12,60.07,54.48,62.9,58.82,58.82,57.42,57.84,58.22,609,728,821,833,747.75,224,89.83,609,715,7,6,2026-09-19 22:18:21.483951+00:00
US-3465280,Rutherford,New Jersey,NJ,,,2025,19132,729245.64,0.12,1.84,5.03,6.12,5.57,2,0.1,-97.06,425.0,10.68,40.92,32.35,3.64,102.36,12,42.99,72.54,63.97,58.58,55.01,62.39,58.39,58.59,637,1089,481,784,747.75,608,224.27,637,716,80,77,2026-09-19 22:18:21.483951+00:00
US-5517975,Cudahy,Wisconsin,WI,,,2025,17655,281668.97,-0.23,-2.88,4.9,7.04,8.14,1,0.06,,531.0,-17.8,25.33,2.36,1.73,102.06,12,49.6,56.09,87.66,61.39,57.26,58.88,56.33,58.46,437,882,725,951,748.75,514,197.75,437,717,35,55,2026-09-19 22:18:21.483951+00:00
US-1731121,Grayslake,Illinois,IL,,,2025,21140,362274.44,-0.14,-0.4,4.41,5.86,7.54,2,0.09,-75.0,833.0,-19.44,50.33,-15.99,2.33,100.08,12,55.56,47.04,94.26,62.25,58.81,56.68,55.6,58.33,386,729,883,1002,750.0,616,231.37,386,718,64,88,2026-09-19 22:18:21.483951+00:00
US-1811062,Cedar Lake,Indiana,IN,,,2025,16789,331106.37,2.34,18.2,1.94,2.74,5.71,91,5.42,-51.6,878.0,8.66,85.0,4.51,3.72,98.73,12,63.92,56.72,46.87,57.14,59.2,57.4,58.98,58.18,745,692,824,741,750.5,132,47.29,745,719,24,26,2026-09-19 22:18:21.483951+00:00
US-5551025,Menomonie,Wisconsin,WI,,,2025,16664,305048.6,0.03,-1.12,2.44,3.81,6.46,13,0.78,-43.48,464.0,24.73,33.75,-1.22,2.7,98.51,12,39.86,70.51,77.02,59.88,54.63,62.29,57.37,58.54,524,1119,486,875,751.0,633,261.03,524,720,45,56,2026-09-19 22:18:21.483951+00:00
US-1709447,Buffalo Grove,Illinois,IL,,,2025,42812,433192.73,-0.22,-0.63,5.55,6.33,7.18,1,0.02,,1551.0,-11.98,96.0,-3.36,2.28,100.27,12,51.1,52.62,91.68,61.78,57.65,58.03,55.84,58.32,405,847,773,982,751.75,577,213.76,405,721,67,89,2026-09-19 22:18:21.483951+00:00
US-2627380,Farmington,Michigan,MI,,,2025,11409,326316.65,-0.04,-1.24,3.36,4.51,6.18,38,3.33,,405.0,10.66,15.42,10.78,1.4,100.1,12,35.44,86.35,49.96,56.89,52.89,65.62,59.8,58.8,765,1290,307,663,756.25,983,351.95,765,722,29,21,2026-09-19 22:18:21.483951+00:00
US-5564450,Port Washington,Wisconsin,WI,,,2025,12658,379727.1,-0.21,1.79,5.58,5.78,5.87,60,4.74,57.89,439.0,24.36,29.92,33.46,2.57,100.35,12,46.09,83.68,27.82,54.68,54.63,64.02,61.18,58.63,965,1121,394,549,757.25,727,296.14,965,723,68,57,2026-09-19 22:18:21.483951+00:00
US-1253575,Oviedo,Florida,FL,,,2025,41317,506274.27,-0.24,3.36,-2.54,1.18,7.22,352,8.52,700.0,1380.0,11.83,100.75,29.17,2.72,97.92,12,68.24,62.06,21.38,54.36,59.36,57.81,60.77,58.08,995,673,788,577,758.25,418,155.77,995,724,15,5,2026-09-19 22:18:21.483951+00:00
US-1756926,Ottawa,Illinois,IL,,,2025,18684,210007.46,-0.19,-0.63,10.63,7.5,7.51,9,0.48,-30.77,851.0,37.7,74.08,34.49,3.26,98.11,12,54.35,63.23,55.66,57.79,57.21,59.43,58.48,58.23,696,885,680,778,759.75,205,81.31,696,725,98,90,2026-09-19 22:18:21.483951+00:00
US-1722164,East Peoria,Illinois,IL,,,2025,22088,176890.48,0.15,-1.61,10.62,6.99,7.61,8,0.36,-75.76,871.0,-12.29,27.33,-25.79,1.17,99.4,12,50.88,53.84,88.66,61.36,57.43,58.17,55.99,58.24,440,869,760,972,760.25,532,199.51,440,726,71,91,2026-09-19 22:18:21.483951+00:00
US-1330340,Flowery Branch,Georgia,GA,,,2025,13110,427605.41,5.83,37.83,-2.24,1.01,7.69,179,13.65,-53.39,797.0,11.62,120.42,56.22,5.83,98.21,12,88.38,47.72,6.99,53.8,63.97,53.81,61.94,58.38,1053,366,1138,498,763.75,772,336.36,1053,727,22,12,2026-09-19 22:18:21.483951+00:00
US-5335940,Kirkland,Washington,WA,,,2025,97410,1246508.55,2.97,5.03,-2.49,2.9,7.62,413,4.24,-6.56,4177.0,-4.04,280.17,79.59,2.42,99.43,12,76.18,53.69,22.11,54.79,61.32,55.7,60.65,58.12,951,535,988,591,766.25,453,204.63,951,728,23,19,2026-09-19 22:18:21.483951+00:00
US-0619318,Dinuba,California,CA,,,2025,25949,350582.62,0.17,4.65,2.63,2.8,6.31,43,1.66,-8.51,275.0,5.36,19.17,49.35,2.68,99.25,12,59.72,64.36,37.91,55.89,57.84,59.0,59.63,58.09,856,828,713,675,768.0,181,75.86,856,729,49,31,2026-09-19 22:18:21.483951+00:00
US-2553960,Pittsfield,Massachusetts,MA,,,2025,42909,307301.96,-0.82,-2.12,1.99,5.34,8.22,12,0.28,-20.0,1525.0,8.23,108.0,38.91,2.59,98.54,12,53.3,63.68,56.72,57.79,56.93,59.52,58.31,58.14,695,908,676,794,768.25,232,92.29,695,730,27,27,2026-09-19 22:18:21.483951+00:00
US-2621020,Dearborn Heights,Michigan,MI,,,2025,60664,213777.95,-0.25,-3.76,4.73,5.81,7.89,13,0.21,62.5,2031.0,-0.78,92.58,21.42,1.67,99.91,12,45.27,67.7,68.01,58.81,55.41,61.02,57.64,58.22,610,1049,568,849,769.0,481,193.96,610,731,18,22,2026-09-19 22:18:21.483951+00:00
US-3732260,Holly Springs,North Carolina,NC,,,2025,50288,579005.9,3.67,20.97,-1.12,0.7,8.11,310,6.16,-59.1,2041.0,-24.44,121.5,59.87,2.13,98.98,12,90.55,41.62,16.17,54.83,64.71,52.48,61.09,58.28,948,313,1262,554,769.25,949,363.75,948,732,25,23,2026-09-19 22:18:21.483951+00:00
US-5183680,Waynesboro,Virginia,VA,,,2025,23951,310502.5,1.59,7.5,2.36,3.38,5.95,353,14.74,-9.49,1383.0,9.59,91.17,36.75,2.43,99.68,12,60.15,74.84,11.77,53.2,57.3,60.97,61.92,58.35,1128,879,573,499,769.75,629,251.14,1128,733,14,7,2026-09-19 22:18:21.483951+00:00
US-0646828,Mendota,California,CA,,,2025,12778,323535.35,0.12,1.51,3.99,3.58,7.39,8,0.63,-33.33,23.0,-45.24,1.58,-26.92,3.16,100.8,12,63.51,41.82,85.19,61.34,60.26,54.84,55.92,58.09,443,608,1050,978,769.75,607,252.41,443,734,14,32,2026-09-19 22:18:21.483951+00:00
US-3032800,Great Falls,Montana,MT,,,2025,60208,334593.42,0.2,-0.41,5.07,6.34,9.58,128,2.13,29.29,2123.0,-5.52,179.75,15.35,3.08,102.63,12,63.65,54.25,52.46,57.56,59.15,56.8,58.3,57.96,713,700,871,796,770.0,171,68.97,713,735,2,2,2026-09-19 22:18:21.483951+00:00
US-0639248,Laguna Niguel,California,CA,,,2025,64107,1447310.05,0.24,-0.67,1.95,7.23,11.0,15,0.23,25.0,1945.0,4.35,177.58,38.02,3.38,98.7,12,62.55,53.25,57.82,58.11,59.05,56.72,57.89,57.94,674,711,878,828,772.75,204,83.21,674,736,33,33,2026-09-19 22:18:21.483951+00:00
US-2710972,Chaska,Minnesota,MN,,,2025,30513,475484.35,1.29,9.44,1.27,1.24,4.42,107,3.51,-38.51,1343.0,4.35,93.42,-2.44,2.54,99.6,12,49.69,66.98,57.87,57.79,56.1,60.43,58.29,58.15,697,984,611,799,772.75,373,138.94,697,737,21,24,2026-09-19 22:18:21.483951+00:00
US-0509460,Bryant,Arkansas,AR,,,2025,22815,253375.45,1.97,9.81,2.32,2.08,5.63,153,6.71,-13.56,1135.0,23.24,97.0,18.17,3.18,98.61,12,59.21,67.04,32.5,55.27,57.55,59.51,60.06,58.1,911,859,677,647,773.5,264,113.5,911,738,9,9,2026-09-19 22:18:21.483951+00:00
US-2537490,Lynn,Massachusetts,MA,,,2025,104236,580420.84,0.46,3.13,1.29,5.02,5.91,152,1.46,-42.64,1884.0,0.53,104.08,54.39,2.0,101.82,12,51.17,73.03,38.53,55.66,55.83,61.3,59.74,58.13,879,1008,542,667,774.0,466,181.01,879,739,29,28,2026-09-19 22:18:21.483951+00:00
US-4050100,Mustang,Oklahoma,OK,,,2025,24571,278234.02,2.67,21.92,1.72,2.73,6.46,124,5.05,93.75,912.0,7.29,87.25,49.36,3.52,98.67,12,74.08,56.09,20.54,54.4,60.65,56.16,60.63,57.96,991,576,937,593,774.25,415,190.8,991,740,8,7,2026-09-19 22:18:21.483951+00:00
US-5583975,Watertown,Wisconsin,WI,,,2025,22704,318206.14,-0.16,-1.2,6.07,6.86,7.29,153,6.74,595.45,835.0,17.94,55.67,53.56,2.43,100.64,12,49.72,84.51,15.57,53.36,55.04,63.73,61.96,58.52,1106,1087,409,496,774.5,697,323.54,1106,741,72,58,2026-09-19 22:18:21.483951+00:00
US-2930214,Hannibal,Missouri,MO,,,2025,16804,175406.6,0.05,-1.52,6.83,5.79,8.24,0,0.0,,728.0,21.74,62.17,33.21,3.18,95.89,12,55.56,55.89,69.57,59.18,57.76,57.84,57.11,57.97,583,838,786,894,775.25,311,117.38,583,742,29,34,2026-09-19 22:18:21.483951+00:00
US-5165392,Radford,Virginia,VA,,,2025,17243,266100.88,0.02,6.99,1.12,2.96,4.93,13,0.75,-53.57,455.0,2.02,22.08,-26.59,1.92,97.7,12,49.72,56.63,83.29,60.53,56.83,58.56,56.19,58.03,481,920,740,960,775.25,479,189.02,481,743,5,8,2026-09-19 22:18:21.483951+00:00
US-4769560,Soddy-Daisy,Tennessee,TN,,,2025,13474,359745.79,0.07,3.22,0.78,3.55,7.03,43,3.19,10.26,531.0,17.74,46.75,18.86,3.62,97.34,12,65.54,55.6,43.59,56.58,59.27,56.78,58.88,57.88,795,683,874,750,775.5,191,69.44,795,744,11,12,2026-09-19 22:18:21.483951+00:00
US-0670280,Saratoga,California,CA,,,2025,30418,3975456.2,0.55,-1.62,2.27,5.25,8.07,96,3.16,-9.43,804.0,-3.25,43.17,17.46,2.02,103.0,12,54.04,67.37,44.93,56.43,56.68,60.01,59.13,58.06,809,931,638,726,776.0,293,108.0,809,745,45,34,2026-09-19 22:18:21.483951+00:00
US-0148712,Millbrook,Alabama,AL,,,2025,17623,216952.61,1.17,6.44,4.7,3.79,6.44,78,4.43,13.04,775.0,7.04,52.5,46.17,2.51,98.64,12,65.18,64.0,23.54,54.36,58.58,58.29,60.49,57.93,996,750,755,603,776.0,393,140.93,996,746,8,6,2026-09-19 22:18:21.483951+00:00
US-4715160,Clarksville,Tennessee,TN,,,2025,188829,318212.75,1.62,12.7,-0.39,0.96,7.15,2256,11.95,9.04,10530.0,5.56,1290.67,13.57,4.56,98.56,12,79.76,47.17,28.87,55.63,62.35,54.2,60.01,58.05,881,464,1105,654,776.0,641,240.57,881,747,13,13,2026-09-19 22:18:21.483951+00:00
US-4865516,San Juan,Texas,TX,,,2025,37868,182518.62,1.53,7.07,-1.72,2.35,7.52,303,8.0,-16.53,680.0,22.3,181.83,47.83,10.01,98.72,12,78.62,54.1,14.3,53.96,61.62,55.49,61.16,58.05,1038,516,1001,551,776.5,522,243.67,1038,748,20,9,2026-09-19 22:18:21.483951+00:00
US-3966390,Reynoldsburg,Ohio,OH,,,2025,43350,295066.33,1.35,5.6,0.81,2.97,6.84,169,3.9,-38.77,1345.0,-2.11,86.92,22.85,2.35,99.06,12,69.0,54.48,37.38,56.01,59.9,56.27,59.31,57.87,841,635,926,706,777.0,291,113.47,841,749,77,66,2026-09-19 22:18:21.483951+00:00
US-5351300,Olympia,Washington,WA,,,2025,56724,535947.22,1.08,1.99,0.04,1.64,5.35,129,2.27,-54.26,1777.0,20.39,96.17,38.04,1.96,99.57,12,41.36,84.53,36.76,55.32,53.62,64.41,60.33,58.42,907,1220,371,619,779.25,849,317.38,907,750,21,20,2026-09-19 22:18:21.483951+00:00
US-5368435,Sumner,Washington,WA,,,2025,10871,594656.53,0.18,2.05,0.58,2.35,5.22,122,11.22,-24.22,373.0,31.8,16.42,10.06,1.72,99.61,12,40.57,86.98,32.71,54.85,53.31,64.92,60.67,58.44,945,1248,335,589,779.25,913,346.68,945,751,22,21,2026-09-19 22:18:21.483951+00:00
US-0619402,Dixon,California,CA,,,2025,21116,608526.27,2.89,8.5,-2.16,0.05,3.4,64,3.03,-86.75,779.0,4.85,51.5,-18.15,2.46,99.63,12,44.84,68.92,65.4,58.41,55.15,61.17,57.73,58.11,652,1074,557,841,781.0,517,197.65,652,752,32,35,2026-09-19 22:18:21.483951+00:00
US-4770580,Spring Hill,Tennessee,TN,,,2025,61336,521811.11,2.88,19.47,-0.52,-0.34,7.62,630,10.27,-5.26,3757.0,-2.39,390.25,19.74,3.78,98.92,12,86.8,41.33,25.49,55.56,63.96,52.59,60.2,58.08,889,367,1246,628,782.5,879,325.07,889,753,15,14,2026-09-19 22:18:21.483951+00:00
US-3977000,Toledo,Ohio,OH,,,2025,263423,130631.54,-0.36,-2.54,5.57,6.1,7.8,23,0.09,-84.03,9595.0,-2.11,671.58,12.09,2.57,100.06,12,48.78,58.97,79.2,59.95,56.4,58.95,56.41,57.93,517,955,720,941,783.25,438,179.77,517,754,46,67,2026-09-19 22:18:21.483951+00:00
US-4606620,Box Elder,South Dakota,SD,,,2025,13936,364163.04,0.24,16.64,2.41,2.3,7.56,75,5.38,-29.25,536.0,-15.46,73.08,-8.26,5.25,100.24,12,85.42,32.12,53.12,58.69,64.59,51.26,58.21,58.19,624,318,1385,807,783.5,1067,388.74,624,755,2,3,2026-09-19 22:18:21.483951+00:00
US-1383420,Winder,Georgia,GA,,,2025,21252,343864.69,2.56,15.7,0.74,2.37,8.97,305,14.35,-4.09,921.0,4.07,114.0,38.46,4.58,97.87,12,92.94,40.91,11.3,54.32,65.09,52.08,61.37,58.21,1000,296,1299,540,783.75,1003,390.37,1000,756,18,13,2026-09-19 22:18:21.483951+00:00
US-0468080,Somerton,Arizona,AZ,,,2025,14934,265228.61,-0.28,4.94,3.66,2.34,8.77,32,2.14,220.0,178.0,-6.81,18.08,-9.96,3.81,98.05,12,82.46,29.33,68.07,60.27,64.36,51.08,57.11,58.21,499,339,1406,893,784.25,1067,411.71,499,757,2,4,2026-09-19 22:18:21.483951+00:00
US-4516000,Columbia,South Carolina,SC,,,2025,147035,229068.96,2.01,8.23,1.3,2.83,7.72,1956,13.3,-8.94,5989.0,-0.93,466.75,10.58,2.89,98.02,12,81.7,44.19,30.9,55.87,62.83,53.45,59.74,57.97,861,438,1177,670,786.5,739,270.68,861,758,16,15,2026-09-19 22:18:21.483951+00:00
US-5504625,Baraboo,Wisconsin,WI,,,2025,13224,309209.3,0.89,5.51,1.99,4.42,6.42,32,2.42,-79.62,523.0,8.28,45.17,34.16,3.53,99.09,12,63.39,59.86,37.79,55.76,58.49,57.61,59.24,57.78,871,768,800,713,788.0,158,57.14,871,759,64,59,2026-09-19 22:18:21.483951+00:00
US-1753234,Normal,Illinois,IL,,,2025,53275,267736.09,0.09,0.5,3.06,3.37,6.17,150,2.82,45.63,1609.0,0.06,79.75,-3.82,1.83,100.83,12,43.29,71.7,61.96,57.9,54.61,61.71,57.94,58.04,689,1124,516,825,788.5,608,222.51,689,760,96,92,2026-09-19 22:18:21.483951+00:00
US-3958730,Oregon,Ohio,OH,,,2025,19674,228061.77,0.07,-1.25,6.25,6.12,6.72,41,2.08,10.81,690.0,18.76,54.58,21.3,3.1,100.55,12,42.48,78.37,48.04,56.43,54.08,63.05,59.19,58.19,808,1178,448,722,789.0,730,260.98,808,761,74,68,2026-09-19 22:18:21.483951+00:00
US-3441310,Long Branch,New Jersey,NJ,,,2025,33321,794927.08,0.15,5.23,0.33,4.15,8.51,59,1.77,0.0,747.0,1.91,113.67,-9.91,5.86,96.42,12,82.07,28.5,70.83,60.51,64.31,50.92,56.84,58.14,483,347,1418,909,789.25,1071,418.04,483,762,67,78,2026-09-19 22:18:21.483951+00:00
US-5586025,Weston,Wisconsin,WI,,,2025,15931,297866.19,0.34,1.25,10.59,8.32,7.49,59,3.7,28.26,493.0,-4.83,41.25,-4.44,3.17,100.74,12,63.22,52.12,57.7,57.95,59.06,56.29,57.67,57.74,684,708,924,845,790.25,240,98.67,684,763,56,60,2026-09-19 22:18:21.483951+00:00
US-5535450,Holmen,Wisconsin,WI,,,2025,12105,412887.58,2.08,12.46,1.79,3.85,6.17,103,8.51,-21.97,579.0,-7.36,42.25,-1.36,2.73,101.08,12,66.87,53.55,43.92,56.47,59.43,56.1,58.58,57.64,803,667,945,766,795.25,278,99.74,803,764,57,61,2026-09-19 22:18:21.483951+00:00
US-1707471,Bourbonnais,Illinois,IL,,,2025,17658,293421.75,-0.25,-2.43,3.68,5.68,7.29,23,1.3,15.0,630.0,23.77,45.0,21.9,2.8,98.99,12,44.77,72.96,54.07,56.96,54.62,61.67,58.38,57.91,759,1123,520,786,797.0,603,214.81,759,765,106,93,2026-09-19 22:18:21.483951+00:00
US-5129744,Fredericksburg,Virginia,VA,,,2025,30393,478561.52,1.36,8.56,1.18,3.67,6.23,25,0.82,-32.43,962.0,-3.9,73.58,9.96,2.88,98.98,12,64.6,46.13,68.76,59.18,59.68,55.07,56.7,57.66,584,655,1030,920,797.25,446,183.68,584,766,6,9,2026-09-19 22:18:21.483951+00:00
US-1817074,Decatur,Indiana,IN,,,2025,10090,227378.26,0.11,1.62,6.22,7.17,8.68,22,2.18,4.76,316.0,-17.49,13.42,3.87,1.57,98.12,12,72.32,41.2,61.6,58.75,61.38,53.6,57.25,57.75,616,533,1163,880,798.0,630,246.63,616,767,18,27,2026-09-19 22:18:21.483951+00:00
US-2628360,Flat Rock,Michigan,MI,,,2025,10218,259853.19,-0.01,-2.71,3.48,4.44,5.68,6,0.59,-33.33,298.0,13.31,11.92,10.0,1.53,100.49,12,23.99,88.56,72.14,58.63,50.58,66.73,57.86,58.45,630,1482,250,830,798.0,1232,446.49,630,768,20,23,2026-09-19 22:18:21.483951+00:00
US-3909680,Brunswick,Ohio,OH,,,2025,35114,312057.23,0.03,-0.89,4.09,5.06,7.13,46,1.31,9.52,1130.0,-6.84,42.5,6.47,1.43,100.23,12,49.41,62.85,66.79,58.46,56.05,59.41,57.2,57.78,644,988,685,881,799.5,344,140.95,644,769,56,69,2026-09-19 22:18:21.483951+00:00
US-1847448,Martinsville,Indiana,IN,,,2025,12141,293296.99,1.2,1.82,1.94,4.25,7.22,104,8.57,73.33,573.0,7.5,36.17,17.3,2.42,98.27,12,63.18,62.97,29.74,54.75,58.1,58.05,59.74,57.66,958,803,771,668,800.0,290,103.97,958,770,39,28,2026-09-19 22:18:21.483951+00:00
US-2105842,Berea,Kentucky,KY,,,2025,16662,250432.1,1.49,6.86,4.28,5.57,7.12,163,9.78,14.79,763.0,16.49,81.33,33.15,3.92,98.12,12,74.22,56.56,17.31,53.81,60.38,55.97,60.58,57.68,1051,599,957,597,801.0,454,205.7,1051,771,5,2,2026-09-19 22:18:21.483951+00:00
US-1837782,Jasper,Indiana,IN,,,2025,17279,262742.61,1.31,3.35,5.21,4.56,6.25,146,8.45,-7.59,528.0,5.18,28.08,-15.96,2.02,98.09,12,55.75,62.77,49.85,56.73,56.97,58.73,58.32,57.69,778,905,730,792,801.25,175,64.16,778,772,29,29,2026-09-19 22:18:21.483951+00:00
US-4082950,Yukon,Oklahoma,OK,,,2025,27615,273000.88,2.07,16.07,1.54,2.46,6.34,6,0.22,-71.43,839.0,-10.08,56.5,11.33,2.47,97.96,12,70.84,36.81,76.3,60.3,61.45,52.94,56.07,57.69,497,528,1216,969,802.5,719,303.06,497,773,2,8,2026-09-19 22:18:21.483951+00:00
US-4746240,Martin,Tennessee,TN,,,2025,11060,214255.57,0.41,2.1,5.94,5.43,9.21,15,1.36,-34.78,318.0,30.33,41.08,39.66,5.1,94.95,12,75.47,44.87,43.36,56.73,61.48,53.82,58.49,57.63,777,524,1135,775,802.75,611,217.67,777,774,10,15,2026-09-19 22:18:21.483951+00:00
US-0673220,South Pasadena,California,CA,,,2025,25503,1682318.06,-0.64,-4.99,2.83,4.97,6.47,47,1.84,-7.84,535.0,35.44,33.0,9.39,2.28,105.49,12,27.07,89.97,59.9,57.29,50.87,66.59,58.66,58.35,733,1460,259,761,803.25,1201,428.44,733,775,37,36,2026-09-19 22:18:21.483951+00:00
US-3974076,Springboro,Ohio,OH,,,2025,19606,430198.15,0.3,2.46,1.49,3.45,5.97,75,3.83,78.57,1010.0,26.25,56.67,46.55,2.21,98.99,12,49.76,78.91,25.76,53.96,54.9,62.19,60.48,57.88,1037,1099,491,604,807.75,608,264.21,1037,776,95,70,2026-09-19 22:18:21.483951+00:00
US-4812532,Canyon,Texas,TX,,,2025,16518,295537.03,0.77,10.7,0.94,2.29,5.84,84,5.09,121.05,615.0,4.95,57.58,6.14,3.78,99.43,12,62.22,56.96,46.66,56.49,58.31,56.99,58.3,57.52,798,783,856,797,808.5,73,28.06,798,777,11,10,2026-09-19 22:18:21.483951+00:00
US-3575640,Sunland Park,New Mexico,NM,,,2025,18268,223105.63,0.99,8.76,-2.78,4.77,8.33,18,0.99,-18.18,630.0,-21.54,118.33,-17.87,7.17,99.28,12,86.08,20.26,80.54,61.66,65.5,49.05,55.91,58.03,414,271,1571,979,808.75,1300,513.57,414,778,1,1,2026-09-19 22:18:21.483951+00:00
US-3945108,Loveland,Ohio,OH,,,2025,13288,443097.93,0.13,-0.02,4.4,5.27,7.69,10,0.75,-9.09,562.0,-1.92,39.17,31.28,2.64,99.89,12,58.98,57.56,53.65,57.15,57.76,57.4,57.81,57.53,743,840,825,836,811.0,97,39.64,743,779,67,71,2026-09-19 22:18:21.483951+00:00
US-1067310,Smyrna,Delaware,DE,,,2025,13340,398306.88,0.03,2.92,1.84,3.69,7.14,43,3.22,38.71,518.0,-10.07,37.17,-18.61,2.68,99.56,12,66.18,45.79,64.48,58.62,59.81,54.71,56.83,57.49,632,644,1060,910,811.5,428,181.47,632,780,3,4,2026-09-19 22:18:21.483951+00:00
US-1359735,Peachtree Corners,Georgia,GA,,,2025,42519,554827.55,-0.8,0.68,-0.97,3.15,7.85,51,1.2,410.0,1312.0,12.62,131.75,34.55,3.72,98.06,12,63.17,55.68,47.24,56.56,58.53,56.66,58.2,57.49,796,760,884,808,812.0,124,45.17,796,781,13,14,2026-09-19 22:18:21.483951+00:00
US-2521990,Everett,Massachusetts,MA,,,2025,53572,632085.32,4.61,9.54,1.16,4.39,4.78,197,3.68,-4.37,631.0,-0.32,33.25,23.15,2.01,101.79,12,51.82,71.5,37.94,55.24,55.64,60.56,59.29,57.68,912,1028,599,709,812.0,429,167.8,912,782,31,29,2026-09-19 22:18:21.483951+00:00
US-2624120,East Lansing,Michigan,MI,,,2025,49355,314864.04,1.35,2.76,5.57,5.64,6.48,5,0.1,,1010.0,-4.63,59.67,28.32,2.12,99.17,12,57.71,53.78,66.27,58.47,57.81,56.83,56.8,57.48,642,831,866,912,812.75,270,102.68,642,783,21,24,2026-09-19 22:18:21.483951+00:00
US-3476400,Waldwick,New Jersey,NJ,,,2025,10252,724461.87,-0.01,1.66,5.08,7.1,6.85,2,0.2,-50.0,274.0,-1.44,21.58,47.16,3.37,105.57,12,58.02,57.66,55.68,57.31,57.56,57.47,57.62,57.49,731,858,815,852,814.0,127,50.67,731,784,85,79,2026-09-19 22:18:21.483951+00:00
US-3563460,Rio Rancho,New Mexico,NM,,,2025,114419,360299.71,1.75,9.54,0.59,3.09,7.86,1001,8.75,-20.05,5438.0,0.44,559.92,35.14,3.75,98.94,12,84.04,46.11,17.7,54.18,62.71,53.23,60.34,57.61,1009,441,1190,617,814.25,749,298.89,1009,785,2,2,2026-09-19 22:18:21.483951+00:00
US-5582600,Verona,Wisconsin,WI,,,2025,16821,595491.04,0.43,20.29,1.19,5.13,6.88,206,12.25,74.58,579.0,-6.01,48.83,13.57,3.33,100.02,12,79.12,46.68,28.7,55.16,61.83,53.72,59.48,57.55,922,498,1150,691,815.25,652,244.71,922,786,67,62,2026-09-19 22:18:21.483951+00:00
US-5530000,Grafton,Wisconsin,WI,,,2025,13389,443858.5,5.68,10.91,4.63,5.49,6.38,249,18.6,-37.12,639.0,0.63,63.0,13.86,3.86,102.06,12,69.09,57.81,25.92,54.35,59.23,56.41,59.7,57.42,997,689,908,671,816.25,326,139.98,997,787,70,63,2026-09-19 22:18:21.483951+00:00
US-1846908,Marion,Indiana,IN,,,2025,28234,138093.92,0.43,-0.04,3.31,5.33,7.7,6,0.21,-70.0,978.0,3.49,75.33,-0.66,2.94,96.38,12,58.98,44.97,85.05,60.6,58.69,55.19,55.29,57.44,478,743,1016,1028,816.25,550,226.12,478,788,11,30,2026-09-19 22:18:21.483951+00:00
US-0412840,Chino Valley,Arizona,AZ,,,2025,13832,496616.37,-0.25,5.52,1.23,1.56,6.72,56,4.05,-31.71,757.0,74.02,96.25,18.95,4.87,98.08,12,67.23,54.28,39.81,55.84,59.23,55.99,58.66,57.43,863,688,955,760,816.5,267,101.3,863,789,4,5,2026-09-19 22:18:21.483951+00:00
US-4527070,Fountain Inn,South Carolina,SC,,,2025,14722,309702.5,6.47,40.06,-0.16,0.54,5.72,340,23.09,-15.42,1070.0,17.07,118.08,16.63,4.03,99.07,12,65.28,62.74,23.65,53.99,58.28,57.64,59.98,57.47,1034,787,798,656,818.75,378,136.25,1034,790,19,16,2026-09-19 22:18:21.483951+00:00
US-5553750,Monroe,Wisconsin,WI,,,2025,10581,276607.85,-0.14,-0.49,5.23,5.09,6.71,2,0.19,-91.67,416.0,11.83,36.67,11.96,3.37,98.78,12,45.82,62.1,76.66,59.23,55.33,59.4,56.23,57.55,576,1058,687,957,819.5,482,195.34,576,791,52,64,2026-09-19 22:18:21.483951+00:00
US-3463150,Ringwood,New Jersey,NJ,,,2025,11853,586593.17,0.01,1.42,3.39,7.16,7.61,23,1.94,15.0,230.0,1.32,22.75,99.27,3.92,104.38,12,65.11,58.58,34.18,55.09,58.51,56.88,59.08,57.39,925,764,865,731,821.25,194,77.62,925,792,87,80,2026-09-19 22:18:21.483951+00:00
US-2144146,Lawrenceburg,Kentucky,KY,,,2025,12329,265251.77,0.81,5.04,5.85,5.63,8.5,76,6.16,192.31,422.0,6.3,37.75,58.95,3.43,97.5,12,81.55,48.96,16.19,53.8,61.97,53.82,60.35,57.48,1054,487,1136,615,823.0,649,277.26,1054,793,6,3,2026-09-19 22:18:21.483951+00:00
US-2642160,Kalamazoo,Michigan,MI,,,2025,72683,237120.32,-0.24,-1.08,3.15,4.31,6.57,3,0.04,-57.14,2458.0,5.86,137.5,13.25,2.07,98.43,12,41.57,65.39,79.44,59.37,54.39,60.35,56.07,57.55,561,1147,616,970,823.5,586,243.97,561,794,16,25,2026-09-19 22:18:21.483951+00:00
US-5149784,Martinsville,Virginia,VA,,,2025,13849,137392.48,0.44,2.75,-1.3,3.34,8.33,0,0.0,-100.0,576.0,1.41,67.0,8.36,4.42,94.41,12,75.27,27.79,87.77,61.78,62.9,51.03,55.15,57.71,406,433,1410,1045,823.5,1004,424.22,406,795,3,10,2026-09-19 22:18:21.483951+00:00
US-2128918,Franklin,Kentucky,KY,,,2025,10759,248681.04,1.78,5.35,0.21,3.79,8.62,88,8.18,,615.0,12.84,115.92,32.22,7.25,98.08,12,82.74,46.14,20.29,54.32,62.39,53.24,60.02,57.49,1001,459,1188,650,824.5,729,286.06,1001,796,4,4,2026-09-19 22:18:21.483951+00:00
US-1728872,Geneva,Illinois,IL,,,2025,21138,530698.02,-0.48,-0.91,4.53,6.52,8.13,27,1.28,145.45,896.0,-7.82,56.33,2.89,2.43,99.87,12,57.71,52.06,69.66,58.72,57.81,56.4,56.36,57.32,621,832,909,949,827.75,328,126.56,621,797,89,94,2026-09-19 22:18:21.483951+00:00
US-4568290,Spartanburg,South Carolina,SC,,,2025,39978,232132.03,0.6,3.55,1.8,3.1,7.59,33,0.83,-10.81,1455.0,2.32,160.42,8.7,4.12,97.06,12,72.44,36.94,69.7,59.33,61.38,52.51,56.19,57.35,564,532,1258,959,828.25,726,299.74,564,798,7,17,2026-09-19 22:18:21.483951+00:00
US-3907300,Blue Ash,Ohio,OH,,,2025,13707,449219.6,0.62,2.28,3.19,5.81,6.43,26,1.9,-27.78,542.0,5.24,50.75,14.91,3.52,99.67,12,55.27,60.49,54.74,56.96,56.75,58.06,57.56,57.33,758,927,770,860,828.75,169,69.08,758,799,68,72,2026-09-19 22:18:21.483951+00:00
US-1320064,Covington,Georgia,GA,,,2025,17477,294307.82,14.3,22.8,-3.35,-0.96,7.35,255,14.59,-75.64,815.0,21.46,140.42,49.64,6.74,97.83,12,85.15,48.89,7.55,53.06,62.63,53.57,61.07,57.58,1147,446,1167,557,829.25,721,330.17,1147,800,29,15,2026-09-19 22:18:21.483951+00:00
US-1278325,Winter Springs,Florida,FL,,,2025,39585,424027.07,0.4,3.1,-4.29,0.4,6.53,7,0.18,-95.68,1634.0,3.68,131.0,26.06,2.96,98.2,12,59.07,52.16,65.85,58.35,58.02,56.29,56.64,57.32,659,812,922,927,830.0,268,108.9,659,801,4,6,2026-09-19 22:18:21.483951+00:00
US-5135000,Hampton,Virginia,VA,,,2025,137315,279328.13,-0.06,0.03,-0.75,3.61,6.83,100,0.73,47.06,5741.0,1.34,393.92,18.0,2.55,99.72,12,49.97,62.69,63.41,57.78,55.8,58.98,57.04,57.4,698,1011,716,896,830.25,313,129.94,698,802,9,11,2026-09-19 22:18:21.483951+00:00
US-0671106,Shafter,California,CA,,,2025,23871,384312.41,4.33,18.99,-0.62,2.5,6.36,452,18.94,4.39,552.0,8.24,46.42,65.77,3.11,99.13,12,71.82,63.3,4.99,52.13,59.24,57.11,61.31,57.45,1261,686,849,541,834.25,720,269.4,1261,803,92,37,2026-09-19 22:18:21.483951+00:00
US-2031125,Haysville,Kansas,KS,,,2025,11353,207502.13,-0.19,0.7,1.08,4.4,7.03,10,0.88,25.0,472.0,-3.87,21.25,30.1,1.72,99.59,12,55.58,60.76,52.62,56.65,56.69,57.98,57.61,57.23,787,930,777,854,837.0,153,61.31,787,804,16,15,2026-09-19 22:18:21.483951+00:00
US-1780060,West Chicago,Illinois,IL,,,2025,25296,380714.45,-0.17,-1.04,5.02,4.89,4.8,1,0.04,-50.0,499.0,12.64,29.58,13.78,2.17,100.87,12,23.25,85.14,79.06,58.86,50.19,65.66,56.68,57.85,608,1519,302,923,838.0,1217,450.33,608,805,87,95,2026-09-19 22:18:21.483951+00:00
US-1906355,Bettendorf,Iowa,IA,,,2025,40710,326347.72,1.44,4.06,2.79,2.98,4.73,122,3.0,-68.48,2048.0,6.83,122.75,-14.66,2.24,98.99,12,43.15,68.84,65.63,57.76,54.23,60.65,56.96,57.4,700,1162,592,901,838.75,570,217.08,700,806,2,2,2026-09-19 22:18:21.483951+00:00
US-1216675,DeBary,Florida,FL,,,2025,23544,380223.26,0.75,5.88,-3.24,-0.77,6.58,79,3.36,-11.24,1648.0,5.57,143.08,10.42,3.26,97.8,12,66.42,50.39,50.08,56.72,59.16,55.15,57.57,57.15,780,699,1020,857,839.0,321,118.5,780,807,6,7,2026-09-19 22:18:21.483951+00:00
US-3103950,Bellevue,Nebraska,NE,,,2025,64863,296936.07,0.15,-0.47,2.5,4.24,6.55,146,2.25,-56.02,2273.0,-1.09,78.25,8.3,1.26,100.34,12,43.91,71.19,57.77,56.92,54.17,60.99,57.57,57.41,762,1168,571,858,839.75,597,215.84,762,808,5,4,2026-09-19 22:18:21.483951+00:00
US-3312900,Claremont,New Hampshire,NH,,,2025,13032,282288.91,-0.26,0.62,6.67,8.21,12.58,0,0.0,-100.0,396.0,-4.58,30.33,18.57,2.78,97.39,12,68.5,36.68,79.39,60.09,60.59,52.63,55.27,57.14,509,581,1241,1030,840.25,732,305.59,509,809,10,10,2026-09-19 22:18:21.483951+00:00
US-2665560,Portage,Michigan,MI,,,2025,49862,293910.5,0.41,1.88,3.72,3.59,6.13,141,2.83,76.25,2048.0,5.89,95.83,22.86,1.72,98.97,12,49.43,71.5,42.31,55.37,54.98,60.5,58.65,57.38,904,1093,604,762,840.75,489,180.2,904,810,36,26,2026-09-19 22:18:21.483951+00:00
US-0617610,Cupertino,California,CA,,,2025,58333,3021267.76,0.21,-2.75,2.18,5.72,7.49,66,1.13,-29.79,983.0,-14.52,31.17,-12.21,1.2,106.14,12,45.39,61.57,77.12,58.98,55.0,59.05,55.84,57.22,598,1090,708,983,844.75,492,199.28,598,811,26,38,2026-09-19 22:18:21.483951+00:00
US-4980090,Vernal,Utah,UT,,,2025,10671,290306.17,0.24,5.8,3.29,4.55,8.2,100,9.37,300.0,439.0,10.03,51.83,37.92,4.35,97.78,12,81.72,48.62,15.34,53.54,61.83,53.56,60.19,57.28,1084,496,1169,632,845.25,673,286.91,1084,812,16,12,2026-09-19 22:18:21.483951+00:00
US-3774540,Wilson,North Carolina,NC,,,2025,49572,219637.71,0.33,1.17,0.12,2.75,9.11,249,5.02,-34.65,1771.0,9.25,170.0,18.67,3.57,97.36,12,71.27,50.57,36.54,55.35,59.85,54.68,58.49,57.09,905,639,1064,776,846.0,425,157.13,905,813,23,24,2026-09-19 22:18:21.483951+00:00
US-3673176,Tarrytown,New York,NY,,,2025,11890,833576.88,0.3,0.77,7.15,6.12,6.53,1,0.08,-75.0,204.0,-27.4,13.08,-21.89,2.46,103.74,12,49.74,50.14,94.65,61.11,56.6,56.7,54.41,57.2,455,939,881,1110,846.25,655,241.07,455,814,26,29,2026-09-19 22:18:21.483951+00:00
US-3925970,Fairfield,Ohio,OH,,,2025,44682,279486.77,-0.26,-0.48,3.55,4.67,7.3,22,0.49,175.0,1403.0,-1.75,80.67,14.15,2.12,98.91,12,53.15,56.39,69.37,58.34,56.56,57.37,56.23,57.12,661,942,828,956,846.75,295,118.18,661,815,60,73,2026-09-19 22:18:21.483951+00:00
US-5555275,Muskego,Wisconsin,WI,,,2025,25602,513457.09,-0.3,1.99,6.03,4.95,5.77,26,1.02,-39.53,675.0,-11.65,30.92,-25.5,1.85,101.7,12,45.85,59.65,80.19,59.27,55.14,58.59,55.5,57.13,572,1075,738,1013,849.5,503,204.34,572,816,51,65,2026-09-19 22:18:21.483951+00:00
US-3128000,Lincoln,Nebraska,NE,,,2025,301522,290806.5,0.75,3.31,4.01,3.71,6.33,2215,7.35,28.03,11638.0,4.98,719.42,23.68,2.28,99.46,12,56.78,69.68,26.8,53.8,56.15,59.38,59.59,57.23,1055,977,689,679,850.0,376,168.31,1055,817,7,5,2026-09-19 22:18:21.483951+00:00
US-1762016,Prospect Heights,Illinois,IL,,,2025,15552,317958.63,-0.13,-2.74,5.55,7.26,7.35,5,0.32,66.67,562.0,6.84,39.42,37.1,2.65,99.85,12,44.17,70.94,56.94,56.73,54.12,60.81,57.49,57.29,779,1174,583,866,850.5,591,213.05,779,818,108,96,2026-09-19 22:18:21.483951+00:00
US-1820728,Elkhart,Indiana,IN,,,2025,54092,224581.72,0.52,0.44,5.4,4.58,7.48,348,6.43,91.21,1501.0,4.16,80.5,14.86,1.98,98.41,12,59.02,63.48,35.76,54.77,56.87,57.99,58.7,57.08,955,915,776,757,850.75,198,85.69,955,819,38,31,2026-09-19 22:18:21.483951+00:00
US-1380508,Warner Robins,Georgia,GA,,,2025,87761,211507.91,1.8,8.9,3.34,4.5,8.47,342,3.9,-54.7,3883.0,-9.61,338.75,13.45,3.19,98.18,12,86.82,31.96,44.83,57.12,64.06,50.35,57.93,57.36,746,362,1469,826,850.75,1107,397.71,746,820,10,16,2026-09-19 22:18:21.483951+00:00
US-2608160,Beverly Hills,Michigan,MI,,,2025,10449,579200.3,0.11,-1.35,5.42,5.52,6.71,7,0.67,0.0,456.0,1.11,21.08,25.25,1.76,100.38,12,41.79,72.5,58.91,56.82,53.57,61.25,57.32,57.24,768,1225,548,877,854.5,677,244.54,768,821,30,27,2026-09-19 22:18:21.483951+00:00
US-5370000,Tacoma,Washington,WA,,,2025,229816,492892.0,0.84,4.38,-1.11,1.24,4.51,742,3.23,84.58,7773.0,2.51,408.67,2.57,1.9,100.11,12,42.36,72.88,56.59,56.6,53.65,61.28,57.52,57.26,790,1219,546,864,854.75,673,240.98,790,822,17,22,2026-09-19 22:18:21.483951+00:00
US-1735835,Homer Glen,Illinois,IL,,,2025,24873,518225.44,0.05,1.47,4.37,4.72,6.4,36,1.45,-20.0,757.0,4.41,61.5,0.96,3.04,99.0,12,51.34,58.12,68.96,58.12,56.02,57.71,56.15,57.0,673,991,793,963,855.0,318,129.55,673,823,94,97,2026-09-19 22:18:21.483951+00:00
US-4755120,Oak Ridge,Tennessee,TN,,,2025,35395,322742.49,1.04,11.6,2.33,6.15,10.72,226,6.39,-1.74,1701.0,-5.24,169.0,24.04,3.66,98.3,12,91.12,33.81,28.67,55.45,64.56,50.23,59.09,57.33,892,320,1480,730,855.5,1160,416.49,892,824,16,16,2026-09-19 22:18:21.483951+00:00
US-0617946,Dana Point,California,CA,,,2025,32232,1687518.58,-0.78,-2.55,2.4,5.44,9.98,16,0.5,-11.11,1348.0,13.28,140.75,10.54,3.79,97.48,12,54.7,53.06,72.79,58.65,56.92,56.51,55.77,56.96,627,910,898,989,856.0,362,136.76,627,825,29,39,2026-09-19 22:18:21.483951+00:00
US-3941720,Lancaster,Ohio,OH,,,2025,41956,275530.66,0.49,3.24,3.18,4.9,7.7,759,18.09,2610.71,1776.0,-6.67,103.0,4.75,2.12,98.99,12,72.46,50.2,33.65,54.97,59.96,54.4,58.56,56.97,941,633,1087,768,857.25,454,171.79,941,826,87,74,2026-09-19 22:18:21.483951+00:00
US-0619990,Duarte,California,CA,,,2025,22866,791282.84,-0.97,5.51,-0.72,2.12,5.11,23,1.01,-32.35,392.0,0.77,27.5,21.32,2.68,100.94,12,48.9,65.48,57.2,56.78,55.12,59.27,57.19,57.09,773,1080,694,883,857.5,386,144.94,773,827,44,40,2026-09-19 22:18:21.483951+00:00
US-2039000,Leavenworth,Kansas,KS,,,2025,37012,259987.47,-0.62,-0.84,3.75,5.23,8.01,7,0.19,-70.83,1183.0,-10.17,71.58,-11.9,2.29,98.77,12,57.26,43.89,89.75,60.7,58.12,54.78,54.49,57.03,473,801,1056,1100,857.5,627,249.62,473,828,13,16,2026-09-19 22:18:21.483951+00:00
US-4285152,Wilkes-Barre,Pennsylvania,PA,,,2025,44523,180179.44,0.16,0.58,5.1,8.13,10.7,10,0.22,66.67,1185.0,-8.56,84.83,4.09,2.64,97.77,12,68.3,35.44,82.0,60.22,60.5,52.28,54.88,56.97,503,588,1282,1063,859.0,779,324.32,503,829,24,27,2026-09-19 22:18:21.483951+00:00
US-4868636,Socorro,Texas,TX,,,2025,38787,208557.99,0.12,12.01,1.98,3.78,8.04,72,1.86,-36.84,853.0,-14.96,109.75,7.33,4.78,98.9,12,86.99,24.91,61.45,58.88,64.53,49.01,56.5,57.23,606,323,1575,936,860.0,1252,466.34,606,830,6,11,2026-09-19 22:18:21.483951+00:00
US-3468430,Somers Point,New Jersey,NJ,,,2025,10590,414022.2,0.03,1.25,1.23,7.9,11.47,77,7.27,250.0,386.0,12.87,42.5,29.77,4.12,98.3,12,71.7,55.0,22.97,53.67,59.38,55.21,59.31,56.89,1065,670,1014,703,863.0,395,177.8,1065,831,88,81,2026-09-19 22:18:21.483951+00:00
US-1704013,Bartlett,Illinois,IL,,,2025,40855,431531.68,0.61,-0.41,3.72,4.89,6.36,88,2.15,-21.43,1576.0,5.91,108.42,7.34,2.55,100.18,12,41.46,72.49,59.07,56.72,53.41,61.17,57.18,57.12,781,1235,556,884,864.0,679,244.84,781,832,109,98,2026-09-19 22:18:21.483951+00:00
US-1777694,Vernon Hills,Illinois,IL,,,2025,26825,445385.12,-0.16,0.04,5.48,6.64,7.37,9,0.34,12.5,864.0,-11.29,58.67,10.17,2.56,100.26,12,56.42,50.13,75.39,58.96,57.38,55.81,55.49,56.91,603,874,975,1014,866.5,411,160.48,603,833,86,99,2026-09-19 22:18:21.483951+00:00
US-4551280,North Myrtle Beach,South Carolina,SC,,,2025,21346,392575.78,2.32,12.7,-3.61,-0.88,7.56,967,45.3,41.37,5993.0,12.31,1117.42,12.18,6.88,96.88,12,83.75,41.12,27.57,54.79,62.54,51.88,58.95,57.04,952,455,1320,744,867.75,865,315.16,952,834,17,18,2026-09-19 22:18:21.483951+00:00
US-3431470,Highland Park,New Jersey,NJ,,,2025,15259,584901.25,0.15,1.49,5.56,7.31,6.93,2,0.13,-33.33,268.0,-13.83,25.75,-7.76,3.77,101.47,12,58.4,42.22,90.11,60.66,58.3,54.26,54.29,56.88,474,784,1101,1121,870.0,647,264.85,474,835,66,82,2026-09-19 22:18:21.483951+00:00
US-2572600,Waltham,Massachusetts,MA,,,2025,65037,823707.22,-0.22,1.32,1.72,4.45,4.84,29,0.45,-9.38,1344.0,2.75,57.42,24.82,1.58,101.64,12,34.39,78.89,62.0,56.87,51.88,63.0,57.17,57.23,767,1381,451,885,871.0,930,334.48,767,836,28,30,2026-09-19 22:18:21.483951+00:00
US-4981960,Washington,Utah,UT,,,2025,37107,546480.07,4.3,29.57,-0.09,0.14,6.98,979,26.38,16.55,1883.0,29.5,392.83,52.7,7.85,98.47,12,81.12,52.45,5.86,52.27,61.23,54.06,60.69,57.06,1243,540,1119,586,872.0,703,312.52,1243,837,22,13,2026-09-19 22:18:21.483951+00:00
US-2079000,Wichita,Kansas,KS,,,2025,400987,204454.56,0.31,0.73,0.38,4.49,7.06,1526,3.81,17.38,16266.0,4.51,996.58,24.66,2.26,98.98,12,56.2,65.62,36.44,54.55,56.06,58.41,58.46,56.87,978,986,748,780,873.0,238,109.62,978,838,17,17,2026-09-19 22:18:21.483951+00:00
US-0639496,Lake Forest,California,CA,,,2025,86333,1172752.3,-0.3,0.47,-2.65,5.12,8.69,70,0.81,159.26,2226.0,1.27,206.42,64.69,3.39,99.16,12,66.76,51.31,44.42,55.77,58.78,54.91,57.58,56.76,867,734,1042,856,874.75,308,109.77,867,839,50,41,2026-09-19 22:18:21.483951+00:00
US-2139142,Independence,Kentucky,KY,,,2025,30198,321950.68,0.49,4.93,3.62,3.47,6.38,77,2.55,20.31,1019.0,-5.82,39.42,30.3,1.43,99.43,12,61.31,59.25,38.93,54.99,57.33,56.82,58.14,56.82,939,876,870,816,875.25,123,43.6,939,840,2,5,2026-09-19 22:18:21.483951+00:00
US-5531125,Greendale,Wisconsin,WI,,,2025,14426,381675.18,-0.2,-2.76,4.77,5.32,6.05,0,0.0,,394.0,-2.23,15.17,-1.62,1.45,101.7,12,27.8,72.49,94.41,60.09,51.2,62.37,54.57,57.06,508,1423,484,1092,876.75,939,398.42,508,841,43,66,2026-09-19 22:18:21.483951+00:00
US-5347560,Mount Vernon,Washington,WA,,,2025,35193,586474.83,-0.11,-0.32,2.01,2.86,6.2,67,1.9,-38.53,1345.0,24.65,73.25,48.73,1.98,99.37,12,39.69,83.7,35.99,54.17,52.34,63.34,59.12,57.24,1011,1340,431,727,877.25,909,336.8,1011,842,26,23,2026-09-19 22:18:21.483951+00:00
US-1840392,Kokomo,Indiana,IN,,,2025,59999,181073.02,-0.04,0.75,6.38,6.92,8.59,88,1.47,-49.13,2970.0,1.68,183.75,44.88,2.31,97.54,12,67.69,51.94,40.14,55.29,58.83,54.9,57.85,56.72,909,724,1046,831,877.5,322,117.38,909,843,34,32,2026-09-19 22:18:21.483951+00:00
US-1815742,Crawfordsville,Indiana,IN,,,2025,16699,224158.94,-0.02,2.19,2.99,3.96,7.42,53,3.17,488.89,754.0,4.0,44.5,29.93,2.17,96.92,12,66.63,54.88,35.86,54.82,58.49,55.55,58.26,56.78,949,769,995,802,878.75,226,95.37,949,844,37,33,2026-09-19 22:18:21.483951+00:00
US-2304860,Biddeford,Maine,ME,,,2025,22399,509768.39,-0.19,-0.69,2.32,5.41,8.61,221,9.87,250.79,755.0,23.77,84.33,81.04,4.33,100.57,12,61.05,71.7,9.56,51.9,56.52,59.18,60.69,57.08,1284,946,701,585,879.0,699,267.69,1284,845,11,10,2026-09-19 22:18:21.483951+00:00
US-3675484,Troy,New York,NY,,,2025,50912,288992.12,0.47,-0.52,3.76,4.69,7.0,157,3.08,26.61,1350.0,-2.17,70.25,-18.55,1.91,99.4,12,49.55,60.76,65.2,57.39,55.26,58.07,56.16,56.72,725,1062,769,961,879.25,337,137.87,725,846,31,30,2026-09-19 22:18:21.483951+00:00
US-2743774,Monticello,Minnesota,MN,,,2025,15670,330329.18,1.25,8.15,2.18,1.85,4.85,66,4.21,-24.14,564.0,4.83,38.5,5.72,2.56,99.39,12,50.53,66.01,50.26,55.88,55.13,59.0,57.47,56.87,859,1078,712,869,879.5,366,130.37,859,847,25,25,2026-09-19 22:18:21.483951+00:00
US-2709370,Cambridge,Minnesota,MN,,,2025,11090,329027.29,1.32,14.67,1.19,1.89,5.01,55,4.96,57.14,503.0,16.71,49.25,33.11,3.62,99.64,12,56.11,69.39,27.3,53.56,55.77,59.1,59.21,56.91,1078,1015,705,721,879.75,373,168.33,1078,848,36,26,2026-09-19 22:18:21.483951+00:00
US-4165250,Sandy,Oregon,OR,,,2025,13323,522794.26,2.55,5.1,-0.02,0.75,4.05,47,3.53,-68.24,644.0,35.58,38.58,36.98,2.2,99.53,12,42.32,82.95,30.58,53.61,52.75,62.9,59.43,57.17,1072,1302,453,695,880.5,849,328.44,1072,849,5,1,2026-09-19 22:18:21.483951+00:00
US-4815988,Colleyville,Texas,TX,,,2025,25727,910065.22,-0.94,-1.24,0.87,3.06,8.79,22,0.86,-45.0,1104.0,8.45,97.08,19.24,3.21,97.39,12,59.29,52.59,60.5,57.25,57.46,55.79,56.4,56.72,738,864,978,943,880.75,240,92.18,738,850,10,12,2026-09-19 22:18:21.483951+00:00
US-3469390,South Plainfield,New Jersey,NJ,,,2025,24891,576393.01,0.31,2.55,6.59,8.03,6.47,75,3.01,19.05,531.0,-6.18,40.33,-2.81,2.88,103.18,12,56.76,55.08,60.43,57.09,56.81,56.39,56.37,56.67,748,922,911,946,881.75,198,78.25,748,851,86,83,2026-09-19 22:18:21.483951+00:00
US-0659587,Rancho Santa Margarita,California,CA,,,2025,45779,1004032.91,-0.87,-4.36,-2.19,4.13,8.14,0,0.0,,1507.0,11.96,119.17,78.75,2.88,99.07,12,43.86,68.23,62.0,56.92,53.89,59.98,56.64,56.86,763,1197,640,928,882.0,557,208.61,763,852,42,42,2026-09-19 22:18:21.483951+00:00
US-0653896,Ontario,California,CA,,,2025,187013,665046.99,0.72,6.44,-2.37,1.96,6.3,1789,9.57,179.97,3818.0,9.12,348.58,46.26,3.33,100.01,12,62.98,68.43,12.04,52.15,56.97,58.34,60.34,56.95,1257,904,751,618,882.5,639,238.73,1257,853,90,43,2026-09-19 22:18:21.483951+00:00
US-4746380,Maryville,Tennessee,TN,,,2025,32442,387724.33,0.28,1.38,0.62,4.6,9.61,107,3.3,67.19,1458.0,10.45,147.92,40.87,3.78,97.56,12,72.31,51.04,30.09,54.31,59.59,54.28,58.51,56.67,1003,659,1100,771,883.25,441,176.22,1003,854,18,17,2026-09-19 22:18:21.483951+00:00
US-1384176,Woodstock,Georgia,GA,,,2025,39895,464850.29,1.13,13.24,-1.6,1.74,7.63,222,5.56,-25.0,1870.0,-0.8,195.0,55.79,3.78,98.87,12,84.84,43.32,18.01,53.6,62.36,51.98,59.47,56.85,1074,462,1308,693,884.25,846,328.04,1074,855,25,17,2026-09-19 22:18:21.483951+00:00
US-4953230,Murray,Utah,UT,,,2025,53297,548271.27,-0.15,5.26,2.53,1.59,6.23,80,1.5,-74.68,1675.0,1.7,138.67,17.43,3.03,98.98,12,59.95,53.63,55.68,56.67,57.41,55.83,56.68,56.65,784,871,971,924,887.5,187,69.44,784,856,8,14,2026-09-19 22:18:21.483951+00:00
US-2708452,Buffalo,Minnesota,MN,,,2025,16878,377398.95,0.84,3.67,2.62,2.13,4.94,61,3.61,-14.08,839.0,14.46,51.75,13.94,2.41,99.21,12,43.29,75.39,45.52,55.08,53.25,61.28,57.96,56.89,926,1257,544,823,887.5,713,255.03,926,857,29,27,2026-09-19 22:18:21.483951+00:00
US-5575125,South Milwaukee,Wisconsin,WI,,,2025,20191,302016.58,-0.16,-2.8,2.26,4.62,6.17,0,0.0,-100.0,570.0,-4.84,21.83,-12.67,1.49,101.83,12,28.9,68.78,100.0,60.63,51.53,61.5,53.95,56.9,477,1402,532,1145,889.0,925,395.57,477,858,38,67,2026-09-19 22:18:21.483951+00:00
US-1367284,Roswell,Georgia,GA,,,2025,91505,652252.87,-0.72,-1.55,0.69,3.88,8.2,47,0.51,-71.86,3366.0,4.37,281.42,32.38,3.07,99.02,12,55.18,57.98,56.43,56.47,56.21,56.91,56.57,56.54,801,972,863,933,892.25,171,65.58,801,859,14,18,2026-09-19 22:18:21.483951+00:00
US-1770122,Skokie,Illinois,IL,,,2025,66544,415352.04,0.96,-1.7,5.82,6.11,6.64,3,0.05,-99.0,1856.0,2.37,128.67,-0.96,2.53,99.28,12,39.5,61.35,89.76,59.71,53.59,59.06,54.36,56.68,532,1222,707,1115,894.0,690,283.92,532,860,78,100,2026-09-19 22:18:21.483951+00:00
US-1222975,Florida City,Florida,FL,,,2025,13576,381117.83,4.17,4.3,-3.5,2.29,10.06,800,58.93,252.42,937.0,10.24,161.33,28.81,6.59,98.55,12,81.6,47.6,14.85,53.01,61.39,52.89,59.63,56.73,1151,530,1222,676,894.75,692,297.34,1151,861,31,8,2026-09-19 22:18:21.483951+00:00
US-1720591,Downers Grove,Illinois,IL,,,2025,50365,489191.96,0.08,0.39,6.54,6.88,5.98,52,1.03,-14.75,1864.0,1.14,123.83,0.95,2.45,100.4,12,40.52,66.98,72.9,57.87,53.31,59.93,55.66,56.69,691,1249,646,998,896.0,603,244.71,691,862,97,101,2026-09-19 22:18:21.483951+00:00
US-3480270,Westwood,New Jersey,NJ,,,2025,11365,743728.95,-0.06,0.82,5.11,6.61,6.37,11,0.97,0.0,228.0,-10.94,14.58,-24.57,2.36,104.83,12,47.73,56.02,80.69,58.87,55.16,57.23,54.75,56.5,607,1070,839,1069,896.25,463,191.69,607,863,78,84,2026-09-19 22:18:21.483951+00:00
US-4877272,Weslaco,Texas,TX,,,2025,44203,180181.96,0.83,8.81,-1.51,3.35,7.93,649,14.68,61.85,886.0,9.38,212.5,11.01,9.02,97.32,12,83.58,39.69,29.56,54.71,62.31,51.34,58.43,56.7,962,468,1375,783,897.0,907,327.78,962,864,16,13,2026-09-19 22:18:21.483951+00:00
US-2165226,Richmond,Kentucky,KY,,,2025,40663,300094.39,2.7,15.14,4.16,3.97,6.3,276,6.79,-11.25,1434.0,14.45,135.5,28.54,3.64,97.7,12,69.88,55.39,24.81,53.54,58.77,55.15,58.85,56.58,1085,738,1021,751,898.75,347,155.97,1085,865,8,6,2026-09-19 22:18:21.483951+00:00
US-0630378,Goleta,California,CA,,,2025,32401,1335906.91,-0.38,-1.14,-3.47,1.9,8.06,238,7.35,1730.77,557.0,4.31,33.5,26.81,2.24,99.59,12,56.21,69.93,24.6,53.11,55.59,59.02,59.22,56.73,1137,1034,710,718,899.75,427,189.31,1137,866,71,44,2026-09-19 22:18:21.483951+00:00
US-4532245,Hardeeville,South Carolina,SC,,,2025,16459,434410.64,16.08,111.99,-5.82,6.33,9.52,1718,104.38,27.73,3053.0,-9.03,320.75,44.75,3.91,99.59,12,95.03,37.26,7.4,52.9,64.55,50.11,60.27,56.96,1164,322,1490,624,900.0,1168,454.99,1164,867,23,19,2026-09-19 22:18:21.483951+00:00
US-4754920,Oakland,Tennessee,TN,,,2025,10835,358687.77,0.43,19.45,-0.4,0.7,6.1,213,19.66,1021.05,997.0,8.84,119.08,10.95,4.42,99.03,12,68.59,55.06,28.54,53.84,58.52,55.14,58.5,56.5,1048,762,1023,773,901.5,286,134.35,1048,868,20,18,2026-09-19 22:18:21.483951+00:00
US-2713456,Cottage Grove,Minnesota,MN,,,2025,43604,396323.22,2.29,11.85,1.43,0.93,3.74,426,9.77,27.54,2095.0,3.87,121.83,7.42,2.15,100.09,12,48.55,73.14,36.27,54.09,54.09,60.23,58.39,56.7,1021,1177,623,785,901.5,554,212.91,1021,869,33,28,2026-09-19 22:18:21.483951+00:00
US-1374180,Sugar Hill,Georgia,GA,,,2025,29280,451930.96,1.92,16.52,-2.49,1.29,8.25,201,6.86,-23.57,1014.0,-0.88,110.75,73.73,4.01,98.51,12,90.24,39.1,14.51,53.41,63.54,50.76,59.66,56.84,1103,394,1437,672,901.5,1043,399.25,1103,870,27,19,2026-09-19 22:18:21.483951+00:00
US-4262416,Pottstown,Pennsylvania,PA,,,2025,23322,352134.53,-0.42,-0.41,1.88,4.46,7.6,0,0.0,,890.0,-16.98,52.75,27.88,2.18,100.02,12,56.13,50.41,72.46,58.21,56.86,55.43,55.19,56.42,668,916,1003,1037,906.0,369,144.32,668,871,29,28,2026-09-19 22:18:21.483951+00:00
US-1783518,Worth,Illinois,IL,,,2025,10696,268702.3,0.24,-2.15,1.24,4.86,7.09,5,0.47,-73.68,390.0,9.24,32.25,6.61,3.08,98.75,12,43.7,61.93,76.39,58.25,54.07,58.63,55.17,56.53,667,1179,736,1042,906.0,512,211.57,667,872,92,102,2026-09-19 22:18:21.483951+00:00
US-1365044,Richmond Hill,Georgia,GA,,,2025,20022,424891.9,1.81,20.39,-1.12,3.64,8.13,557,27.82,177.11,1247.0,2.05,165.83,48.95,5.0,98.78,12,90.57,41.87,6.49,52.5,63.35,51.17,60.24,56.82,1213,404,1394,626,909.25,990,407.05,1213,873,31,20,2026-09-19 22:18:21.483951+00:00
US-3103390,Beatrice,Nebraska,NE,,,2025,12318,185888.62,0.23,0.74,6.34,5.87,8.28,11,0.89,-59.26,551.0,2.99,39.67,31.13,2.7,96.84,12,66.35,47.69,51.86,56.2,58.58,53.92,56.51,56.3,829,749,1125,935,909.5,376,140.83,829,874,6,6,2026-09-19 22:18:21.483951+00:00
US-0510300,Cabot,Arkansas,AR,,,2025,27711,243573.94,0.57,4.34,1.72,3.12,6.47,66,2.38,-37.14,1564.0,14.75,159.75,26.12,3.89,98.27,12,61.29,56.84,42.65,55.07,57.16,56.05,57.42,56.43,928,890,951,871,910.0,80,31.33,928,875,10,10,2026-09-19 22:18:21.483951+00:00
US-2630420,Fraser,Michigan,MI,,,2025,14496,237984.54,0.03,-1.36,4.46,4.84,6.66,1,0.07,0.0,507.0,-7.14,20.42,-7.89,1.47,99.47,12,41.31,57.98,92.0,59.81,53.91,58.08,53.88,56.42,526,1194,767,1154,910.25,668,277.53,526,876,15,28,2026-09-19 22:18:21.483951+00:00
US-4944320,Lehi,Utah,UT,,,2025,95313,571600.03,2.4,24.0,2.66,0.81,6.12,1133,11.89,10.32,3569.0,2.79,314.5,11.92,3.24,98.82,12,69.78,52.77,30.5,54.01,58.78,54.53,58.2,56.38,1031,732,1074,810,911.75,342,144.23,1031,877,15,15,2026-09-19 22:18:21.483951+00:00
US-0646842,Menifee,California,CA,,,2025,118592,581742.74,1.69,14.9,-2.28,0.75,6.49,1147,9.67,16.68,4681.0,3.36,451.67,37.63,3.54,99.48,12,72.58,56.24,15.13,52.5,59.06,54.98,59.48,56.51,1214,707,1036,690,911.75,524,222.42,1214,878,86,45,2026-09-19 22:18:21.483951+00:00
US-3035600,Helena,Montana,MT,,,2025,35138,473200.35,1.3,8.95,2.84,3.38,8.36,193,5.49,-50.39,1077.0,1.32,112.42,37.37,3.96,97.77,12,86.49,38.94,23.22,54.03,62.73,50.84,58.76,56.59,1026,440,1427,754,911.75,987,362.62,1026,879,3,3,2026-09-19 22:18:21.483951+00:00
US-1840788,Lafayette,Indiana,IN,,,2025,71238,265011.07,0.22,0.68,3.0,5.9,7.71,727,10.21,9.98,2264.0,4.57,96.92,77.83,1.52,98.63,12,62.25,69.55,9.16,51.54,56.48,58.3,60.23,56.64,1319,948,754,627,912.0,692,261.31,1319,880,45,34,2026-09-19 22:18:21.483951+00:00
US-1235875,Jupiter,Florida,FL,,,2025,62350,687838.41,-0.35,1.94,-4.65,-0.44,8.39,28,0.45,-30.0,3470.0,5.99,554.58,8.04,5.98,94.95,12,72.41,32.2,75.55,59.12,60.82,50.77,54.63,56.34,587,568,1436,1086,919.25,868,363.53,587,881,3,9,2026-09-19 22:18:21.483951+00:00
US-2581035,Woburn,Massachusetts,MA,,,2025,43962,754460.66,0.34,7.77,2.22,4.76,5.37,31,0.71,-76.15,1005.0,-12.46,45.0,37.76,1.65,101.99,12,54.03,60.59,51.2,55.62,55.57,57.21,56.7,56.27,882,1035,841,922,920.0,194,72.31,882,882,30,31,2026-09-19 22:18:21.483951+00:00
US-3727280,Graham,North Carolina,NC,,,2025,20131,289836.96,4.2,17.27,0.07,3.51,9.44,303,15.05,-41.39,1548.0,-25.79,136.5,-5.32,3.33,98.21,12,93.53,25.36,39.7,56.21,65.0,47.96,57.47,56.66,827,298,1690,868,920.75,1392,497.78,827,883,19,25,2026-09-19 22:18:21.483951+00:00
US-4965110,Roy,Utah,UT,,,2025,38794,434778.34,-0.29,-1.37,1.99,1.69,7.09,174,4.49,234.62,1420.0,15.64,103.75,29.55,2.72,99.81,12,46.59,77.06,30.76,53.3,53.36,60.97,58.72,56.59,1113,1245,572,756,921.5,673,269.66,1113,884,17,16,2026-09-19 22:18:21.483951+00:00
US-0563020,Searcy,Arkansas,AR,,,2025,24351,217496.73,1.13,6.08,4.56,5.25,7.4,88,3.61,15.79,1149.0,4.26,94.08,39.38,3.1,96.88,12,76.39,46.22,29.17,54.02,60.25,52.71,58.09,56.27,1028,609,1233,818,922.0,624,232.78,1028,885,13,11,2026-09-19 22:18:21.483951+00:00
US-2445750,La Plata,Maryland,MD,,,2025,12137,482338.73,6.79,18.86,0.63,1.89,4.22,165,13.59,-55.04,1075.0,14.73,74.67,42.0,2.6,99.94,12,53.3,78.54,10.07,51.33,54.39,60.7,60.34,56.69,1344,1148,587,616,923.75,757,329.78,1344,886,4,2,2026-09-19 22:18:21.483951+00:00
US-4937170,Hurricane,Utah,UT,,,2025,25745,509480.47,3.81,27.35,-0.51,0.13,6.81,558,21.67,1.82,978.0,16.85,368.17,29.71,13.85,98.33,12,79.02,49.59,14.35,52.55,60.49,53.14,59.31,56.37,1208,589,1199,704,925.0,619,281.47,1208,887,20,17,2026-09-19 22:18:21.483951+00:00
US-0102956,Athens,Alabama,AL,,,2025,34209,307073.6,4.85,33.01,0.93,1.67,5.99,449,13.13,-8.74,2122.0,20.5,310.92,16.19,5.38,98.67,12,68.35,55.83,25.97,53.37,58.24,55.11,58.48,56.3,1105,790,1027,779,925.25,326,143.48,1105,888,9,7,2026-09-19 22:18:21.483951+00:00
US-2753026,Ramsey,Minnesota,MN,,,2025,29624,388703.34,1.88,6.52,2.8,1.44,4.37,179,6.04,2.29,1570.0,13.69,97.42,19.16,2.27,99.22,12,46.08,76.44,33.29,53.51,53.27,60.86,58.46,56.52,1089,1254,580,781,926.0,674,262.15,1089,889,37,29,2026-09-19 22:18:21.483951+00:00
US-1656260,Nampa,Idaho,ID,,,2025,120384,413595.99,2.39,18.71,-0.28,-0.67,5.4,1510,12.54,4.14,6307.0,6.16,520.92,13.8,3.06,99.32,12,60.67,62.8,28.21,53.3,56.44,56.97,58.38,56.27,1111,952,857,788,927.0,323,121.14,1111,890,18,18,2026-09-19 22:18:21.483951+00:00
US-1712476,Channahon,Illinois,IL,,,2025,14530,377790.07,1.13,7.87,3.99,4.46,6.42,59,4.06,-15.71,460.0,-16.21,36.0,-23.13,2.92,99.95,12,66.75,43.22,60.88,57.04,58.81,52.92,55.57,56.09,754,730,1218,1006,927.0,488,199.79,754,891,104,103,2026-09-19 22:18:21.483951+00:00
US-1247050,Mount Dora,Florida,FL,,,2025,18791,392244.0,3.19,14.86,-1.93,-0.15,6.57,377,20.06,33.69,1418.0,12.81,166.08,16.35,4.33,97.8,12,73.56,51.08,23.94,53.29,59.38,53.76,58.49,56.23,1115,672,1147,777,927.75,475,206.92,1115,892,25,10,2026-09-19 22:18:21.483951+00:00
US-5335170,Kenmore,Washington,WA,,,2025,24249,1031547.82,1.33,1.53,-1.98,3.09,7.45,114,4.7,1.79,846.0,-0.94,55.67,81.03,2.35,99.94,12,64.27,62.31,20.44,52.63,57.11,56.62,59.01,56.34,1195,893,888,736,928.0,459,166.57,1195,893,33,24,2026-09-19 22:18:21.483951+00:00
US-1341988,Jefferson,Georgia,GA,,,2025,17185,419190.17,3.83,28.28,-0.07,1.77,8.29,92,5.35,-57.21,877.0,-10.51,107.58,6.34,4.56,98.29,12,92.29,23.88,45.75,56.71,64.79,47.68,56.85,56.51,782,309,1716,907,928.5,1407,506.42,782,894,12,21,2026-09-19 22:18:21.483951+00:00
US-1738570,Joliet,Illinois,IL,,,2025,152241,266773.62,0.22,1.25,2.14,5.71,7.13,455,2.99,28.9,4886.0,0.31,373.75,29.7,2.77,99.98,12,59.38,60.41,37.07,54.16,56.34,56.6,57.61,56.18,1013,958,891,855,929.25,158,60.86,1013,895,132,104,2026-09-19 22:18:21.483951+00:00
US-3410000,Camden,New Jersey,NJ,,,2025,71430,155278.9,-0.35,-0.44,-2.69,7.3,8.79,12,0.17,50.0,1305.0,-5.84,122.5,7.69,3.43,99.02,12,62.87,39.38,80.93,59.17,58.54,52.66,54.11,56.12,585,759,1238,1135,929.25,653,267.0,585,896,76,85,2026-09-19 22:18:21.483951+00:00
US-2053550,Ottawa,Kansas,KS,,,2025,12716,232952.65,0.02,0.66,8.07,6.59,8.64,69,5.43,38.0,651.0,-1.81,36.67,17.02,2.1,98.32,12,67.49,52.31,36.4,54.4,58.27,54.48,57.55,56.18,990,788,1081,861,930.0,293,113.28,990,897,19,18,2026-09-19 22:18:21.483951+00:00
US-4148650,Milwaukie,Oregon,OR,,,2025,22114,519080.39,2.5,4.44,-0.61,0.6,3.8,46,2.08,-85.02,662.0,9.78,39.0,42.25,2.14,100.49,12,39.59,81.99,36.45,53.65,51.84,62.44,58.36,56.57,1069,1385,477,789,930.0,908,335.94,1069,898,4,2,2026-09-19 22:18:21.483951+00:00
US-0883230,Wellington,Colorado,CO,,,2025,12169,470759.99,0.47,8.97,-2.42,-0.9,4.21,28,2.3,-33.33,725.0,15.63,73.5,16.05,3.8,99.49,12,48.26,66.57,50.75,55.29,54.13,58.71,56.75,56.22,908,1172,732,917,932.25,440,156.84,908,899,4,4,2026-09-19 22:18:21.483951+00:00
US-1723620,Elmhurst,Illinois,IL,,,2025,46111,612509.17,0.61,0.87,7.61,6.08,5.48,74,1.6,7.25,1566.0,12.66,117.58,6.41,2.88,99.6,12,37.44,72.71,64.21,56.47,52.03,60.85,55.98,56.34,802,1373,581,975,932.75,792,290.01,802,900,112,105,2026-09-19 22:18:21.483951+00:00
US-5587725,Windsor,Wisconsin,WI,,,2025,10085,518840.98,1.31,14.81,1.49,5.69,6.96,102,10.11,-0.97,423.0,-7.03,42.5,2.2,3.79,99.56,12,78.62,39.58,39.63,55.21,61.06,51.3,57.15,56.18,918,552,1382,886,934.5,830,295.46,918,901,66,68,2026-09-19 22:18:21.483951+00:00
US-4945090,Lindon,Utah,UT,,,2025,12015,722002.34,0.26,4.65,4.74,2.62,7.05,88,7.32,49.15,280.0,14.29,29.67,58.22,3.9,98.69,12,69.57,59.56,13.68,52.09,58.18,55.68,59.47,56.36,1263,797,990,692,935.5,571,217.2,1263,902,24,18,2026-09-19 22:18:21.483951+00:00
US-0605108,Belmont,California,CA,,,2025,28752,2198300.45,4.12,1.74,1.9,2.61,4.9,3,0.1,50.0,565.0,-12.54,16.75,-9.05,1.08,105.89,12,36.8,62.51,91.13,59.38,52.66,59.09,53.8,56.23,560,1311,706,1165,935.5,751,311.18,560,903,21,46,2026-09-19 22:18:21.483951+00:00
US-3744220,Mooresville,North Carolina,NC,,,2025,55842,480847.3,0.62,10.46,0.73,0.79,7.78,692,12.39,,2814.0,3.72,318.67,34.08,4.21,98.25,12,84.29,44.12,14.31,52.73,61.74,51.7,59.21,56.35,1181,507,1336,719,935.75,829,335.84,1181,904,30,26,2026-09-19 22:18:21.483951+00:00
US-5167000,Richmond,Virginia,VA,,,2025,237257,359836.23,1.04,4.55,0.62,2.52,6.21,2681,11.3,5.55,8178.0,-1.45,460.42,20.13,2.07,100.67,12,57.92,67.21,24.16,52.73,55.64,57.97,58.72,56.27,1182,1029,779,755,936.25,427,177.89,1182,905,16,12,2026-09-19 22:18:21.483951+00:00
US-0523290,Fayetteville,Arkansas,AR,,,2025,106623,375484.68,2.8,12.5,3.97,3.5,8.2,1569,14.72,-29.83,4518.0,-5.48,388.25,14.7,3.15,97.99,12,88.21,35.25,26.45,54.24,63.06,49.82,58.2,56.33,1008,423,1513,809,938.25,1090,392.87,1008,906,12,12,2026-09-19 22:18:21.483951+00:00
US-0643224,Los Alamitos,California,CA,,,2025,11702,1525617.27,-0.75,-0.59,-1.15,3.77,6.95,0,0.0,-100.0,206.0,1.98,13.58,36.97,2.53,99.02,12,48.74,58.93,67.63,57.03,54.63,57.18,55.21,56.01,755,1119,845,1035,938.5,364,145.18,755,907,41,47,2026-09-19 22:18:21.483951+00:00
US-0670686,Seal Beach,California,CA,,,2025,24075,810174.28,-0.9,-4.14,-1.07,2.97,6.93,6,0.25,-25.0,1625.0,5.38,110.5,-14.12,2.48,98.9,12,35.58,63.96,90.52,59.25,52.33,59.43,53.84,56.21,575,1342,681,1159,939.25,767,320.1,575,908,24,48,2026-09-19 22:18:21.483951+00:00
US-3775000,Winston-Salem,North Carolina,NC,,,2025,257271,264851.01,0.64,3.24,0.41,2.83,7.44,1376,5.35,-35.52,8677.0,3.27,689.25,24.79,2.93,98.13,12,70.02,51.56,30.86,53.77,58.61,53.99,57.8,56.04,1057,747,1121,838,940.75,374,153.38,1057,909,27,27,2026-09-19 22:18:21.483951+00:00
US-3125055,Kearney,Nebraska,NE,,,2025,34782,306077.68,0.07,2.56,4.43,3.61,6.3,94,2.7,8.05,1003.0,-11.0,42.0,-12.95,1.54,99.46,12,54.22,53.46,67.18,57.19,55.93,55.74,55.17,56.01,741,999,981,1043,941.0,302,117.65,741,910,4,7,2026-09-19 22:18:21.483951+00:00
US-2759350,Shakopee,Minnesota,MN,,,2025,49366,403680.81,1.86,11.99,1.27,0.9,3.84,297,6.02,-19.51,2049.0,8.7,130.75,14.19,2.38,99.19,12,49.23,70.99,37.14,53.82,53.94,59.39,57.81,56.24,1050,1191,688,835,941.0,503,193.41,1050,911,35,30,2026-09-19 22:18:21.483951+00:00
US-0669154,Santa Fe Springs,California,CA,,,2025,18793,778843.49,0.19,-1.83,-2.14,2.96,5.76,13,0.69,-61.76,277.0,42.05,15.92,54.03,2.16,101.04,12,27.97,89.76,46.97,54.35,49.36,64.81,57.68,56.55,998,1596,342,844,945.0,1254,447.33,998,912,62,49,2026-09-19 22:18:21.483951+00:00
US-2612320,Cadillac,Michigan,MI,,,2025,10438,228157.18,-0.4,0.63,2.14,5.36,7.98,64,6.13,6300.0,563.0,36.32,49.83,26.43,3.42,97.59,12,63.82,59.43,27.52,53.21,57.06,55.96,58.22,56.11,1126,895,959,806,946.5,320,117.01,1126,913,40,29,2026-09-19 22:18:21.483951+00:00
US-3921434,Delaware,Ohio,OH,,,2025,46636,413066.08,2.59,11.88,1.63,2.34,6.13,438,9.39,-47.79,2158.0,-1.69,158.5,12.88,2.7,99.53,12,66.08,55.06,32.14,53.74,57.68,54.93,57.72,56.02,1061,844,1040,842,946.75,219,104.02,1061,914,100,75,2026-09-19 22:18:21.483951+00:00
US-2605920,Battle Creek,Michigan,MI,,,2025,52021,178220.74,-0.29,-1.3,3.72,5.63,7.19,9,0.17,12.5,2123.0,4.94,116.42,20.95,2.01,97.14,12,48.09,58.52,69.69,57.14,54.46,57.07,54.94,55.9,744,1139,851,1057,947.75,395,157.63,744,915,27,30,2026-09-19 22:18:21.483951+00:00
US-0611446,Carpinteria,California,CA,,,2025,12734,1445624.61,-0.73,-3.87,6.65,4.91,9.51,20,1.57,-45.95,274.0,25.69,21.75,37.37,2.98,98.38,12,50.45,67.09,42.54,54.3,54.26,58.42,57.15,56.03,1004,1157,747,887,948.75,410,150.78,1004,916,64,50,2026-09-19 22:18:21.483951+00:00
US-2854840,Oxford,Mississippi,MS,,,2025,26773,409259.05,-0.98,4.64,4.65,10.05,9.68,283,10.57,-7.82,1848.0,-11.49,164.83,55.14,3.27,102.89,12,82.5,47.44,9.51,51.98,61.03,52.27,59.42,56.18,1275,556,1285,697,953.25,729,330.55,1275,917,5,1,2026-09-19 22:18:21.483951+00:00
US-1227800,Groveland,Florida,FL,,,2025,25526,376024.37,3.86,35.25,-4.44,-1.79,6.11,363,14.22,11.69,1616.0,30.11,202.17,34.55,4.75,98.74,12,69.66,59.11,13.12,51.83,58.01,55.38,59.26,56.12,1289,813,1007,710,954.75,579,220.48,1289,918,38,11,2026-09-19 22:18:21.483951+00:00
US-1216125,Dade City,Florida,FL,,,2025,10173,340514.45,5.87,40.71,-3.22,-0.08,6.54,265,26.05,15.72,771.0,3.91,97.5,0.86,4.82,98.52,12,75.49,43.47,36.04,54.42,59.97,51.96,57.14,55.87,988,632,1311,889,955.0,679,243.16,988,919,14,12,2026-09-19 22:18:21.483951+00:00
US-1715599,Collinsville,Illinois,IL,,,2025,23717,191599.7,-0.39,-2.65,4.53,5.07,6.18,1,0.04,-87.5,992.0,5.76,45.5,23.25,1.68,99.77,12,29.69,77.18,71.48,56.76,50.21,62.08,55.24,56.07,774,1516,501,1031,955.5,1015,373.96,774,920,107,106,2026-09-19 22:18:21.483951+00:00
US-3948244,Massillon,Ohio,OH,,,2025,32168,216266.28,0.3,0.51,3.79,6.22,6.9,173,5.38,15.33,1226.0,-0.97,58.5,3.39,1.73,99.16,12,53.24,61.73,47.81,54.85,54.97,57.1,56.52,55.86,944,1095,850,934,955.75,245,88.3,944,921,89,76,2026-09-19 22:18:21.483951+00:00
US-5322640,Everett,Washington,WA,,,2025,113567,657157.49,1.09,2.5,-0.46,2.91,6.72,565,4.98,-4.56,3019.0,-1.21,152.67,43.91,1.85,99.84,12,59.59,65.67,22.35,52.4,55.82,57.34,58.6,56.04,1225,1009,831,764,957.25,461,178.64,1225,922,36,25,2026-09-19 22:18:21.483951+00:00
US-3955216,New Philadelphia,Ohio,OH,,,2025,17424,206270.71,0.06,-1.46,7.82,5.38,6.41,7,0.4,-22.22,563.0,8.48,30.67,25.17,2.02,98.88,12,37.87,72.2,62.31,55.99,51.83,60.41,55.76,56.0,845,1386,612,990,958.25,774,281.38,845,923,79,77,2026-09-19 22:18:21.483951+00:00
US-4983390,West Point,Utah,UT,,,2025,13058,551581.18,2.38,17.58,4.26,3.04,7.57,136,10.42,22.52,422.0,-3.87,42.0,44.41,3.74,99.44,12,85.82,43.17,11.65,52.35,61.9,51.24,59.21,56.17,1231,494,1388,720,958.25,894,364.48,1231,924,21,19,2026-09-19 22:18:21.483951+00:00
US-3929428,Garfield Heights,Ohio,OH,,,2025,28790,139038.66,-0.39,-3.2,2.13,4.12,8.27,0,0.0,,1386.0,6.13,96.17,24.49,2.54,97.25,12,49.1,55.2,74.79,57.66,54.79,56.31,54.42,55.79,704,1109,918,1108,959.75,405,166.89,704,925,64,78,2026-09-19 22:18:21.483951+00:00
US-0681344,Upland,California,CA,,,2025,79446,811970.77,-0.32,0.53,-0.98,2.15,5.93,23,0.29,-65.15,1768.0,11.83,134.33,47.48,2.77,99.55,12,40.84,72.51,53.72,55.15,52.27,60.19,56.38,56.0,923,1347,628,944,960.5,719,255.74,923,926,57,51,2026-09-19 22:18:21.483951+00:00
US-0609710,Calexico,California,CA,,,2025,38623,386654.28,-0.68,0.16,7.01,7.44,7.68,123,3.18,108.47,260.0,19.27,29.17,54.87,4.47,99.32,12,59.76,63.31,27.19,52.86,55.94,56.83,58.1,55.93,1170,998,867,817,963.0,353,136.57,1170,927,80,52,2026-09-19 22:18:21.483951+00:00
US-3737680,Leland,North Carolina,NC,,,2025,35731,385283.98,4.02,42.1,0.01,0.95,7.12,830,23.23,-10.17,3176.0,0.86,314.08,31.92,3.6,98.65,12,82.58,45.62,13.12,52.28,61.07,51.83,59.0,56.05,1240,549,1327,737,963.25,778,328.52,1241,928,31,28,2026-09-19 22:18:21.483951+00:00
US-4801000,Abilene,Texas,TX,,,2025,131588,209253.73,1.12,5.11,2.55,2.08,5.46,1020,7.75,112.06,5722.0,23.05,469.42,-13.58,3.17,97.86,12,50.96,62.6,51.03,55.05,54.46,57.37,56.21,55.77,934,1137,827,958,964.0,310,111.39,934,929,15,14,2026-09-19 22:18:21.483951+00:00
US-5584350,Waunakee,Wisconsin,WI,,,2025,16411,581615.44,0.71,10.02,2.79,5.25,6.89,187,11.39,49.6,761.0,2.15,80.75,35.15,3.91,99.59,12,74.97,52.66,14.51,52.05,59.21,53.63,58.88,55.94,1266,691,1158,748,965.75,575,250.01,1266,930,79,69,2026-09-19 22:18:21.483951+00:00
US-0639220,Laguna Hills,California,CA,,,2025,30020,1197398.12,-0.84,-4.13,-3.42,5.02,8.68,4,0.13,-33.33,781.0,3.86,62.75,60.21,2.88,99.58,12,48.95,62.87,55.22,55.39,54.07,57.55,55.84,55.71,901,1182,804,984,967.75,378,139.14,901,931,56,53,2026-09-19 22:18:21.483951+00:00
US-0415500,Coolidge,Arizona,AZ,,,2025,19959,270717.02,4.19,48.67,-3.4,-3.46,6.79,289,14.48,1.4,1146.0,7.91,141.0,28.28,4.58,98.25,12,78.64,47.98,16.54,52.38,60.13,52.46,58.63,55.9,1227,615,1266,763,967.75,651,283.95,1227,932,8,6,2026-09-19 22:18:21.483951+00:00
US-4980420,Vineyard,Utah,UT,,,2025,16092,528289.94,0.27,24.45,1.73,-0.79,5.1,324,20.13,256.04,435.0,19.51,43.08,19.12,3.62,99.02,12,59.33,65.94,21.8,52.26,55.68,57.34,58.55,55.96,1245,1026,832,769,968.0,476,185.87,1245,933,23,20,2026-09-19 22:18:21.483951+00:00
US-5553000,Milwaukee,Wisconsin,WI,,,2025,562407,222856.01,-0.16,-2.55,4.3,7.03,8.45,71,0.13,-69.92,16347.0,-4.76,1195.83,9.23,2.67,99.32,12,52.55,49.23,80.5,58.37,55.74,54.91,53.85,55.72,655,1020,1043,1158,969.0,503,188.68,655,934,55,70,2026-09-19 22:18:21.483951+00:00
US-4834832,Horizon City,Texas,TX,,,2025,25118,220745.67,1.23,11.06,0.12,3.36,8.17,159,6.33,-5.36,935.0,-6.69,133.0,17.18,5.26,99.34,12,87.33,32.04,34.07,54.66,62.75,48.93,57.12,55.87,968,439,1578,891,969.0,1139,405.54,968,935,17,15,2026-09-19 22:18:21.483951+00:00
US-2156136,Nicholasville,Kentucky,KY,,,2025,33857,321697.9,1.6,8.71,4.03,5.11,7.67,421,12.43,121.58,1471.0,-0.47,153.5,15.99,3.85,98.47,12,81.88,40.56,26.53,53.58,61.18,50.85,57.75,55.84,1076,543,1425,840,971.0,882,323.07,1076,936,7,7,2026-09-19 22:18:21.483951+00:00
US-5572975,Sheboygan,Wisconsin,WI,,,2025,49376,261533.75,-0.26,-1.14,5.31,9.28,9.42,207,4.19,223.44,1571.0,-0.44,104.33,30.83,2.43,99.7,12,60.41,60.83,30.99,53.2,56.13,56.23,57.66,55.8,1127,982,930,846,971.25,281,102.18,1127,937,74,71,2026-09-19 22:18:21.483951+00:00
US-3985036,Wickliffe,Ohio,OH,,,2025,12649,198451.05,0.2,-0.25,2.53,5.25,6.88,29,2.29,1350.0,604.0,1.68,30.92,30.18,1.9,99.56,12,49.31,68.39,40.65,53.82,53.74,58.5,57.03,55.77,1049,1212,743,898,975.5,469,174.21,1049,938,99,79,2026-09-19 22:18:21.483951+00:00
US-4826232,Flower Mound,Texas,TX,,,2025,79540,610411.97,-0.53,4.02,-2.49,0.57,7.14,115,1.45,61.97,2708.0,-1.88,229.08,19.63,3.12,98.28,12,68.97,42.2,54.46,55.97,58.76,52.07,55.47,55.57,848,740,1302,1016,976.5,562,212.11,848,939,12,16,2026-09-19 22:18:21.483951+00:00
US-0618394,Delano,California,CA,,,2025,52334,332922.17,-1.41,4.88,1.27,3.73,6.69,198,3.78,53.49,435.0,10.13,36.25,37.66,3.11,97.77,12,65.23,56.43,29.07,53.11,57.17,54.97,57.66,55.73,1135,889,1038,847,977.25,288,115.47,1135,940,70,54,2026-09-19 22:18:21.483951+00:00
US-4262432,Pottsville,Pennsylvania,PA,,,2025,13170,148222.99,-0.02,0.29,2.85,7.0,8.25,0,0.0,,588.0,-4.7,38.42,12.17,2.41,95.66,12,63.87,35.68,84.61,59.19,58.53,51.48,53.26,55.61,581,761,1359,1209,977.5,778,317.5,581,941,27,29,2026-09-19 22:18:21.483951+00:00
US-0668196,San Marcos,California,CA,,,2025,94908,955602.44,-0.64,-0.02,-2.41,2.52,7.35,750,7.9,137.34,1910.0,8.89,125.33,44.06,2.42,99.34,12,55.94,71.94,15.53,51.44,54.68,58.68,59.1,55.97,1331,1116,735,729,977.75,602,257.25,1331,942,103,55,2026-09-19 22:18:21.483951+00:00
US-1804204,Beech Grove,Indiana,IN,,,2025,14671,195789.35,-0.01,-0.1,0.42,2.75,7.0,0,0.0,,601.0,0.67,30.0,33.83,1.85,97.63,12,51.45,54.45,69.23,56.94,55.02,55.77,54.58,55.58,761,1088,980,1090,979.75,329,133.91,761,943,27,35,2026-09-19 22:18:21.483951+00:00
US-0624680,Fontana,California,CA,,,2025,221223,633619.3,0.85,5.77,-2.8,1.79,6.29,930,4.2,-31.52,3384.0,3.23,318.17,41.67,3.43,100.18,12,61.98,61.08,25.89,52.64,56.3,56.07,57.96,55.74,1191,960,949,822,980.5,369,133.08,1191,944,84,56,2026-09-19 22:18:21.483951+00:00
US-2710846,Champlin,Minnesota,MN,,,2025,23125,372388.36,0.1,-3.05,3.0,1.52,4.27,2,0.09,-86.67,952.0,12.53,37.5,-1.32,1.43,100.25,12,12.22,88.6,88.83,58.1,46.62,65.72,54.25,56.17,675,1829,298,1125,981.75,1531,570.08,675,945,19,31,2026-09-19 22:18:21.483951+00:00
US-0610345,Campbell,California,CA,,,2025,42490,1875042.32,0.02,-2.98,1.59,6.3,7.51,80,1.88,48.15,964.0,-8.63,35.33,8.16,1.36,103.43,12,44.53,65.04,60.65,55.74,53.1,58.23,55.37,55.61,874,1275,758,1021,982.0,517,193.14,874,946,52,57,2026-09-19 22:18:21.483951+00:00
US-3927706,Forest Park,Ohio,OH,,,2025,20041,234037.94,-0.02,-0.61,1.94,5.16,7.85,0,0.0,,423.0,-20.79,27.58,10.7,2.48,99.53,12,57.13,41.96,85.93,59.02,56.9,53.1,53.18,55.55,595,912,1205,1217,982.25,622,254.77,595,947,53,80,2026-09-19 22:18:21.483951+00:00
US-1324768,Dunwoody,Georgia,GA,,,2025,51792,665947.61,-0.22,0.39,1.58,3.43,6.57,14,0.27,16.67,1411.0,10.06,115.0,51.65,3.01,98.84,12,48.35,63.87,53.25,55.01,53.74,57.62,55.82,55.55,938,1211,799,985,983.25,412,148.21,938,948,17,22,2026-09-19 22:18:21.483951+00:00
US-1374936,Suwanee,Georgia,GA,,,2025,23034,609249.3,-0.54,9.79,-1.75,3.14,9.41,62,2.69,287.5,786.0,-2.6,93.25,81.66,4.51,98.03,12,89.78,31.28,29.26,54.17,63.15,48.52,57.4,55.81,1010,419,1631,873,983.25,1212,433.25,1010,949,19,23,2026-09-19 22:18:21.483951+00:00
US-0662000,Riverside,California,CA,,,2025,323057,644621.01,-0.1,2.4,-2.59,1.87,6.26,270,0.84,-73.5,5697.0,3.41,499.92,37.25,3.23,99.76,12,52.93,60.59,49.42,54.73,54.7,56.61,56.02,55.52,960,1115,889,971,983.75,226,82.05,960,950,58,58,2026-09-19 22:18:21.483951+00:00
US-3986604,Worthington,Ohio,OH,,,2025,14543,478857.62,-0.49,-1.61,3.04,4.4,6.65,1,0.07,-83.33,530.0,-16.4,24.25,-1.69,1.78,101.88,12,40.05,58.18,89.6,58.79,52.92,57.46,53.17,55.58,612,1288,817,1219,984.0,676,280.14,612,951,54,81,2026-09-19 22:18:21.483951+00:00
US-4911320,Cedar City,Utah,UT,,,2025,41871,402378.38,2.1,18.04,3.1,0.37,6.95,381,9.1,3.25,2193.0,9.1,290.67,30.93,4.87,97.79,12,79.47,45.7,19.13,52.56,60.29,51.84,58.24,55.73,1207,605,1324,803,984.75,719,292.29,1207,952,19,21,2026-09-19 22:18:21.483951+00:00
US-0660466,Rialto,California,CA,,,2025,106554,584519.32,0.97,2.49,-2.19,2.25,6.51,33,0.31,-15.38,1550.0,-2.88,133.0,43.78,3.16,100.49,12,56.9,54.4,54.42,55.4,55.78,55.15,55.53,55.47,897,1014,1019,1010,985.0,122,50.91,897,953,55,59,2026-09-19 22:18:21.483951+00:00
US-3627485,Freeport,New York,NY,,,2025,44174,643378.8,-0.02,-0.25,2.85,4.59,6.3,9,0.2,0.0,927.0,-0.32,85.58,-0.1,3.42,101.51,12,41.38,58.63,84.96,58.31,53.09,57.4,53.5,55.58,662,1277,823,1192,988.5,615,254.28,662,954,29,31,2026-09-19 22:18:21.483951+00:00
US-0126992,Foley,Alabama,AL,,,2025,30354,306887.51,7.84,44.72,-0.67,1.38,6.92,352,11.6,-70.4,2545.0,-1.09,276.58,-5.87,4.0,97.91,12,80.45,35.21,42.03,55.01,61.11,49.8,56.25,55.54,937,547,1515,955,988.5,968,344.93,937,955,6,8,2026-09-19 22:18:21.483951+00:00
US-0485540,Yuma,Arizona,AZ,,,2025,105227,296147.19,1.07,8.12,0.91,2.2,8.23,832,7.91,21.28,3001.0,1.45,377.33,34.56,4.69,98.57,12,84.73,40.28,19.41,52.84,61.6,50.48,58.19,55.78,1175,518,1461,811,991.25,943,357.38,1175,956,7,7,2026-09-19 22:18:21.483951+00:00
US-4558030,Port Royal,South Carolina,SC,,,2025,16648,352098.68,-0.6,12.81,1.15,6.1,10.04,20,1.2,185.71,672.0,-24.15,85.83,10.75,4.77,97.77,12,91.84,15.12,64.39,58.12,64.71,45.53,54.57,55.73,672,314,1892,1091,992.25,1578,587.77,672,957,12,20,2026-09-19 22:18:21.483951+00:00
US-3340180,Laconia,New Hampshire,NH,,,2025,17246,438418.81,-0.12,2.16,1.19,3.86,9.66,173,10.03,154.41,1009.0,5.32,117.17,21.0,4.32,98.42,12,75.61,46.99,24.62,52.85,59.38,52.22,57.63,55.52,1173,671,1291,850,996.25,620,247.64,1173,958,11,11,2026-09-19 22:18:21.483951+00:00
US-5539225,Kenosha,Wisconsin,WI,,,2025,99239,273881.21,-0.17,-0.72,5.18,6.7,6.85,228,2.3,181.48,2803.0,-5.72,135.08,-3.22,1.77,99.97,12,46.8,60.44,64.73,56.06,53.58,56.99,54.73,55.34,838,1224,855,1072,997.25,386,160.16,838,959,62,72,2026-09-19 22:18:21.483951+00:00
US-1644290,Kuna,Idaho,ID,,,2025,31525,459517.92,8.37,28.54,0.25,-0.31,5.49,1208,38.32,34.07,3556.0,48.6,398.75,55.41,4.17,99.62,12,62.82,68.17,5.45,50.35,55.82,57.16,59.49,55.7,1445,1010,847,689,997.75,756,282.06,1445,960,23,19,2026-09-19 22:18:21.483951+00:00
US-4716920,Cookeville,Tennessee,TN,,,2025,38212,318635.81,2.71,9.26,1.31,2.04,7.73,321,8.4,-23.93,1258.0,2.95,171.08,12.86,4.99,97.41,12,82.93,35.67,33.87,54.12,61.39,49.58,56.75,55.46,1017,529,1531,916,998.25,1002,357.47,1017,961,19,19,2026-09-19 22:18:21.483951+00:00
US-1781087,Wheeling,Illinois,IL,,,2025,38391,310221.19,0.16,-2.13,4.13,7.54,7.66,17,0.44,-67.92,1127.0,-2.84,78.17,20.26,2.56,99.91,12,49.55,57.34,65.42,56.24,54.27,56.21,54.64,55.34,823,1154,933,1084,998.5,331,129.02,823,962,117,107,2026-09-19 22:18:21.483951+00:00
US-0826600,Firestone,Colorado,CO,,,2025,20129,579440.49,3.48,20.87,-3.3,-1.48,4.09,119,5.91,-53.7,1067.0,16.74,87.92,24.56,3.04,98.88,12,53.34,68.16,29.59,52.59,54.22,57.93,57.63,55.59,1200,1163,783,851,999.25,417,184.29,1200,963,6,5,2026-09-19 22:18:21.483951+00:00
US-3949056,Mentor,Ohio,OH,,,2025,47010,271941.53,0.01,-0.8,3.92,5.46,6.53,61,1.3,-18.67,1963.0,-1.9,88.08,4.04,1.68,99.54,12,42.39,63.46,68.72,56.35,52.66,57.93,54.51,55.36,814,1310,782,1097,1000.75,528,216.58,814,964,75,82,2026-09-19 22:18:21.483951+00:00
US-5304475,Battle Ground,Washington,WA,,,2025,23513,609690.3,2.62,12.66,-0.33,1.28,5.61,267,11.36,-8.25,1310.0,22.32,133.0,49.58,3.79,99.41,12,60.81,68.55,9.47,50.68,55.43,57.37,59.16,55.66,1410,1047,829,723,1002.25,687,262.8,1410,965,46,26,2026-09-19 22:18:21.483951+00:00
US-3462910,Ridgefield,New Jersey,NJ,,,2025,11547,757334.39,-0.43,0.85,5.4,5.34,5.94,20,1.73,-16.67,450.0,13.07,42.58,35.19,3.71,102.76,12,42.58,74.21,42.27,53.57,52.02,59.93,56.78,55.58,1077,1374,645,913,1002.25,729,264.28,1077,966,89,86,2026-09-19 22:18:21.483951+00:00
US-3983342,Westerville,Ohio,OH,,,2025,38165,449067.04,-0.54,-2.73,1.98,3.41,6.64,48,1.26,29.73,1457.0,4.74,75.17,31.68,1.92,100.77,12,35.71,78.85,48.15,53.92,50.52,61.31,56.37,55.53,1040,1488,540,947,1003.75,948,336.93,1040,967,96,83,2026-09-19 22:18:21.483951+00:00
US-5343955,Marysville,Washington,WA,,,2025,77686,626785.15,2.29,9.46,0.37,3.2,6.9,700,9.01,-6.29,2753.0,-16.65,153.17,42.48,2.05,100.13,12,74.61,52.18,13.88,51.58,58.77,53.16,58.44,55.49,1315,735,1195,782,1006.75,580,252.4,1315,968,39,27,2026-09-19 22:18:21.483951+00:00
US-0660242,Reedley,California,CA,,,2025,26982,383167.1,1.78,7.02,1.31,2.69,6.15,14,0.52,-91.57,346.0,-21.0,25.33,-10.85,2.77,99.28,12,61.88,37.21,84.01,58.78,57.8,51.63,52.99,55.3,613,834,1344,1238,1007.25,731,296.69,613,969,28,60,2026-09-19 22:18:21.483951+00:00
US-0683542,Wasco,California,CA,,,2025,26525,318827.75,-1.68,4.47,-0.72,3.98,7.45,1,0.04,-66.67,197.0,-13.97,18.75,10.84,3.64,98.21,12,73.22,26.36,81.87,58.98,60.46,48.74,53.0,55.29,601,593,1604,1236,1008.5,1011,431.59,601,970,27,61,2026-09-19 22:18:21.483951+00:00
US-2747680,Oakdale,Minnesota,MN,,,2025,30588,353569.19,0.87,8.23,3.64,2.41,4.46,495,16.18,405.1,1153.0,2.4,52.0,13.04,1.65,100.13,12,48.57,74.18,27.06,52.15,53.03,59.43,57.94,55.64,1256,1280,683,824,1010.75,597,262.17,1256,971,44,32,2026-09-19 22:18:21.483951+00:00
US-4183750,Woodburn,Oregon,OR,,,2025,31948,425450.21,4.91,22.6,0.31,0.78,4.65,273,8.55,-51.77,1371.0,59.79,128.08,78.72,3.46,99.59,12,56.42,72.1,11.58,50.7,54.4,58.32,58.99,55.6,1408,1145,752,739,1011.0,669,281.35,1408,972,11,3,2026-09-19 22:18:21.483951+00:00
US-0604758,Beaumont,California,CA,,,2025,60835,534441.43,2.16,14.12,-1.23,0.21,6.29,144,2.37,-56.1,2219.0,-9.24,206.25,11.94,3.43,99.71,12,69.33,41.07,53.96,55.59,58.54,51.48,55.07,55.17,883,754,1358,1051,1011.5,604,226.08,883,973,53,62,2026-09-19 22:18:21.483951+00:00
US-5554875,Mount Pleasant,Wisconsin,WI,,,2025,28253,336897.5,0.32,1.74,4.46,5.55,6.86,138,4.88,200.0,1259.0,-1.18,83.0,22.36,2.43,99.79,12,58.55,60.43,34.13,53.11,55.45,55.92,56.96,55.36,1138,1045,965,902,1012.5,236,88.42,1138,974,75,73,2026-09-19 22:18:21.483951+00:00
US-5343150,Maple Valley,Washington,WA,,,2025,28482,794809.84,0.4,1.18,-1.98,1.41,6.9,2,0.07,-87.5,929.0,-11.1,43.33,63.52,1.63,99.47,12,56.44,53.1,57.06,55.42,55.53,54.69,55.0,55.16,895,1040,1062,1055,1013.0,167,68.59,895,975,20,28,2026-09-19 22:18:21.483951+00:00
US-1703844,Barrington,Illinois,IL,,,2025,10586,614732.35,-0.1,-1.15,5.57,5.18,6.11,9,0.85,125.0,608.0,29.09,46.25,9.47,2.81,98.69,12,35.04,70.84,68.81,56.01,50.85,59.8,54.53,55.3,840,1461,658,1095,1013.5,803,301.41,840,976,119,108,2026-09-19 22:18:21.483951+00:00
US-4770500,Springfield,Tennessee,TN,,,2025,20090,329805.75,0.74,6.78,-0.91,1.32,6.79,82,4.08,-12.77,760.0,19.69,85.25,35.86,4.17,96.55,12,70.03,50.51,28.96,52.93,58.02,53.14,57.14,55.31,1158,811,1198,888,1013.75,387,167.09,1158,977,23,20,2026-09-19 22:18:21.483951+00:00
US-3474000,Trenton,New Jersey,NJ,,,2025,91506,352451.54,0.21,1.06,-0.09,6.9,9.08,4,0.04,-20.0,1579.0,-4.53,182.42,13.71,4.22,98.05,12,70.83,29.76,78.95,58.48,59.73,49.46,53.16,55.21,641,647,1545,1222,1013.75,904,386.99,641,978,81,87,2026-09-19 22:18:21.483951+00:00
US-1208800,Brooksville,Florida,FL,,,2025,10145,311416.41,1.72,13.67,-3.24,-1.31,7.74,103,10.15,-14.88,578.0,6.64,105.08,25.22,6.68,97.3,12,85.92,37.4,21.58,52.86,61.72,49.59,57.65,55.45,1172,508,1529,848,1014.25,1021,378.74,1172,979,33,13,2026-09-19 22:18:21.483951+00:00
US-3974944,Stow,Ohio,OH,,,2025,33941,286837.76,-0.04,-1.52,4.18,4.62,6.23,54,1.59,500.0,1196.0,6.12,42.92,36.97,1.34,100.17,12,34.82,81.98,42.59,53.27,50.13,61.92,56.82,55.54,1118,1524,506,911,1014.75,1018,367.28,1118,980,104,84,2026-09-19 22:18:21.483951+00:00
US-4916270,Cottonwood Heights,Utah,UT,,,2025,32265,773267.61,-0.61,-3.77,2.64,2.46,7.14,45,1.39,136.84,1087.0,18.54,74.67,14.72,2.55,98.58,12,38.49,71.13,58.9,55.01,51.34,59.5,55.22,55.27,936,1412,678,1034,1015.0,734,263.52,936,981,14,22,2026-09-19 22:18:21.483951+00:00
US-1612250,Caldwell,Idaho,ID,,,2025,76629,398019.29,4.72,26.23,-0.95,-0.8,5.49,1477,19.27,3.0,4654.0,3.4,399.33,11.55,3.17,99.38,12,62.84,58.36,28.06,52.58,56.28,55.16,57.35,55.34,1203,964,1018,876,1015.25,327,119.66,1203,982,19,20,2026-09-19 22:18:21.483951+00:00
US-5305210,Bellevue,Washington,WA,,,2025,154193,1482853.24,0.81,1.59,-1.08,2.92,7.63,566,3.67,-3.9,4754.0,-4.52,310.25,68.01,2.36,99.86,12,66.2,56.44,24.32,52.31,56.99,54.55,57.62,55.37,1236,903,1072,853,1016.0,383,150.73,1236,983,37,29,2026-09-19 22:18:21.483951+00:00
US-0554200,Pea Ridge,Arkansas,AR,,,2025,11233,343662.3,10.18,68.31,3.06,3.3,9.46,495,44.07,22.52,1570.0,-8.19,197.42,36.31,4.64,99.35,12,95.03,32.71,10.95,52.2,63.72,48.14,58.58,55.66,1250,382,1670,767,1017.25,1288,486.42,1250,984,15,13,2026-09-19 22:18:21.483951+00:00
US-0640340,La Puente,California,CA,,,2025,36423,721046.04,-0.61,-3.98,-2.08,2.14,5.61,17,0.47,-66.0,410.0,18.84,24.25,16.4,2.15,100.72,12,19.38,88.02,68.04,55.57,47.27,64.43,55.13,55.6,885,1771,368,1047,1017.75,1403,502.01,885,985,54,63,2026-09-19 22:18:21.483951+00:00
US-1262100,Royal Palm Beach,Florida,FL,,,2025,42477,479393.74,1.91,7.51,-3.36,1.09,7.63,49,1.15,-86.61,1378.0,1.92,240.25,27.4,6.5,97.38,12,80.14,30.83,51.65,55.76,61.07,48.74,55.1,55.17,870,550,1605,1049,1018.5,1055,382.9,870,986,11,14,2026-09-19 22:18:21.483951+00:00
US-2562535,Somerville,Massachusetts,MA,,,2025,84211,928436.12,0.15,4.25,0.79,1.95,2.58,90,1.07,8.43,1825.0,5.37,121.33,16.02,2.42,100.69,12,34.18,74.84,60.78,55.06,50.37,60.53,55.14,55.28,933,1498,602,1046,1019.75,896,320.72,933,987,33,32,2026-09-19 22:18:21.483951+00:00
US-1321324,Dallas,Georgia,GA,,,2025,15402,354122.32,1.69,8.85,-1.88,-0.73,7.19,165,10.71,22.22,586.0,9.74,71.25,41.09,4.53,98.18,12,77.26,49.57,12.66,51.42,59.26,52.34,58.34,55.34,1332,684,1277,790,1020.75,648,286.87,1332,988,35,24,2026-09-19 22:18:21.483951+00:00
US-2665440,Pontiac,Michigan,MI,,,2025,62077,138380.63,0.36,0.38,3.47,5.36,7.43,66,1.06,-41.07,1555.0,-0.83,102.83,8.25,2.42,97.56,12,58.35,46.67,67.64,56.58,56.24,53.32,54.02,55.04,794,968,1184,1140,1021.5,390,154.16,794,989,31,31,2026-09-19 22:18:21.483951+00:00
US-5136648,Herndon,Virginia,VA,,,2025,25506,725209.2,1.39,3.75,-0.14,3.19,4.45,399,15.64,259.46,862.0,25.11,40.25,118.55,1.72,100.44,12,40.76,91.27,5.53,49.63,50.63,63.26,59.97,55.87,1513,1477,439,657,1021.5,1074,479.9,1513,990,21,13,2026-09-19 22:18:21.483951+00:00
US-3949644,Middleburg Heights,Ohio,OH,,,2025,15558,274405.01,-0.26,-2.72,5.59,5.71,7.59,6,0.39,500.0,552.0,-5.64,20.5,40.57,1.36,100.24,12,46.45,64.39,54.24,54.68,53.0,57.49,55.3,55.12,966,1284,810,1027,1021.75,474,170.84,966,991,90,85,2026-09-19 22:18:21.483951+00:00
US-2656320,Muskegon,Michigan,MI,,,2025,37224,190583.48,-0.06,0.04,2.49,3.94,7.85,66,1.77,50.0,1844.0,-4.51,118.33,-10.75,2.38,97.99,12,60.22,43.45,70.99,57.05,56.81,52.62,53.75,55.06,753,923,1243,1171,1022.5,490,195.71,753,992,28,32,2026-09-19 22:18:21.483951+00:00
US-2701486,Andover,Minnesota,MN,,,2025,33874,439834.81,1.09,3.73,2.54,1.67,4.78,102,3.01,2.0,1066.0,-1.66,60.75,-13.11,2.09,99.94,12,42.6,63.82,65.55,55.76,52.41,57.71,54.44,55.08,868,1331,794,1104,1024.25,537,210.88,868,993,27,33,2026-09-19 22:18:21.483951+00:00
US-5305280,Bellingham,Washington,WA,,,2025,96395,669434.14,0.76,4.93,0.16,1.9,5.67,737,7.65,37.76,2854.0,11.53,183.92,56.19,2.37,99.33,12,52.98,74.64,13.58,50.71,53.57,58.98,58.79,55.51,1404,1226,715,752,1024.25,689,297.77,1404,994,45,30,2026-09-19 22:18:21.483951+00:00
US-1241250,Longwood,Florida,FL,,,2025,16892,454816.04,-0.36,9.54,-3.25,0.65,6.71,11,0.65,-26.67,583.0,-3.64,50.75,25.57,3.18,97.66,12,72.05,35.92,58.86,56.11,59.23,50.2,54.47,55.0,834,687,1481,1102,1026.0,794,301.9,834,995,9,15,2026-09-19 22:18:21.483951+00:00
US-1330956,Fort Oglethorpe,Georgia,GA,,,2025,10868,245530.99,1.91,5.36,-0.06,3.51,8.11,0,0.0,-100.0,490.0,-17.92,61.75,13.65,4.77,98.34,12,80.24,18.28,83.19,59.29,62.09,46.6,52.65,55.16,570,482,1795,1267,1028.5,1313,536.96,570,996,5,25,2026-09-19 22:18:21.483951+00:00
US-2684000,Warren,Michigan,MI,,,2025,137138,200825.52,0.0,-1.48,2.9,4.35,7.13,40,0.29,100.0,5810.0,2.61,322.58,28.78,2.02,98.42,12,46.8,60.82,61.68,55.42,53.24,56.74,54.59,55.0,894,1259,876,1089,1029.5,383,156.63,894,997,34,33,2026-09-19 22:18:21.483951+00:00
US-4161200,Redmond,Oregon,OR,,,2025,38547,515903.95,2.6,14.08,-1.38,0.02,5.98,374,9.7,-28.35,2249.0,-3.81,183.0,-17.23,2.99,99.2,12,65.56,46.81,47.85,54.57,57.28,52.59,55.35,54.95,976,881,1247,1023,1031.75,366,134.39,976,998,2,4,2026-09-19 22:18:21.483951+00:00
US-3966894,Richmond Heights,Ohio,OH,,,2025,10475,244984.52,-0.03,-2.8,3.1,4.24,6.92,0,0.0,,360.0,-2.96,21.08,-13.65,2.19,98.94,12,38.98,54.09,100.0,59.53,52.67,56.45,51.88,55.13,549,1309,904,1367,1032.25,818,331.14,549,999,48,86,2026-09-19 22:18:21.483951+00:00
US-3401960,Asbury Park,New Jersey,NJ,,,2025,15632,673748.08,0.81,3.05,0.68,3.31,6.28,57,3.65,11.76,656.0,35.54,65.92,28.62,3.83,98.68,12,55.27,63.09,34.51,52.82,54.5,56.46,56.71,55.12,1178,1133,902,919,1033.0,276,123.67,1178,1000,92,88,2026-09-19 22:18:21.483951+00:00
US-4741760,Lenoir City,Tennessee,TN,,,2025,12530,413575.53,2.93,23.92,1.5,4.46,9.02,474,37.83,190.8,613.0,-4.37,70.83,25.55,4.23,98.01,12,94.97,29.77,17.03,52.67,63.72,47.42,57.84,55.41,1189,383,1737,834,1035.75,1354,495.49,1189,1001,24,21,2026-09-19 22:18:21.483951+00:00
US-1886084,Yorktown,Indiana,IN,,,2025,11947,242652.58,0.8,3.53,6.16,5.24,7.59,144,12.05,242.86,507.0,1.4,29.25,48.1,2.09,98.0,12,72.25,55.68,9.28,50.71,57.84,53.69,58.5,55.18,1406,829,1152,774,1040.25,632,255.82,1406,1002,48,36,2026-09-19 22:18:21.483951+00:00
US-2540115,Melrose,Massachusetts,MA,,,2025,29597,900256.98,-0.24,-0.38,2.03,4.9,5.23,52,1.76,2500.0,809.0,3.72,23.67,17.36,1.12,105.46,12,29.16,82.55,53.83,54.01,48.88,62.23,55.65,55.19,1030,1643,489,999,1040.25,1154,408.96,1030,1003,34,33,2026-09-19 22:18:21.483951+00:00
US-2655820,Mount Clemens,Michigan,MI,,,2025,15419,178429.94,0.01,-1.59,4.8,4.08,6.44,0,0.0,,661.0,9.8,40.42,29.68,2.24,98.09,12,37.64,66.11,71.46,56.06,51.25,58.37,53.83,54.88,837,1416,750,1160,1040.75,666,265.09,837,1004,32,34,2026-09-19 22:18:21.483951+00:00
US-2825100,Flowood,Mississippi,MS,,,2025,11003,327320.89,1.16,6.95,0.5,1.3,4.97,80,7.27,14.29,553.0,18.16,50.83,-17.9,3.6,98.42,12,49.91,61.24,51.73,54.33,53.59,56.42,55.19,54.88,999,1223,906,1036,1041.0,317,115.26,999,1005,2,2,2026-09-19 22:18:21.483951+00:00
US-4157150,Pendleton,Oregon,OR,,,2025,16989,295682.43,-0.58,-0.12,2.86,1.64,5.95,23,1.35,109.09,446.0,12.91,35.08,-12.29,2.92,98.33,12,37.92,63.56,77.09,56.69,51.49,57.9,53.38,54.86,783,1403,785,1198,1042.25,620,268.23,783,1006,1,5,2026-09-19 22:18:21.483951+00:00
US-1251075,Ocoee,Florida,FL,,,2025,51932,415646.74,2.19,9.32,-4.26,0.28,7.09,467,8.99,-16.31,1717.0,-1.09,146.42,15.67,3.18,98.19,12,76.75,42.29,30.28,53.07,59.44,50.82,56.59,54.98,1145,666,1428,931,1042.5,762,279.87,1145,1007,29,16,2026-09-19 22:18:21.483951+00:00
US-2425800,Elkton,Maryland,MD,,,2025,16670,366689.51,4.12,5.48,1.52,3.92,5.62,38,2.28,-88.48,478.0,-1.44,21.17,88.15,1.66,99.76,12,53.63,65.75,31.7,52.39,53.98,57.01,56.89,55.07,1226,1189,852,906,1043.25,374,165.87,1226,1008,2,3,2026-09-19 22:18:21.483951+00:00
US-3684000,Yonkers,New York,NY,,,2025,212603,675270.11,0.5,0.76,4.34,4.94,5.66,172,0.81,-30.92,3279.0,6.46,301.08,14.15,3.36,100.43,12,39.07,67.13,65.12,55.4,51.39,58.41,54.3,54.88,899,1406,749,1119,1043.25,657,247.34,899,1009,33,32,2026-09-19 22:18:21.483951+00:00
US-2739878,Mankato,Minnesota,MN,,,2025,46529,304627.32,0.74,4.25,4.68,3.44,5.95,181,3.89,-12.14,1307.0,7.13,98.58,23.1,2.83,98.85,12,54.22,62.76,37.24,52.96,54.23,56.37,56.36,54.98,1154,1160,912,948,1043.5,248,114.23,1154,1010,39,34,2026-09-19 22:18:21.483951+00:00
US-4513330,Charleston,South Carolina,SC,,,2025,159423,587612.47,0.4,5.42,0.23,4.4,9.62,1311,8.22,14.6,8983.0,1.0,1038.75,21.25,4.28,97.59,12,84.34,35.76,27.22,53.05,61.2,49.05,56.76,55.02,1148,542,1570,914,1043.5,1028,372.96,1148,1011,22,21,2026-09-19 22:18:21.483951+00:00
US-5563300,Pleasant Prairie,Wisconsin,WI,,,2025,21798,453485.89,0.16,2.48,7.95,6.32,6.87,366,16.79,771.43,648.0,-2.85,42.83,-5.51,2.48,99.35,12,61.51,54.22,39.06,53.35,55.96,54.14,55.99,54.86,1107,995,1109,973,1046.0,136,62.49,1107,1012,73,74,2026-09-19 22:18:21.483951+00:00
US-3884780,West Fargo,North Dakota,ND,,,2025,41175,354365.54,1.24,5.86,2.77,2.81,4.85,92,2.23,-59.47,1752.0,1.27,126.08,-13.39,2.72,99.05,12,47.9,56.07,69.99,56.28,53.66,55.7,53.78,54.86,819,1218,986,1167,1047.5,399,157.6,819,1013,1,1,2026-09-19 22:18:21.483951+00:00
US-0602868,Arroyo Grande,California,CA,,,2025,18123,1028556.33,-0.56,-1.7,0.0,3.1,6.34,15,0.83,-54.55,503.0,3.93,31.25,21.36,2.3,100.58,12,35.35,73.44,58.97,54.59,50.32,59.84,54.85,54.9,975,1506,655,1065,1050.25,851,304.06,975,1014,60,64,2026-09-19 22:18:21.483951+00:00
US-1879208,Vincennes,Indiana,IN,,,2025,16378,164888.27,-0.32,-2.29,3.17,4.9,7.29,10,0.61,-41.18,558.0,16.25,43.08,2.38,2.93,95.6,12,45.22,55.66,77.62,56.97,53.21,55.82,53.15,54.79,757,1262,972,1223,1053.5,505,204.18,757,1015,26,37,2026-09-19 22:18:21.483951+00:00
US-3040075,Kalispell,Montana,MT,,,2025,31851,558003.86,2.0,26.08,-0.26,0.49,8.79,459,14.41,97.84,1290.0,2.71,188.42,14.71,5.88,80.28,12,94.41,25.67,26.67,53.41,63.62,46.44,56.7,55.04,1102,387,1805,921,1053.75,1418,507.17,1102,1016,4,4,2026-09-19 22:18:21.483951+00:00
US-2112160,Campbellsville,Kentucky,KY,,,2025,11783,216816.75,-0.36,2.9,4.33,5.02,8.79,9,0.76,-10.0,242.0,9.01,41.58,39.0,6.78,94.18,12,77.57,32.88,49.8,54.99,60.0,48.83,54.68,54.62,940,627,1593,1077,1059.25,966,348.66,940,1017,3,8,2026-09-19 22:18:21.483951+00:00
US-1727884,Freeport,Illinois,IL,,,2025,23202,127077.35,-0.47,-3.16,7.92,7.08,8.6,0,0.0,-100.0,1578.0,59.07,147.5,28.45,4.7,97.4,12,50.69,51.77,72.19,56.44,54.24,54.51,53.32,54.63,805,1159,1078,1201,1060.75,396,154.13,805,1018,113,109,2026-09-19 22:18:21.483951+00:00
US-3984742,Whitehall,Ohio,OH,,,2025,19805,196519.03,-0.47,-1.49,0.42,5.1,7.81,6,0.3,-14.29,425.0,-11.27,24.33,1.74,2.13,98.86,12,53.03,45.48,82.19,57.68,55.14,53.25,52.55,54.65,703,1076,1187,1279,1061.25,576,218.97,703,1019,63,87,2026-09-19 22:18:21.483951+00:00
US-1749854,Mokena,Illinois,IL,,,2025,19897,448567.02,-0.1,0.2,5.42,5.94,7.16,23,1.16,-14.81,686.0,-5.9,47.42,5.37,2.53,99.31,12,54.7,48.9,69.11,56.27,55.12,53.67,53.53,54.65,820,1081,1155,1191,1061.75,371,145.1,820,1020,116,110,2026-09-19 22:18:21.483951+00:00
US-3921308,Defiance,Ohio,OH,,,2025,17009,183403.78,-0.14,-0.28,4.21,5.31,6.39,17,1.0,-29.17,653.0,18.3,46.5,41.98,2.67,98.69,12,42.7,70.8,45.71,53.29,51.58,58.61,55.65,54.78,1116,1394,737,1000,1061.75,657,235.91,1116,1021,103,88,2026-09-19 22:18:21.483951+00:00
US-1349756,Marietta,Georgia,GA,,,2025,63574,475156.05,0.34,4.14,-1.49,1.87,7.01,112,1.76,14.29,2365.0,4.51,233.08,36.31,3.65,97.85,12,67.66,46.43,41.6,53.71,57.38,52.07,55.5,54.67,1063,873,1300,1012,1062.0,427,154.0,1063,1022,23,26,2026-09-19 22:18:21.483951+00:00
US-4516405,Conway,South Carolina,SC,,,2025,30627,288036.14,2.84,21.49,-1.96,-0.44,7.27,560,18.28,36.25,1844.0,3.95,301.75,10.13,6.03,97.4,12,83.96,34.75,29.36,53.09,61.01,48.7,56.36,54.79,1140,557,1608,950,1063.75,1051,378.07,1140,1023,21,22,2026-09-19 22:18:21.483951+00:00
US-0614218,Clovis,California,CA,,,2025,129347,515262.31,0.36,7.1,-0.38,1.2,5.72,588,4.55,-11.45,3414.0,5.47,253.75,41.83,2.77,99.36,12,57.16,64.5,24.5,51.56,54.46,56.3,57.19,54.88,1316,1138,921,882,1064.25,434,175.04,1316,1024,99,65,2026-09-19 22:18:21.483951+00:00
US-1719642,Des Plaines,Illinois,IL,,,2025,58772,343466.28,-0.16,-2.76,4.41,6.48,6.5,12,0.2,300.0,2045.0,-0.63,128.5,-4.52,2.34,100.03,12,33.7,63.47,87.02,57.45,50.63,58.07,52.43,54.65,720,1476,768,1294,1064.5,756,327.34,720,1025,102,111,2026-09-19 22:18:21.483951+00:00
US-2684940,Wayne,Michigan,MI,,,2025,17065,174162.41,-0.27,-3.3,1.76,5.2,7.34,0,0.0,,553.0,-3.66,25.83,13.55,1.76,99.02,12,41.76,56.64,83.26,57.34,52.45,56.17,52.6,54.64,728,1327,936,1272,1065.75,599,245.82,728,1026,25,35,2026-09-19 22:18:21.483951+00:00
US-1878326,Valparaiso,Indiana,IN,,,2025,35177,356464.06,0.67,3.04,1.6,3.18,5.95,151,4.29,-17.03,1480.0,12.12,122.08,7.25,3.13,98.23,12,51.43,60.39,48.59,53.86,53.69,55.93,55.18,54.66,1047,1216,963,1040,1066.5,253,92.39,1047,1027,41,38,2026-09-19 22:18:21.483951+00:00
US-5127200,Falls Church,Virginia,VA,,,2025,15159,771091.75,0.75,3.28,-0.07,3.86,3.94,18,1.19,0.0,660.0,11.49,49.17,34.4,2.93,100.4,12,37.49,75.49,47.42,53.27,50.38,59.88,55.58,54.78,1117,1496,652,1004,1067.25,844,301.14,1117,1028,13,14,2026-09-19 22:18:21.483951+00:00
US-3629333,Glens Falls,New York,NY,,,2025,14383,266666.75,-0.12,-2.68,2.9,4.68,7.01,29,2.02,-61.33,521.0,-12.58,19.58,-30.88,1.43,101.84,12,40.62,62.25,71.79,55.98,51.78,57.19,53.47,54.61,847,1389,842,1193,1067.75,547,233.76,847,1029,32,33,2026-09-19 22:18:21.483951+00:00
US-1704975,Bellwood,Illinois,IL,,,2025,18116,248483.34,-0.22,-3.23,1.84,3.8,6.48,0,0.0,,448.0,16.67,44.42,19.51,3.7,99.69,12,31.6,69.07,78.49,56.44,49.88,59.24,53.15,54.68,806,1548,696,1224,1068.5,852,339.77,806,1030,114,112,2026-09-19 22:18:21.483951+00:00
US-0134024,Helena,Alabama,AL,,,2025,23388,358746.26,0.3,4.91,1.4,1.03,5.49,59,2.52,37.21,1030.0,15.73,97.92,23.68,3.58,98.8,12,50.81,63.04,43.4,53.24,53.37,56.43,55.57,54.65,1124,1244,905,1005,1069.5,339,127.12,1124,1031,10,9,2026-09-19 22:18:21.483951+00:00
US-4900540,Alpine,Utah,UT,,,2025,10444,1169834.28,-0.63,1.76,6.11,2.78,7.87,21,2.01,-4.55,229.0,10.63,37.67,10.78,7.78,96.78,12,68.5,38.98,57.69,55.47,58.02,50.64,54.14,54.57,891,810,1445,1132,1069.5,635,247.04,891,1032,12,23,2026-09-19 22:18:21.483951+00:00
US-5373465,University Place,Washington,WA,,,2025,35479,662505.94,1.09,1.63,-1.65,1.49,5.15,211,5.95,-20.68,1049.0,10.3,52.0,26.83,1.8,100.07,12,38.19,83.15,27.79,51.32,50.12,61.36,57.38,55.05,1345,1525,538,874,1070.5,987,388.62,1345,1033,41,31,2026-09-19 22:18:21.483951+00:00
US-4816696,Corinth,Texas,TX,,,2025,25297,415762.16,3.62,11.21,-4.27,-1.65,5.79,90,3.56,-77.61,1329.0,33.97,133.42,61.55,3.82,98.04,12,61.98,59.12,24.82,51.69,55.55,54.83,56.98,54.76,1302,1038,1051,900,1072.75,402,144.98,1302,1034,29,17,2026-09-19 22:18:21.483951+00:00
US-0682590,Victorville,California,CA,,,2025,141395,432374.83,0.25,5.01,-2.5,0.77,7.07,172,1.22,-62.69,3259.0,-16.86,362.83,15.92,4.07,100.19,12,70.5,35.99,59.78,55.74,58.54,49.91,53.9,54.52,873,758,1507,1153,1072.75,749,288.96,873,1035,51,66,2026-09-19 22:18:21.483951+00:00
US-1047420,Milford,Delaware,DE,,,2025,14723,344265.51,4.61,30.34,1.09,2.81,6.51,164,11.14,-30.21,558.0,1.27,55.0,16.4,3.76,98.55,12,75.04,44.61,27.24,52.44,58.74,51.13,56.57,54.72,1220,742,1400,932,1073.5,658,253.96,1220,1036,5,5,2026-09-19 22:18:21.483951+00:00
US-2937178,Jennings,Missouri,MO,,,2025,13093,71061.62,0.63,1.49,-2.03,1.26,7.97,0,0.0,-100.0,659.0,2.49,63.0,34.28,3.49,94.61,12,67.99,34.93,68.88,56.64,58.2,49.94,53.2,54.5,788,792,1503,1213,1074.0,715,301.94,788,1037,35,35,2026-09-19 22:18:21.483951+00:00
US-2627440,Farmington Hills,Michigan,MI,,,2025,83291,385890.81,0.02,-0.65,2.58,4.15,6.13,22,0.26,4.76,2763.0,3.25,140.83,39.44,1.85,99.57,12,37.47,71.36,56.74,54.15,50.53,59.0,54.65,54.58,1015,1487,714,1081,1074.25,773,275.54,1015,1038,39,36,2026-09-19 22:18:21.483951+00:00
US-0515190,Conway,Arkansas,AR,,,2025,72328,247920.13,1.69,12.39,2.19,2.91,5.53,443,6.12,-29.35,2393.0,8.33,195.5,14.66,3.04,98.03,12,59.6,56.57,36.67,52.81,55.25,54.5,55.95,54.63,1179,1065,1079,977,1075.0,202,71.65,1179,1039,14,14,2026-09-19 22:18:21.483951+00:00
US-3407600,Bridgeton,New Jersey,NJ,,,2025,28307,258415.43,-0.04,4.3,0.68,5.87,8.39,1,0.04,-98.48,283.0,-24.33,25.75,7.29,3.52,96.66,12,79.23,17.54,84.9,59.05,61.57,46.15,52.03,54.7,592,521,1836,1355,1076.0,1315,547.2,592,1040,77,89,2026-09-19 22:18:21.483951+00:00
US-1257550,Plant City,Florida,FL,,,2025,44118,343084.42,3.2,10.89,-3.4,-0.76,7.39,970,21.99,34.16,2606.0,-22.76,205.0,-4.58,2.93,98.87,12,81.34,33.13,38.69,53.8,60.48,48.43,55.38,54.52,1052,591,1643,1019,1076.25,1052,374.35,1052,1041,18,17,2026-09-19 22:18:21.483951+00:00
US-2302795,Bangor,Maine,ME,,,2025,32518,287893.23,-0.02,2.5,2.17,5.34,9.07,83,2.55,23.88,1072.0,0.85,106.75,40.15,3.71,97.71,12,76.94,39.48,34.18,53.14,59.29,49.92,55.81,54.54,1133,682,1505,987,1076.75,823,295.99,1133,1042,10,11,2026-09-19 22:18:21.483951+00:00
US-2810140,Byram,Mississippi,MS,,,2025,12707,219307.5,0.35,-2.56,4.69,3.54,7.02,44,3.46,-12.0,391.0,8.91,27.58,-12.2,2.64,98.73,12,41.17,65.41,61.39,54.71,51.48,57.54,54.1,54.46,963,1404,805,1137,1077.25,599,222.21,963,1043,1,3,2026-09-19 22:18:21.483951+00:00
US-1339524,Holly Springs,Georgia,GA,,,2025,20261,438510.92,0.63,21.58,-0.65,2.11,8.58,162,8.0,72.34,761.0,-7.98,79.5,45.65,3.88,98.65,12,93.06,31.45,14.8,51.93,62.84,47.44,57.51,54.93,1280,437,1733,865,1078.75,1296,481.16,1280,1044,33,27,2026-09-19 22:18:21.483951+00:00
US-1780242,Western Springs,Illinois,IL,,,2025,13588,846790.18,0.38,-0.02,8.15,5.41,6.39,26,1.91,-13.33,594.0,-2.62,41.42,2.26,2.68,101.44,12,44.04,61.18,64.67,55.2,52.28,56.56,53.82,54.46,920,1346,894,1162,1080.5,452,185.52,920,1045,124,113,2026-09-19 22:18:21.483951+00:00
US-1957675,Norwalk,Iowa,IA,,,2025,15004,334783.48,4.69,16.66,2.34,1.3,4.71,237,15.8,-22.04,1325.0,15.72,146.33,2.87,4.17,99.09,12,55.18,61.66,35.44,52.51,54.16,55.78,56.12,54.64,1211,1169,979,966,1081.25,245,109.86,1211,1046,4,3,2026-09-19 22:18:21.483951+00:00
US-1346356,Lilburn,Georgia,GA,,,2025,16369,400774.83,0.28,14.64,-3.36,0.76,7.49,60,3.67,0.0,377.0,-6.68,43.42,37.47,4.25,99.09,12,84.13,33.96,29.67,52.96,60.91,48.37,56.11,54.59,1155,562,1645,967,1082.25,1083,389.21,1155,1047,30,28,2026-09-19 22:18:21.483951+00:00
US-2071000,Topeka,Kansas,KS,,,2025,125795,197103.4,0.09,-0.5,0.61,4.78,7.44,358,2.85,237.74,5347.0,-0.13,207.83,6.99,1.43,97.1,12,54.41,54.05,55.29,54.5,54.43,54.34,54.33,54.4,982,1142,1091,1117,1083.0,160,61.04,982,1048,18,19,2026-09-19 22:18:21.483951+00:00
US-1759000,Peoria,Illinois,IL,,,2025,110920,134805.91,-0.02,-1.75,8.25,7.75,8.61,36,0.32,0.0,5214.0,-4.08,283.33,12.06,2.02,97.42,12,56.13,44.83,73.94,56.63,55.41,52.59,52.83,54.36,789,1048,1248,1254,1084.75,465,189.81,789,1049,110,114,2026-09-19 22:18:21.483951+00:00
US-3913190,Centerville,Ohio,OH,,,2025,25194,386648.26,0.51,2.87,4.24,5.36,6.94,312,12.38,16.85,1173.0,1.38,60.42,29.7,1.89,98.51,12,63.82,60.27,16.78,50.82,55.7,54.81,57.52,54.71,1398,1025,1054,863,1085.0,535,194.82,1398,1050,115,89,2026-09-19 22:18:21.483951+00:00
US-0668028,San Juan Capistrano,California,CA,,,2025,35119,1305684.05,-0.18,-0.04,0.59,5.01,9.34,14,0.4,-22.22,973.0,-11.71,82.83,13.08,3.13,98.91,12,65.51,36.15,71.72,56.79,57.63,50.29,52.92,54.41,771,850,1473,1247,1085.25,702,287.49,771,1051,43,67,2026-09-19 22:18:21.483951+00:00
US-0422220,El Mirage,Arizona,AZ,,,2025,35820,342423.04,-1.24,-0.37,-3.79,-1.87,6.57,4,0.11,33.33,838.0,5.81,73.5,23.88,3.25,99.07,12,44.63,58.85,68.85,55.66,52.53,56.08,53.45,54.43,878,1322,948,1195,1085.75,444,180.2,878,1052,5,8,2026-09-19 22:18:21.483951+00:00
US-5365205,Snoqualmie,Washington,WA,,,2025,13640,1103404.89,0.22,-3.08,-0.57,3.09,8.15,10,0.73,233.33,451.0,-2.59,17.5,66.67,1.41,99.4,12,48.93,63.65,45.62,53.25,52.85,56.53,55.22,54.46,1120,1295,897,1033,1086.25,398,144.37,1120,1053,30,32,2026-09-19 22:18:21.483951+00:00
US-3974104,Springdale,Ohio,OH,,,2025,11134,236300.06,-0.16,1.19,1.75,4.87,7.27,0,0.0,,227.0,-24.33,13.5,27.56,2.22,98.97,12,60.71,40.63,72.65,56.67,56.47,51.45,52.86,54.36,785,949,1362,1251,1086.75,577,230.63,785,1054,71,90,2026-09-19 22:18:21.483951+00:00
US-1829520,Greenfield,Indiana,IN,,,2025,26544,288329.45,0.97,12.72,2.26,2.65,7.38,295,11.11,45.32,1161.0,-9.86,78.92,15.35,2.52,97.89,12,82.34,36.19,28.14,52.64,60.37,48.83,56.15,54.5,1192,601,1592,964,1087.25,991,359.64,1192,1055,42,39,2026-09-19 22:18:21.483951+00:00
US-5339335,Liberty Lake,Washington,WA,,,2025,14029,566077.84,5.13,15.6,0.34,-0.31,5.93,207,14.76,-48.38,973.0,-2.31,62.08,20.55,2.33,99.29,12,65.8,56.04,21.56,51.32,56.24,53.8,56.98,54.58,1346,970,1141,899,1089.0,447,172.49,1346,1056,42,33,2026-09-19 22:18:21.483951+00:00
US-4652980,Rapid City,South Dakota,SD,,,2025,80589,360183.33,0.56,7.53,2.01,2.73,7.62,326,4.05,-62.36,2939.0,-0.47,367.67,20.91,4.6,98.05,12,80.03,34.21,38.27,53.55,60.02,48.56,55.23,54.34,1081,623,1625,1032,1090.25,1002,356.29,1081,1057,4,4,2026-09-19 22:18:21.483951+00:00
US-3734200,Jacksonville,North Carolina,NC,,,2025,72732,258880.34,0.1,-0.58,3.5,4.93,8.8,87,1.2,8.75,2055.0,-11.46,121.42,9.55,2.18,98.4,12,62.46,41.54,65.4,55.87,56.62,51.39,53.34,54.31,862,934,1371,1200,1091.75,509,204.55,862,1058,22,29,2026-09-19 22:18:21.483951+00:00
US-1743939,Lisle,Illinois,IL,,,2025,23432,421810.2,-0.08,-0.97,5.02,6.41,5.92,48,2.05,336.36,764.0,5.38,47.33,1.79,2.3,99.77,12,33.72,71.96,63.94,54.66,49.73,59.29,53.95,54.41,969,1563,693,1146,1092.75,870,315.87,969,1059,130,115,2026-09-19 22:18:21.483951+00:00
US-5320750,Edmonds,Washington,WA,,,2025,42748,926330.45,0.06,-0.19,-0.7,2.83,6.58,37,0.87,-27.45,1589.0,-6.75,64.92,32.94,1.48,100.62,12,45.85,64.22,51.46,53.68,52.21,56.8,54.68,54.34,1064,1358,873,1079,1093.5,485,172.96,1064,1060,28,34,2026-09-19 22:18:21.483951+00:00
US-2686000,Westland,Michigan,MI,,,2025,82333,212851.4,-0.15,-3.28,3.89,5.07,6.57,27,0.33,-53.45,2849.0,-0.9,100.58,9.43,1.27,99.7,12,32.62,68.2,76.13,55.95,49.82,58.71,52.98,54.36,849,1554,731,1240,1093.5,823,325.85,849,1061,33,37,2026-09-19 22:18:21.483951+00:00
US-0423620,Flagstaff,Arizona,AZ,,,2025,77260,659881.63,-0.06,0.24,1.24,3.03,8.63,485,6.28,-13.7,2605.0,7.42,255.25,29.73,3.6,98.56,12,65.39,54.84,25.23,51.66,56.2,53.56,56.62,54.51,1305,975,1168,929,1094.25,376,151.15,1305,1062,11,9,2026-09-19 22:18:21.483951+00:00
US-3673000,Syracuse,New York,NY,,,2025,144896,213681.34,-0.35,-2.17,4.72,8.64,9.15,1160,8.01,300.0,3290.0,-9.12,224.33,-4.23,2.52,102.52,12,56.3,55.52,46.03,53.46,54.53,54.33,54.92,54.31,1096,1132,1092,1059,1094.75,73,25.86,1096,1063,36,34,2026-09-19 22:18:21.483951+00:00
US-0885485,Windsor,Colorado,CO,,,2025,43840,585538.44,4.69,31.93,-1.61,-0.93,4.44,810,18.48,29.39,3012.0,17.29,340.25,8.53,4.22,99.26,12,55.28,63.19,30.67,51.9,53.96,55.94,56.38,54.55,1285,1190,961,945,1095.25,340,146.27,1285,1064,7,6,2026-09-19 22:18:21.483951+00:00
US-2749138,Otsego,Minnesota,MN,,,2025,24525,428544.8,2.66,21.57,0.89,1.44,4.71,275,11.21,13.17,1410.0,7.06,117.08,16.5,3.1,99.3,12,56.47,63.42,27.02,51.54,54.14,55.87,56.65,54.55,1318,1171,968,925,1095.5,393,158.53,1318,1065,50,35,2026-09-19 22:18:21.483951+00:00
US-0639003,La Cañada Flintridge,California,CA,,,2025,19480,2428311.78,-0.66,-4.98,-0.31,4.88,6.29,22,1.13,-43.59,570.0,17.53,37.5,20.32,2.63,102.81,12,24.3,84.68,56.99,53.61,47.32,62.41,54.74,54.52,1071,1767,479,1071,1097.0,1288,456.12,1071,1066,69,68,2026-09-19 22:18:21.483951+00:00
US-1835302,Huntington,Indiana,IN,,,2025,17167,195380.98,0.63,0.89,3.31,6.08,8.18,15,0.87,-54.55,695.0,-10.78,40.0,10.09,2.11,97.04,12,66.4,36.36,68.01,56.29,57.63,50.12,53.04,54.27,817,851,1488,1234,1097.5,671,278.64,817,1067,30,40,2026-09-19 22:18:21.483951+00:00
US-4659020,Sioux Falls,South Dakota,SD,,,2025,213748,330631.98,1.84,10.49,1.13,2.37,6.27,1834,8.58,-13.45,8238.0,1.48,805.5,-0.83,3.72,98.6,12,66.8,45.59,43.46,53.54,56.94,51.63,54.92,54.26,1083,907,1343,1060,1098.25,436,156.66,1083,1068,5,5,2026-09-19 22:18:21.483951+00:00
US-0629504,Gilroy,California,CA,,,2025,60764,1057289.82,1.35,2.21,-3.14,1.33,4.89,12,0.2,-92.16,1001.0,-3.84,68.33,0.99,2.55,100.55,12,38.59,58.53,84.56,57.06,51.47,56.45,52.16,54.28,751,1405,903,1337,1099.0,654,278.3,751,1069,40,69,2026-09-19 22:18:21.483951+00:00
US-0678120,Temecula,California,CA,,,2025,114865,756945.62,1.58,4.35,-1.97,1.73,7.08,195,1.7,-48.68,3184.0,-4.01,290.25,65.31,3.33,99.55,12,68.95,46.45,36.16,52.88,57.28,51.66,55.55,54.34,1167,880,1342,1008,1099.25,462,173.14,1167,1070,79,70,2026-09-19 22:18:21.483951+00:00
US-4065300,Sand Springs,Oklahoma,OK,,,2025,20397,236048.13,0.17,2.27,4.43,3.79,6.98,24,1.18,-42.86,861.0,-1.03,62.17,28.62,2.71,98.33,12,62.12,47.44,50.75,54.14,56.01,52.34,54.38,54.22,1016,992,1278,1114,1100.0,286,112.47,1016,1071,9,9,2026-09-19 22:18:21.483951+00:00
US-0625380,Fountain Valley,California,CA,,,2025,55508,1335780.43,-0.46,-2.58,1.81,6.74,9.33,358,6.45,1054.84,969.0,-3.0,52.08,32.7,2.04,101.44,12,54.58,66.75,23.3,51.02,53.54,56.58,56.93,54.52,1378,1229,892,903,1100.5,486,209.76,1378,1072,112,71,2026-09-19 22:18:21.483951+00:00
US-0677000,Sunnyvale,California,CA,,,2025,156577,2050213.12,0.74,0.86,-0.44,3.87,5.07,139,0.89,-33.49,2526.0,-0.67,94.75,26.19,1.44,107.13,12,33.86,75.28,54.96,53.63,49.45,59.81,54.61,54.37,1070,1587,657,1088,1100.5,930,329.57,1070,1073,68,72,2026-09-19 22:18:21.483951+00:00
US-3807200,Bismarck,North Dakota,ND,,,2025,77963,366837.87,0.88,5.73,5.2,4.08,5.37,260,3.33,10.17,3028.0,2.51,220.5,-7.74,2.73,98.53,12,51.5,54.36,60.87,54.84,53.76,54.48,53.72,54.2,946,1209,1082,1173,1102.5,263,101.52,946,1074,2,2,2026-09-19 22:18:21.483951+00:00
US-0633434,Hesperia,California,CA,,,2025,102605,457766.01,0.43,2.67,-1.44,1.82,7.16,559,5.45,74.69,2832.0,3.77,332.33,35.74,4.33,99.85,12,65.66,54.76,24.14,51.47,56.16,53.44,56.6,54.42,1326,976,1178,930,1102.5,396,159.23,1326,1075,101,73,2026-09-19 22:18:21.483951+00:00
US-2918253,Dardenne Prairie,Missouri,MO,,,2025,15032,469039.0,4.72,17.62,0.76,2.8,6.14,83,5.52,-67.95,451.0,-16.79,33.67,7.16,2.93,100.05,12,68.57,43.29,44.55,53.72,57.38,51.06,54.79,54.24,1062,872,1408,1068,1102.5,536,193.19,1062,1076,39,36,2026-09-19 22:18:21.483951+00:00
US-3947754,Marion,Ohio,OH,,,2025,35587,165826.34,0.23,-1.3,5.09,7.05,8.83,8,0.22,33.33,1282.0,-2.88,90.92,6.23,2.62,96.8,12,59.17,38.92,80.42,57.4,56.28,51.22,52.18,54.27,724,963,1392,1335,1103.5,668,274.13,724,1077,66,91,2026-09-19 22:18:21.483951+00:00
US-1776199,Troy,Illinois,IL,,,2025,11893,324799.07,0.73,4.02,5.97,5.11,6.69,173,14.55,226.42,465.0,-7.92,31.33,1.62,2.5,99.99,12,63.24,51.87,36.84,52.66,55.87,53.03,55.48,54.26,1190,1003,1209,1015,1104.25,206,95.58,1190,1078,140,116,2026-09-19 22:18:21.483951+00:00
US-0428380,Goodyear,Arizona,AZ,,,2025,125359,467233.63,6.54,28.21,-2.17,-1.63,5.82,2209,17.62,-30.86,6497.0,26.47,788.92,33.49,4.52,98.56,12,66.52,58.65,12.43,50.24,56.05,54.08,57.57,54.48,1454,990,1115,859,1104.5,595,221.16,1454,1079,12,10,2026-09-19 22:18:21.483951+00:00
US-4541335,Lexington,South Carolina,SC,,,2025,25729,303233.09,1.2,8.47,0.38,1.23,6.92,67,2.6,-60.12,1276.0,-10.83,95.42,22.85,2.73,98.64,12,73.75,38.1,43.66,53.75,58.54,49.63,54.7,54.16,1060,755,1528,1076,1104.75,773,275.81,1060,1080,20,23,2026-09-19 22:18:21.483951+00:00
US-0612552,Cerritos,California,CA,,,2025,46367,1069624.04,-0.98,-6.12,1.51,4.92,6.63,1,0.02,0.0,712.0,6.27,43.25,39.89,2.23,100.36,12,29.07,77.01,62.79,54.28,48.51,60.49,54.01,54.32,1005,1674,606,1142,1106.75,1068,382.14,1005,1081,65,74,2026-09-19 22:18:21.483951+00:00
US-3459640,Pleasantville,New Jersey,NJ,,,2025,20853,242620.28,-0.17,1.34,1.8,8.71,11.39,2,0.1,-89.47,368.0,-13.82,50.67,12.59,5.31,99.26,12,72.13,26.26,78.37,57.64,59.31,47.84,52.11,54.22,707,679,1703,1340,1107.25,1024,433.79,707,1082,84,90,2026-09-19 22:18:21.483951+00:00
US-0658520,Poway,California,CA,,,2025,49180,1203645.6,0.2,0.81,-3.86,3.67,7.81,75,1.53,19.05,1108.0,2.03,94.75,70.46,3.18,98.69,12,63.73,50.93,37.44,52.68,55.95,52.75,55.34,54.18,1187,996,1229,1024,1109.0,233,100.6,1187,1083,83,75,2026-09-19 22:18:21.483951+00:00
US-1601990,Ammon,Idaho,ID,,,2025,20119,417312.85,-0.03,12.54,0.58,0.74,6.41,361,17.94,88.02,852.0,13.45,68.5,20.18,3.02,,12,70.5,50.89,20.96,51.25,57.19,52.28,56.72,54.36,1352,888,1281,918,1109.75,464,208.54,1352,1084,21,21,2026-09-19 22:18:21.483951+00:00
US-5161832,Petersburg,Virginia,VA,,,2025,33734,245423.76,-0.87,1.01,-0.52,0.69,10.73,95,2.82,-29.63,1469.0,-5.04,116.0,12.8,3.0,98.27,12,70.59,38.61,50.52,54.38,57.98,49.99,54.19,54.13,993,817,1500,1129,1109.75,683,251.0,993,1085,11,15,2026-09-19 22:18:21.483951+00:00
US-5182000,Virginia Beach,Virginia,VA,,,2025,453737,420239.16,-0.01,-1.28,2.21,4.3,5.87,436,0.96,-34.53,18169.0,6.86,925.58,26.27,1.87,99.78,12,31.62,77.76,54.21,53.42,48.85,60.39,54.64,54.32,1101,1647,614,1082,1111.0,1033,365.8,1101,1086,12,16,2026-09-19 22:18:21.483951+00:00
US-4832984,Heath,Texas,TX,,,2025,11671,716716.78,1.73,19.78,-0.91,0.22,7.43,148,12.68,49.49,624.0,12.23,162.25,41.19,9.67,96.62,12,85.15,39.79,10.89,50.71,60.4,49.06,57.31,54.37,1405,597,1568,878,1112.0,971,391.72,1405,1087,36,18,2026-09-19 22:18:21.483951+00:00
US-1831000,Hammond,Indiana,IN,,,2025,75712,177932.97,-0.4,-2.63,0.75,3.58,7.62,20,0.26,11.11,2012.0,2.13,134.92,6.16,2.47,97.63,12,47.02,51.34,79.88,56.75,53.25,54.33,52.25,54.14,776,1258,1093,1325,1113.0,549,212.1,776,1088,28,41,2026-09-19 22:18:21.483951+00:00
US-2935000,Independence,Missouri,MO,,,2025,121675,207308.58,-0.22,-0.97,1.98,3.53,7.17,140,1.15,150.0,5121.0,-2.83,313.5,6.24,2.25,98.83,12,49.52,53.01,68.48,55.48,53.41,54.28,52.98,54.04,890,1236,1098,1239,1115.75,349,142.24,890,1089,36,37,2026-09-19 22:18:21.483951+00:00
US-2754880,Rochester,Minnesota,MN,,,2025,124292,337184.01,0.88,2.22,3.57,2.91,5.05,448,3.6,-59.93,5220.0,4.74,293.42,12.06,2.13,99.57,12,39.79,71.7,47.41,52.87,50.51,58.49,54.92,54.2,1169,1490,744,1061,1116.0,746,266.5,1169,1090,40,36,2026-09-19 22:18:21.483951+00:00
US-3767420,Thomasville,North Carolina,NC,,,2025,27733,235552.8,0.32,2.43,1.61,3.94,7.55,63,2.27,-7.35,976.0,-3.37,70.42,10.89,2.66,97.02,12,68.59,38.56,55.41,54.78,57.6,50.09,53.76,54.06,953,853,1491,1169,1116.5,638,244.53,953,1091,26,30,2026-09-19 22:18:21.483951+00:00
US-5347735,Mukilteo,Washington,WA,,,2025,21239,923907.26,-0.01,-1.26,-0.31,3.19,7.26,20,0.94,1900.0,680.0,1.34,38.25,50.0,2.06,99.15,12,48.97,63.49,44.19,52.86,52.61,56.24,55.03,54.18,1171,1315,929,1053,1117.0,386,142.79,1171,1092,32,35,2026-09-19 22:18:21.483951+00:00
US-0634120,Hollister,California,CA,,,2025,45695,759021.17,1.47,9.15,-2.14,-1.12,2.65,155,3.39,31.36,837.0,10.13,79.0,-2.87,3.54,99.5,12,41.89,64.65,58.66,54.05,51.23,56.92,53.81,54.0,1025,1419,860,1164,1117.0,559,204.89,1025,1093,66,76,2026-09-19 22:18:21.483951+00:00
US-5323795,Fife,Washington,WA,,,2025,11061,557483.01,0.77,0.7,-1.04,1.26,5.18,0,0.0,,181.0,-8.59,7.17,11.69,1.39,100.66,12,33.96,62.73,84.87,56.75,50.23,57.42,52.0,54.1,775,1514,822,1358,1117.25,739,323.91,775,1094,16,36,2026-09-19 22:18:21.483951+00:00
US-4037800,Jenks,Oklahoma,OK,,,2025,28175,349852.85,0.93,7.94,2.28,1.69,6.09,129,4.58,7.5,1359.0,4.46,132.75,21.23,3.66,98.9,12,62.2,53.02,35.93,52.42,55.51,53.21,55.44,54.14,1222,1043,1191,1017,1118.25,205,89.4,1222,1095,12,10,2026-09-19 22:18:21.483951+00:00
US-2911656,Carthage,Missouri,MO,,,2025,15895,235471.11,1.21,2.02,1.51,4.97,8.13,51,3.21,-47.42,546.0,9.2,49.42,35.08,3.34,90.99,12,71.38,44.83,33.01,52.49,57.66,51.02,55.59,54.19,1215,845,1412,1003,1118.75,567,214.24,1215,1096,44,38,2026-09-19 22:18:21.483951+00:00
US-3502000,Albuquerque,New Mexico,NM,,,2025,556588,342029.12,-0.41,-1.45,1.37,3.73,7.63,1417,2.55,28.94,18415.0,4.54,1375.75,17.41,2.73,98.64,12,51.98,58.49,48.24,53.32,53.37,55.0,54.53,54.06,1110,1243,1033,1094,1120.0,210,76.61,1110,1097,3,3,2026-09-19 22:18:21.483951+00:00
US-4833560,Hidalgo,Texas,TX,,,2025,15376,192775.47,1.66,9.81,-0.44,2.57,7.03,131,8.52,-10.27,241.0,10.05,55.33,28.68,8.91,98.16,12,76.42,44.23,21.63,51.46,58.54,50.5,56.45,54.24,1329,756,1459,939,1120.75,703,284.54,1329,1098,30,19,2026-09-19 22:18:21.483951+00:00
US-5323515,Federal Way,Washington,WA,,,2025,99729,594594.11,0.39,-1.25,-1.56,1.55,5.63,136,1.36,338.71,2297.0,7.39,125.25,11.25,1.97,99.6,12,29.17,76.68,62.31,54.09,48.4,60.27,53.87,54.16,1022,1686,619,1156,1120.75,1067,381.53,1022,1099,27,37,2026-09-19 22:18:21.483951+00:00
US-3904920,Bedford Heights,Ohio,OH,,,2025,10691,196081.63,-0.27,-2.77,8.02,7.04,8.12,0,0.0,,233.0,0.87,15.17,38.93,2.39,98.24,12,49.88,53.18,66.69,55.24,53.39,54.22,53.05,53.97,914,1238,1103,1233,1122.0,324,131.72,914,1100,84,92,2026-09-19 22:18:21.483951+00:00
US-1238950,Lake Wales,Florida,FL,,,2025,18650,246458.72,4.86,14.52,-4.18,-0.96,7.18,339,18.18,-19.29,1013.0,12.81,158.92,26.38,5.93,96.54,12,81.0,41.51,16.32,51.01,59.45,49.58,56.76,54.2,1379,664,1530,915,1122.0,866,348.25,1379,1101,45,18,2026-09-19 22:18:21.483951+00:00
US-0611194,Carlsbad,California,CA,,,2025,112260,1931795.96,-0.85,-2.32,4.54,6.61,11.41,350,3.12,21.11,3373.0,3.02,245.58,25.62,2.64,98.86,12,55.51,58.68,38.99,52.49,53.98,54.77,55.28,54.13,1216,1188,1057,1029,1122.5,187,80.72,1216,1102,87,77,2026-09-19 22:18:21.483951+00:00
US-4943660,Layton,Utah,UT,,,2025,85308,522981.02,1.07,3.91,2.23,1.5,6.62,488,5.72,12.18,2153.0,4.87,186.83,40.56,3.25,99.24,12,62.32,58.84,21.29,50.85,55.12,54.25,56.65,54.22,1394,1079,1102,926,1125.25,468,169.27,1394,1103,28,24,2026-09-19 22:18:21.483951+00:00
US-0659451,Rancho Cucamonga,California,CA,,,2025,177856,785582.3,0.48,1.83,-1.13,2.3,6.29,617,3.47,87.54,3457.0,8.81,281.08,45.89,2.96,99.5,12,51.1,67.93,27.54,51.1,52.61,56.82,56.32,54.21,1368,1314,869,952,1125.75,499,218.08,1368,1104,110,78,2026-09-19 22:18:21.483951+00:00
US-3978932,University Heights,Ohio,OH,,,2025,13200,283335.9,-0.23,-5.03,4.59,6.81,8.69,10,0.76,233.33,705.0,1.73,40.75,38.14,2.26,99.29,12,46.47,63.29,50.24,53.3,52.08,56.29,54.42,54.02,1112,1366,923,1107,1127.0,443,157.61,1112,1105,102,93,2026-09-19 22:18:21.483951+00:00
US-2005337,Bel Aire,Kansas,KS,,,2025,10287,278544.71,2.66,23.82,-1.59,2.29,6.08,146,14.19,16.8,571.0,-4.67,50.58,-15.69,3.33,99.08,12,69.23,42.02,44.46,53.51,57.35,50.55,54.51,53.98,1088,875,1454,1098,1128.75,579,207.84,1088,1106,20,20,2026-09-19 22:18:21.483951+00:00
US-0600947,Aliso Viejo,California,CA,,,2025,49844,982353.58,-0.87,-4.3,-1.23,4.67,8.85,0,0.0,,1086.0,-8.89,66.42,22.8,2.26,99.79,12,47.11,52.36,75.94,56.16,53.01,54.32,52.36,53.96,831,1283,1095,1307,1129.0,476,190.63,831,1107,48,79,2026-09-19 22:18:21.483951+00:00
US-1733383,Harvey,Illinois,IL,,,2025,19849,106876.01,0.27,-1.97,-6.66,-0.7,7.41,0,0.0,-100.0,505.0,13.74,84.08,3.38,6.2,97.61,12,47.85,45.55,91.63,57.99,53.72,53.15,51.19,54.01,681,1213,1197,1427,1129.5,746,274.4,681,1108,95,117,2026-09-19 22:18:21.483951+00:00
US-0427400,Gilbert,Arizona,AZ,,,2025,287285,568056.01,0.05,6.63,-2.44,-0.43,6.4,1043,3.63,-43.86,9607.0,7.03,930.25,32.96,3.56,98.0,12,64.99,51.25,32.33,52.02,55.97,52.53,55.54,54.02,1270,994,1255,1009,1132.0,276,130.72,1270,1109,9,11,2026-09-19 22:18:21.483951+00:00
US-5337900,Lake Stevens,Washington,WA,,,2025,42091,706444.17,2.14,7.67,-1.58,2.46,6.92,274,6.51,114.06,1504.0,-13.66,93.17,66.87,2.23,99.83,12,72.96,50.1,15.19,50.52,57.44,51.72,56.9,54.14,1424,868,1333,905,1132.5,556,248.44,1424,1110,47,38,2026-09-19 22:18:21.483951+00:00
US-5317635,Des Moines,Washington,WA,,,2025,33032,604934.13,0.38,0.43,-1.79,1.42,4.81,9,0.27,-72.73,996.0,2.79,56.58,6.59,2.07,99.55,12,29.91,68.77,79.39,55.88,48.99,58.71,52.35,53.98,857,1634,733,1308,1133.0,901,359.79,857,1111,18,39,2026-09-19 22:18:21.483951+00:00
US-1753871,Northlake,Illinois,IL,,,2025,12462,299366.3,-0.19,-2.86,1.85,5.16,6.78,0,0.0,,255.0,-7.27,16.5,-10.81,2.56,100.68,12,36.83,54.46,97.63,58.2,51.24,55.65,50.84,53.98,669,1417,991,1457,1133.5,788,324.46,669,1112,93,118,2026-09-19 22:18:21.483951+00:00
US-5175216,Staunton,Virginia,VA,,,2025,26801,306503.4,2.06,3.84,3.65,4.35,6.58,147,5.48,107.04,1256.0,-9.25,68.58,10.32,1.99,99.25,12,61.72,50.5,42.07,52.88,55.41,52.6,54.71,53.9,1165,1050,1245,1075,1133.75,195,77.17,1165,1113,15,17,2026-09-19 22:18:21.483951+00:00
US-3431920,Hillsdale,New Jersey,NJ,,,2025,10214,817044.62,0.03,0.95,6.85,8.0,7.21,59,5.78,-77.22,215.0,-2.71,18.0,11.34,3.63,106.22,12,59.0,54.07,40.43,52.63,54.74,53.51,54.93,53.95,1194,1112,1173,1058,1134.25,136,53.34,1194,1114,94,91,2026-09-19 22:18:21.483951+00:00
US-1757225,Palatine,Illinois,IL,,,2025,65842,376799.88,-0.15,-2.69,3.99,6.4,6.56,7,0.11,40.0,2636.0,-4.08,163.42,-1.8,2.27,100.27,12,34.82,59.96,88.43,57.02,50.4,56.69,51.49,53.9,756,1494,882,1407,1134.75,738,320.36,756,1115,105,119,2026-09-19 22:18:21.483951+00:00
US-2978154,Webster Groves,Missouri,MO,,,2025,23450,439623.21,-0.26,-2.28,4.83,5.07,5.98,11,0.47,-15.38,924.0,1.54,31.25,33.45,1.25,102.54,12,28.86,79.0,56.59,53.34,48.06,60.6,54.2,54.05,1108,1707,597,1128,1135.0,1110,392.88,1108,1116,41,39,2026-09-19 22:18:21.483951+00:00
US-0682954,Visalia,California,CA,,,2025,146541,394492.47,0.19,3.31,0.99,1.55,6.22,686,4.68,19.3,3799.0,3.88,255.58,30.51,2.47,99.03,12,55.11,62.8,29.27,51.34,53.54,55.46,55.99,54.08,1343,1228,1002,974,1136.75,369,154.52,1343,1117,105,80,2026-09-19 22:18:21.483951+00:00
US-2766460,Vadnais Heights,Minnesota,MN,,,2025,13052,368308.39,0.0,0.72,0.17,1.22,3.77,29,2.22,123.08,599.0,25.05,28.58,30.92,1.73,99.81,12,26.51,88.29,40.64,51.66,47.16,62.6,55.72,54.29,1304,1782,471,993,1137.5,1311,476.5,1304,1118,46,37,2026-09-19 22:18:21.483951+00:00
US-1245975,Miramar,Florida,FL,,,2025,142570,522711.44,0.8,5.99,-4.03,2.25,7.57,192,1.35,-57.24,2679.0,4.04,471.17,39.95,6.47,97.07,12,77.75,33.25,43.41,53.59,59.25,48.12,54.29,53.81,1075,685,1671,1122,1138.25,986,351.26,1075,1119,22,19,2026-09-19 22:18:21.483951+00:00
US-4702340,Atoka,Tennessee,TN,,,2025,10645,350863.49,0.19,5.86,1.47,2.69,7.18,37,3.48,-9.76,353.0,-5.87,33.92,6.54,3.58,98.39,12,73.56,33.87,52.63,54.44,58.52,48.59,53.61,53.79,987,763,1619,1187,1139.0,856,315.11,987,1120,17,22,2026-09-19 22:18:21.483951+00:00
US-3430210,Harrison,New Jersey,NJ,,,2025,22105,575053.02,0.34,13.46,2.5,3.99,3.79,65,2.94,-32.99,185.0,20.92,20.5,69.66,4.32,99.97,12,49.81,68.77,28.0,50.99,52.23,56.97,56.16,54.09,1383,1355,859,962,1139.75,524,232.34,1383,1121,99,92,2026-09-19 22:18:21.483951+00:00
US-0100820,Alabaster,Alabama,AL,,,2025,34748,301183.32,0.83,4.04,1.63,0.97,5.49,86,2.47,-19.63,1436.0,4.36,113.92,-2.22,2.95,98.52,12,48.74,55.33,63.19,54.66,52.88,54.53,53.15,53.81,970,1291,1075,1225,1140.25,321,125.65,970,1122,7,10,2026-09-19 22:18:21.483951+00:00
US-0603526,Bakersfield,California,CA,,,2025,422165,388632.53,0.67,4.19,-0.12,2.45,7.03,1648,3.9,-11.06,10767.0,-2.73,885.75,25.48,3.02,98.98,12,68.0,46.69,35.52,52.42,56.74,51.41,55.16,53.93,1221,928,1370,1044,1140.75,442,168.54,1221,1123,88,81,2026-09-19 22:18:21.483951+00:00
US-0851745,Montrose,Colorado,CO,,,2025,21583,464245.41,-0.12,5.84,2.04,2.73,7.66,165,7.64,6.45,1211.0,-8.19,107.75,-5.62,3.28,97.95,12,78.26,31.05,47.28,53.99,59.45,47.65,53.92,53.75,1033,665,1719,1150,1141.75,1054,378.29,1033,1124,5,7,2026-09-19 22:18:21.483951+00:00
US-1769758,Shorewood,Illinois,IL,,,2025,18536,409899.25,0.03,1.96,3.27,4.06,6.28,26,1.4,-16.13,678.0,-9.96,44.58,-5.98,2.48,99.68,12,51.55,48.68,72.59,55.8,53.84,53.13,52.36,53.78,866,1204,1202,1306,1144.5,440,166.2,866,1125,120,120,2026-09-19 22:18:21.483951+00:00
US-4934970,Herriman,Utah,UT,,,2025,63282,603961.15,1.51,12.58,2.11,1.04,6.09,621,9.81,40.82,2437.0,7.5,269.08,42.12,4.05,99.36,12,65.97,57.9,12.91,49.88,55.59,53.57,57.03,54.02,1487,1033,1166,897,1145.75,590,218.78,1487,1126,32,25,2026-09-19 22:18:21.483951+00:00
US-2938000,Kansas City,Missouri,MO,,,2025,521220,250485.51,0.91,2.58,0.83,3.3,6.4,1869,3.59,-35.06,20985.0,-0.73,1615.5,4.46,2.84,99.02,12,55.85,51.57,53.61,53.79,54.23,53.16,53.7,53.72,1056,1161,1196,1176,1147.25,140,54.13,1056,1127,38,40,2026-09-19 22:18:21.483951+00:00
US-1734514,Hickory Hills,Illinois,IL,,,2025,14101,330814.31,-0.11,-2.45,4.34,5.09,6.46,6,0.43,100.0,406.0,13.09,29.67,11.6,2.74,98.46,12,34.49,66.02,72.65,55.07,49.68,57.56,52.5,53.7,929,1570,803,1288,1147.5,767,301.94,929,1128,125,121,2026-09-19 22:18:21.483951+00:00
US-0645022,Madera,California,CA,,,2025,69017,420048.14,-0.09,3.66,1.95,2.77,6.94,99,1.43,-28.26,977.0,-1.91,87.75,65.83,3.27,99.24,12,65.89,47.52,38.18,52.53,56.22,51.63,54.85,53.81,1209,971,1345,1066,1147.75,374,141.94,1209,1129,85,82,2026-09-19 22:18:21.483951+00:00
US-2708794,Burnsville,Minnesota,MN,,,2025,65244,366309.42,0.45,1.13,1.79,1.78,4.28,2,0.03,-99.1,1959.0,-0.96,103.42,9.15,1.91,99.88,12,30.69,65.94,83.55,56.24,49.19,58.01,51.84,53.82,823,1622,775,1371,1147.75,847,360.26,824,1130,24,38,2026-09-19 22:18:21.483951+00:00
US-4833848,Highland Village,Texas,TX,,,2025,16029,589054.18,-0.77,0.49,-2.93,0.43,6.67,1,0.06,-66.67,589.0,1.03,47.0,26.46,2.92,98.71,12,50.0,51.64,68.54,55.21,53.27,53.68,52.59,53.69,917,1253,1153,1274,1149.25,357,141.67,917,1131,13,20,2026-09-19 22:18:21.483951+00:00
US-3419840,Eatontown,New Jersey,NJ,,,2025,13607,620337.25,0.27,0.46,3.2,5.61,8.44,26,1.91,13.04,346.0,-3.35,28.0,49.33,3.09,99.46,12,65.59,48.81,35.81,52.27,56.09,51.89,55.06,53.83,1242,985,1319,1052,1149.5,334,135.88,1242,1132,95,93,2026-09-19 22:18:21.483951+00:00
US-1758447,Pekin,Illinois,IL,,,2025,31277,138832.12,-0.15,-1.65,8.91,7.8,7.54,7,0.22,0.0,1288.0,-1.23,56.58,24.36,1.61,97.7,12,49.83,52.81,65.84,54.87,53.12,53.87,52.77,53.66,942,1273,1129,1260,1151.0,331,133.16,942,1133,127,122,2026-09-19 22:18:21.483951+00:00
US-3951716,Montgomery,Ohio,OH,,,2025,10922,672676.11,0.06,0.73,4.04,6.51,7.42,90,8.24,542.86,365.0,0.55,32.92,21.91,3.42,100.68,12,59.93,58.32,26.74,51.07,54.47,54.07,55.89,53.87,1374,1136,1118,981,1152.25,393,141.37,1374,1134,113,94,2026-09-19 22:18:21.483951+00:00
US-4154900,Ontario,Oregon,OR,,,2025,11957,302712.79,-0.35,1.58,0.81,0.64,7.91,59,4.93,168.18,316.0,7.12,44.83,1.51,5.33,97.27,12,68.0,40.14,50.44,53.86,57.01,50.04,53.71,53.66,1046,898,1496,1175,1153.75,598,220.57,1046,1135,3,6,2026-09-19 22:18:21.483951+00:00
US-3914184,Chillicothe,Ohio,OH,,,2025,21815,199551.14,0.12,-1.03,2.98,5.81,6.55,17,0.78,-5.56,894.0,2.52,63.33,12.76,2.6,99.26,12,41.57,60.85,66.92,54.66,51.16,55.98,52.78,53.64,971,1430,956,1259,1154.0,474,199.93,971,1136,91,95,2026-09-19 22:18:21.483951+00:00
US-1783245,Woodridge,Illinois,IL,,,2025,34028,404034.9,0.24,-0.24,3.64,5.44,5.87,105,3.09,75.0,1094.0,13.84,77.33,32.38,2.63,100.22,12,36.56,79.42,35.15,51.21,49.2,59.92,55.7,54.01,1357,1621,647,994,1154.75,974,368.08,1357,1137,147,123,2026-09-19 22:18:21.483951+00:00
US-0686832,Yorba Linda,California,CA,,,2025,65632,1378537.09,-0.84,-3.81,-0.39,4.61,8.22,29,0.44,-12.12,1870.0,-0.37,142.33,28.71,2.78,99.76,12,47.26,57.85,59.49,54.02,52.27,54.92,53.25,53.62,1027,1348,1041,1211,1156.75,321,132.05,1027,1138,67,83,2026-09-19 22:18:21.483951+00:00
US-1764343,River Grove,Illinois,IL,,,2025,10409,303637.58,-0.23,-1.55,0.91,4.64,5.91,0,0.0,,330.0,47.98,30.33,64.71,3.63,100.05,12,31.07,73.8,62.0,53.75,48.53,59.21,53.39,53.72,1059,1672,700,1197,1157.0,972,348.31,1059,1139,134,124,2026-09-19 22:18:21.483951+00:00
US-3134615,Norfolk,Nebraska,NE,,,2025,26677,254139.3,1.34,3.02,5.66,4.94,6.63,64,2.4,-75.29,928.0,4.5,72.83,14.25,2.96,96.87,12,60.07,47.78,51.62,53.65,55.11,52.04,53.69,53.63,1067,1082,1305,1178,1158.0,238,94.96,1067,1140,8,8,2026-09-19 22:18:21.483951+00:00
US-2635580,Grosse Pointe Woods,Michigan,MI,,,2025,15792,352558.72,-0.27,-3.8,5.25,4.74,5.83,3,0.19,0.0,792.0,8.34,39.42,8.49,1.87,99.34,12,22.08,76.22,79.56,55.4,46.94,60.48,52.19,53.75,900,1796,607,1332,1158.75,1189,449.3,900,1141,35,38,2026-09-19 22:18:21.483951+00:00
US-5335275,Kennewick,Washington,WA,,,2025,88366,429914.5,1.46,5.18,-0.2,1.1,5.19,530,6.0,-8.78,3405.0,14.65,352.17,17.03,3.77,99.46,12,48.95,66.19,35.02,51.5,52.03,56.34,55.32,53.8,1323,1372,915,1026,1159.0,457,193.32,1323,1142,40,40,2026-09-19 22:18:21.483951+00:00
US-5327925,Grandview,Washington,WA,,,2025,12062,337555.7,3.73,9.99,1.16,2.45,5.3,155,12.85,-6.63,742.0,42.69,85.67,36.52,4.29,99.73,12,56.08,67.94,12.94,49.44,53.16,56.13,57.1,53.96,1535,1268,942,895,1160.0,640,259.83,1535,1143,51,41,2026-09-19 22:18:21.483951+00:00
US-0603302,Avenal,California,CA,,,2025,13479,250095.13,-4.84,0.13,1.01,4.04,7.34,2,0.15,-71.43,129.0,67.53,23.5,39.6,6.95,97.68,12,56.42,48.38,59.24,54.31,54.43,52.42,53.09,53.56,1002,1141,1268,1230,1160.25,266,102.33,1002,1144,63,84,2026-09-19 22:18:21.483951+00:00
US-4715580,Clinton,Tennessee,TN,,,2025,10466,326758.32,0.35,4.26,2.63,6.66,9.43,48,4.59,45.45,374.0,-2.09,42.08,29.82,4.25,98.27,12,81.5,34.48,30.0,52.17,59.67,47.91,55.19,53.73,1254,657,1695,1038,1161.0,1038,375.15,1254,1145,26,23,2026-09-19 22:18:21.483951+00:00
US-3050200,Missoula,Montana,MT,,,2025,78903,568880.19,0.92,5.98,0.28,2.55,8.55,556,7.05,2.21,2421.0,5.54,306.58,23.37,4.68,,12,83.86,32.99,27.59,51.99,60.16,47.44,55.34,53.73,1274,613,1732,1025,1161.0,1119,405.47,1274,1146,5,5,2026-09-19 22:18:21.483951+00:00
US-0603820,Banning,California,CA,,,2025,31852,413614.58,0.01,6.83,-2.66,-0.27,5.8,367,11.52,382.89,1549.0,30.5,169.08,53.25,4.03,99.48,12,57.88,67.73,8.75,49.05,53.47,55.93,57.4,53.96,1580,1232,964,872,1162.0,708,275.19,1580,1147,131,85,2026-09-19 22:18:21.483951+00:00
US-0668154,San Luis Obispo,California,CA,,,2025,50636,1080025.8,1.61,7.32,3.34,4.06,6.37,184,3.63,-11.54,1263.0,-1.94,99.33,47.71,2.87,99.45,12,65.2,52.69,26.35,51.11,55.62,52.49,55.68,53.72,1366,1031,1260,995,1163.0,371,155.13,1366,1148,109,86,2026-09-19 22:18:21.483951+00:00
US-2771428,Woodbury,Minnesota,MN,,,2025,81558,459154.8,1.56,8.06,0.53,0.76,3.92,774,9.49,71.62,3698.0,3.5,233.42,-4.7,2.33,99.26,12,46.13,65.29,43.84,52.26,51.53,56.32,54.52,53.66,1244,1401,917,1096,1164.5,484,179.03,1244,1149,42,39,2026-09-19 22:18:21.483951+00:00
US-2759998,Shoreview,Minnesota,MN,,,2025,26906,409054.19,0.27,-0.02,0.9,1.5,3.87,35,1.3,-42.62,1095.0,3.99,43.42,4.41,1.44,100.14,12,23.65,78.75,68.36,54.11,46.89,60.66,52.91,53.64,1019,1803,590,1248,1165.0,1213,437.57,1019,1150,32,40,2026-09-19 22:18:21.483951+00:00
US-1254075,Palm Beach Gardens,Florida,FL,,,2025,63883,674614.03,1.56,7.83,-4.06,0.15,8.96,404,6.32,-40.32,4206.0,2.06,700.0,15.38,6.17,94.95,12,87.44,25.87,35.49,52.9,61.17,45.78,54.54,53.6,1163,545,1860,1093,1165.25,1315,467.07,1163,1151,32,20,2026-09-19 22:18:21.483951+00:00
US-3929162,Galion,Ohio,OH,,,2025,10370,169165.88,0.82,-0.69,7.09,6.22,8.97,1,0.1,0.0,354.0,-18.62,20.0,-4.38,2.09,96.73,12,62.32,30.35,89.75,57.99,56.85,48.85,50.68,53.59,680,918,1590,1474,1165.5,910,378.27,680,1152,61,96,2026-09-19 22:18:21.483951+00:00
US-1780047,Westchester,Illinois,IL,,,2025,16300,354831.37,-0.21,-3.15,5.58,5.63,6.41,0,0.0,,719.0,-1.78,47.75,7.5,2.45,100.66,12,31.05,62.99,88.49,56.59,49.25,57.24,51.17,53.56,791,1616,838,1429,1168.5,825,360.5,791,1153,111,125,2026-09-19 22:18:21.483951+00:00
US-4753460,Nolensville,Tennessee,TN,,,2025,15789,828452.01,0.31,12.48,1.61,1.15,8.5,55,3.48,-11.29,758.0,-16.15,86.0,21.13,4.32,98.16,12,89.69,21.45,40.38,53.48,61.82,44.76,54.05,53.53,1092,500,1945,1138,1168.75,1445,513.96,1092,1154,21,24,2026-09-19 22:18:21.483951+00:00
US-0603162,Atwater,California,CA,,,2025,32133,419835.87,-0.32,0.69,-0.34,1.3,5.77,4,0.12,-60.0,634.0,-1.55,39.75,4.61,2.32,99.05,12,39.79,55.58,84.12,56.4,51.18,55.12,51.33,53.51,811,1427,1025,1415,1169.5,616,262.67,811,1155,46,87,2026-09-19 22:18:21.483951+00:00
US-5625620,Evanston,Wyoming,WY,,,2025,11705,308025.63,0.01,-0.62,4.35,3.94,9.55,27,2.31,440.0,402.0,5.51,34.25,51.66,3.32,98.28,12,62.81,52.43,32.56,51.61,55.16,52.56,55.11,53.61,1309,1071,1252,1048,1170.0,261,112.62,1309,1156,3,2,2026-09-19 22:18:21.483951+00:00
US-1607840,Blackfoot,Idaho,ID,,,2025,13361,369668.28,1.02,7.72,3.82,1.25,6.81,62,4.64,-42.06,517.0,20.79,55.5,40.51,4.06,,12,71.5,46.73,24.63,51.11,57.04,50.85,55.67,53.67,1364,896,1426,997,1170.75,530,228.13,1364,1157,22,22,2026-09-19 22:18:21.483951+00:00
US-4846452,Mansfield,Texas,TX,,,2025,84444,446072.67,4.72,16.02,-2.21,-1.17,5.59,675,7.99,-61.01,3599.0,14.91,423.75,10.78,4.31,97.67,12,62.07,51.62,36.48,52.01,55.09,52.48,54.8,53.6,1272,1084,1261,1067,1171.0,205,95.77,1272,1158,27,21,2026-09-19 22:18:21.483951+00:00
US-4775320,Tullahoma,Tennessee,TN,,,2025,21279,292671.06,0.83,4.34,3.16,4.49,9.28,237,11.14,169.32,984.0,6.84,140.08,38.58,5.27,97.48,12,81.69,40.7,13.27,50.24,59.13,48.88,56.4,53.66,1455,702,1586,942,1171.25,884,362.38,1455,1159,28,25,2026-09-19 22:18:21.483951+00:00
US-0667112,San Jacinto,California,CA,,,2025,56014,481494.75,0.42,3.36,-1.87,0.62,7.14,281,5.02,31.92,1545.0,2.52,171.0,52.57,4.17,99.72,12,67.38,52.73,20.25,50.47,55.92,52.26,56.08,53.68,1429,1001,1288,968,1171.5,461,193.88,1429,1160,116,88,2026-09-19 22:18:21.483951+00:00
US-3904500,Beachwood,Ohio,OH,,,2025,13673,489279.76,-0.01,-2.52,6.49,6.67,7.6,12,0.88,9.09,424.0,4.95,28.17,4.32,2.47,96.61,12,47.37,52.34,72.47,55.38,52.62,53.87,52.11,53.5,903,1313,1130,1341,1171.75,438,175.05,903,1161,83,97,2026-09-19 22:18:21.483951+00:00
US-4901310,American Fork,Utah,UT,,,2025,41020,522753.59,-0.24,22.19,1.64,0.59,6.07,190,4.63,26.67,1371.0,-8.05,109.0,15.96,2.97,99.35,12,68.9,43.06,39.97,52.62,56.81,50.35,54.38,53.54,1196,924,1468,1113,1175.25,544,195.66,1196,1162,18,26,2026-09-19 22:18:21.483951+00:00
US-2706382,Blaine,Minnesota,MN,,,2025,76603,381169.43,1.69,8.71,1.69,1.15,3.98,134,1.75,-66.42,2882.0,-10.05,160.42,-0.16,2.06,99.95,12,47.09,54.44,67.35,54.73,52.33,54.17,52.42,53.41,961,1341,1106,1295,1175.75,380,152.08,961,1163,30,41,2026-09-19 22:18:21.483951+00:00
US-1957360,North Liberty,Iowa,IA,,,2025,21976,308125.83,1.25,7.19,3.75,2.94,5.0,520,23.66,288.06,1269.0,17.5,107.0,13.03,3.35,99.13,12,50.43,67.57,26.73,50.51,52.02,56.3,55.77,53.65,1426,1375,919,988,1177.0,507,225.55,1426,1164,8,4,2026-09-19 22:18:21.483951+00:00
US-1879370,Wabash,Indiana,IN,,,2025,10190,178482.99,-0.34,-2.24,4.96,6.53,7.86,10,0.98,100.0,474.0,-0.42,29.67,-5.57,2.33,97.39,12,50.24,47.61,76.58,55.9,53.4,52.74,51.69,53.43,855,1237,1230,1390,1178.0,535,197.14,855,1165,32,42,2026-09-19 22:18:21.483951+00:00
US-1371604,Snellville,Georgia,GA,,,2025,22478,358450.08,-0.03,9.14,-3.69,-0.56,7.25,82,3.65,36.67,914.0,-0.65,106.25,30.77,4.26,98.16,12,78.3,35.96,33.12,52.18,58.82,48.24,54.73,53.49,1252,727,1662,1074,1178.75,935,336.88,1252,1166,32,29,2026-09-19 22:18:21.483951+00:00
US-5323620,Ferndale,Washington,WA,,,2025,17559,614624.18,5.26,15.99,0.14,1.85,6.04,123,7.0,48.19,583.0,2.28,52.25,58.33,3.24,99.32,12,66.95,55.37,14.21,49.71,55.57,52.67,56.47,53.6,1507,1036,1236,938,1179.25,569,217.58,1507,1167,49,42,2026-09-19 22:18:21.483951+00:00
US-2747068,North Mankato,Minnesota,MN,,,2025,14165,308860.01,-0.04,-0.94,5.96,4.55,6.01,45,3.18,18.42,592.0,18.16,36.33,18.8,2.35,99.11,12,34.92,76.73,43.76,51.76,48.79,59.24,54.62,53.6,1296,1653,697,1087,1183.25,956,346.08,1296,1168,45,42,2026-09-19 22:18:21.483951+00:00
US-1347196,Loganville,Georgia,GA,,,2025,17212,396254.35,1.49,20.87,-2.85,0.13,7.65,52,3.02,-28.77,768.0,-18.82,94.0,19.49,4.54,98.75,12,87.42,21.93,44.01,53.65,61.26,44.89,53.61,53.35,1068,539,1940,1186,1183.25,1401,500.25,1068,1169,24,30,2026-09-19 22:18:21.483951+00:00
US-3945556,Lyndhurst,Ohio,OH,,,2025,13522,236962.59,-0.47,-3.52,3.58,4.99,7.15,2,0.15,0.0,759.0,-10.92,36.0,8.0,1.74,100.23,12,39.09,57.19,81.09,55.93,50.82,55.35,51.44,53.38,852,1464,1008,1410,1183.5,612,260.13,852,1170,81,98,2026-09-19 22:18:21.483951+00:00
US-5528875,Germantown,Wisconsin,WI,,,2025,21050,453269.53,0.09,0.64,5.92,6.39,6.39,43,2.04,10.26,769.0,-5.53,52.5,-3.37,2.48,99.92,12,47.19,54.37,66.78,54.6,52.28,54.08,52.38,53.34,974,1345,1114,1302,1183.75,371,149.03,974,1171,69,75,2026-09-19 22:18:21.483951+00:00
US-1715833,Columbia,Illinois,IL,,,2025,10865,342489.39,-0.87,-1.58,5.89,5.74,6.4,10,0.92,-28.57,358.0,-1.92,17.42,-12.18,1.91,99.25,12,37.21,59.96,79.06,55.63,50.31,56.0,51.63,53.39,880,1509,954,1394,1184.25,629,271.59,880,1172,122,126,2026-09-19 22:18:21.483951+00:00
US-1205200,Belle Glade,Florida,FL,,,2025,17241,280164.69,-0.34,3.13,0.4,2.43,9.05,10,0.58,0.0,100.0,-4.76,10.17,12.96,4.3,95.31,12,78.81,20.77,69.44,56.15,59.99,45.48,51.76,53.35,832,628,1896,1382,1184.5,1268,494.77,832,1173,8,21,2026-09-19 22:18:21.483951+00:00
US-3947138,Mansfield,Ohio,OH,,,2025,47381,151917.17,-0.42,-0.24,5.86,7.08,8.76,35,0.74,-10.26,1515.0,-9.28,92.33,15.54,2.27,97.62,12,63.84,37.88,65.08,55.06,56.24,49.75,52.28,53.33,931,969,1520,1320,1185.0,589,245.78,931,1174,86,99,2026-09-19 22:18:21.483951+00:00
US-2669420,Romulus,Michigan,MI,,,2025,24547,204290.67,-0.06,-2.18,3.18,4.99,6.52,31,1.26,24.0,670.0,6.52,41.25,17.3,2.34,99.16,12,36.44,68.79,58.11,53.18,49.39,57.48,53.16,53.3,1130,1594,811,1221,1189.0,783,279.02,1130,1175,41,39,2026-09-19 22:18:21.483951+00:00
US-2767432,Waconia,Minnesota,MN,,,2025,14113,457036.88,2.14,8.23,-0.39,0.4,4.08,223,15.8,78.4,886.0,12.15,65.0,10.8,2.8,99.14,12,47.07,69.51,29.24,50.47,51.13,56.74,55.39,53.43,1431,1435,877,1018,1190.25,558,247.82,1431,1176,54,43,2026-09-19 22:18:21.483951+00:00
US-3735880,Kings Mountain,North Carolina,NC,,,2025,12117,244067.43,1.27,7.1,-1.07,1.17,6.57,89,7.35,-4.3,529.0,18.61,61.92,28.77,4.39,97.05,12,67.83,50.39,23.46,50.64,55.94,51.58,55.55,53.43,1414,997,1347,1007,1191.25,417,190.76,1414,1177,35,31,2026-09-19 22:18:21.483951+00:00
US-0642370,Loma Linda,California,CA,,,2025,25221,636022.28,-0.32,1.26,-0.19,2.16,6.07,117,4.64,58.11,493.0,58.52,42.33,63.87,3.33,99.77,12,45.87,74.28,20.59,49.49,50.6,57.7,56.13,53.48,1531,1478,795,965,1192.25,736,318.53,1531,1178,127,89,2026-09-19 22:18:21.483951+00:00
US-5513375,Cedarburg,Wisconsin,WI,,,2025,12916,541686.52,-0.27,5.89,2.11,4.08,5.16,38,2.94,5.56,348.0,-18.31,19.17,-0.86,2.09,102.06,12,50.14,53.77,59.95,53.86,52.7,53.61,52.75,53.23,1045,1308,1162,1261,1194.0,263,100.88,1045,1179,71,76,2026-09-19 22:18:21.483951+00:00
US-5347245,Moses Lake,Washington,WA,,,2025,27469,366902.12,1.76,8.01,0.41,1.44,6.6,149,5.42,-9.15,1165.0,5.62,142.33,44.01,4.54,98.97,12,69.05,50.17,20.81,50.38,56.15,51.43,55.73,53.42,1441,978,1367,991,1194.25,463,211.43,1441,1180,48,43,2026-09-19 22:18:21.483951+00:00
US-1775484,Tinley Park,Illinois,IL,,,2025,55140,326877.01,0.51,-1.24,2.48,4.15,6.23,98,1.78,-40.24,2524.0,6.77,171.0,7.77,2.53,99.27,12,35.85,67.86,61.65,53.5,49.32,57.32,52.83,53.25,1090,1604,833,1253,1195.0,771,279.6,1090,1181,136,127,2026-09-19 22:18:21.483951+00:00
US-0630658,Grand Terrace,California,CA,,,2025,12936,583490.97,-0.59,-1.66,-4.49,0.9,5.52,0,0.0,-100.0,283.0,9.69,18.67,28.0,2.44,99.54,12,26.01,73.89,72.41,54.36,47.33,59.3,52.19,53.3,994,1765,691,1330,1195.0,1074,399.23,994,1182,61,90,2026-09-19 22:18:21.483951+00:00
US-1753000,Niles,Illinois,IL,,,2025,30443,401193.86,1.58,-1.2,6.55,6.36,6.38,1,0.03,-99.57,970.0,-1.52,63.92,8.95,2.47,99.39,12,38.35,56.53,83.6,56.03,50.59,55.14,51.06,53.2,839,1479,1024,1439,1195.25,640,272.11,839,1183,118,128,2026-09-19 22:18:21.483951+00:00
US-3732640,Hope Mills,North Carolina,NC,,,2025,18324,262660.66,1.47,2.72,0.84,3.71,7.93,87,4.75,-41.61,876.0,-9.22,66.0,26.92,2.89,99.25,12,72.53,42.15,31.34,51.6,57.24,49.65,54.74,53.31,1311,883,1527,1070,1197.75,644,243.22,1311,1184,32,32,2026-09-19 22:18:21.483951+00:00
US-1740793,La Grange Park,Illinois,IL,,,2025,13453,472787.82,-0.16,-1.8,7.19,5.77,5.93,2,0.15,-33.33,442.0,-0.9,25.0,-9.09,2.1,99.56,12,30.12,62.5,90.02,56.43,48.82,56.91,50.68,53.21,810,1650,861,1472,1198.25,840,368.61,810,1185,115,129,2026-09-19 22:18:21.483951+00:00
US-3832060,Grand Forks,North Dakota,ND,,,2025,60365,291376.29,1.01,2.05,7.16,4.41,4.44,96,1.59,-10.28,1872.0,3.37,97.5,-9.58,1.93,98.58,12,35.56,63.85,72.27,54.64,49.55,56.63,51.96,53.2,972,1577,887,1361,1199.25,690,281.96,972,1186,3,3,2026-09-19 22:18:21.483951+00:00
US-4914290,Clinton,Utah,UT,,,2025,23797,494405.37,0.27,1.43,1.15,1.62,6.81,62,2.61,19.23,752.0,1.62,59.67,36.38,2.99,99.4,12,56.49,56.99,35.66,51.46,53.52,53.64,54.63,53.31,1328,1230,1157,1085,1200.0,243,89.94,1328,1187,26,27,2026-09-19 22:18:21.483951+00:00
US-0631393,Grover Beach,California,CA,,,2025,12456,770188.05,-0.49,-1.67,0.04,3.0,6.29,31,2.49,-78.62,407.0,23.33,24.42,28.51,2.37,99.08,12,34.65,77.85,40.53,51.24,48.49,59.29,54.67,53.42,1354,1677,692,1080,1200.75,985,361.84,1354,1188,107,91,2026-09-19 22:18:21.483951+00:00
US-1276658,West Park,Florida,FL,,,2025,15444,429312.37,-0.13,2.3,-4.26,2.99,8.68,5,0.32,-37.5,297.0,3.85,54.08,48.85,7.69,96.69,12,75.11,30.64,52.81,53.97,58.43,47.31,52.87,53.15,1035,773,1747,1250,1201.25,974,357.51,1035,1189,17,22,2026-09-19 22:18:21.483951+00:00
US-4006400,Bixby,Oklahoma,OK,,,2025,32766,332207.3,2.87,13.56,1.89,1.43,5.83,449,13.7,16.02,1924.0,22.0,212.58,54.7,4.08,98.62,12,63.77,60.94,7.25,48.65,54.44,53.74,56.84,53.42,1616,1140,1149,908,1203.25,708,257.14,1616,1190,20,11,2026-09-19 22:18:21.483951+00:00
US-5361115,Sammamish,Washington,WA,,,2025,66110,1597714.38,0.35,-1.98,-2.3,2.57,9.22,45,0.68,66.67,1993.0,-14.02,95.58,74.85,1.72,99.58,12,56.95,52.0,46.42,52.59,53.89,52.65,53.67,53.2,1201,1196,1239,1180,1204.0,59,21.64,1201,1191,34,44,2026-09-19 22:18:21.483951+00:00
US-4873316,Tomball,Texas,TX,,,2025,15768,363167.24,4.27,28.1,-0.87,-0.53,5.81,309,19.6,-10.43,851.0,12.12,97.58,10.79,4.19,97.36,12,66.4,49.45,28.83,51.07,55.68,51.44,55.01,53.3,1373,1027,1364,1054,1204.5,346,164.31,1373,1192,34,22,2026-09-19 22:18:21.483951+00:00
US-4947950,Mapleton,Utah,UT,,,2025,16275,722633.78,10.35,41.94,4.1,2.82,6.94,532,32.69,6.83,603.0,-1.79,85.17,6.68,5.32,98.62,12,80.67,33.29,32.17,51.96,59.18,47.34,54.5,53.24,1279,697,1745,1099,1205.0,1048,376.29,1279,1193,25,28,2026-09-19 22:18:21.483951+00:00
US-2921898,Ellisville,Missouri,MO,,,2025,10315,402022.51,-0.25,3.28,2.66,3.89,6.0,38,3.68,3700.0,390.0,-5.34,16.33,102.06,1.54,101.07,12,52.6,65.62,24.24,50.07,52.25,55.51,55.62,53.36,1474,1349,998,1001,1205.5,476,210.69,1474,1194,50,41,2026-09-19 22:18:21.483951+00:00
US-1841535,Lake Station,Indiana,IN,,,2025,12977,158099.47,-0.31,-2.13,-1.85,4.29,8.74,0,0.0,,448.0,-1.54,34.67,8.9,2.89,96.4,12,55.65,37.1,87.33,57.08,54.84,50.2,50.47,53.15,750,1104,1482,1492,1207.0,742,306.72,750,1195,25,43,2026-09-19 22:18:21.483951+00:00
US-2977416,Washington,Missouri,MO,,,2025,15906,300714.1,2.34,8.2,3.69,3.77,6.31,215,13.52,-6.52,645.0,-1.23,52.75,-17.47,3.17,98.45,12,65.39,43.93,44.77,52.72,55.86,50.49,53.67,53.19,1184,1005,1460,1181,1207.5,455,162.8,1184,1196,43,42,2026-09-19 22:18:21.483951+00:00
US-0808675,Brighton,Colorado,CO,,,2025,45395,501432.91,3.21,12.7,-3.14,-1.34,3.96,483,10.64,-33.56,2539.0,5.53,204.83,4.29,2.95,99.31,12,50.15,62.48,37.86,51.4,52.01,55.09,54.47,53.24,1335,1376,1028,1103,1210.5,348,148.12,1335,1197,8,8,2026-09-19 22:18:21.483951+00:00
US-1360340,Perry,Georgia,GA,,,2025,25699,272551.63,3.58,22.92,3.21,4.07,8.0,539,20.97,37.15,1967.0,-17.53,208.5,14.88,3.88,98.84,12,90.43,25.9,25.19,51.53,61.29,45.15,54.87,53.21,1320,538,1923,1064,1211.25,1385,498.34,1320,1198,34,31,2026-09-19 22:18:21.483951+00:00
US-1783271,Wood River,Illinois,IL,,,2025,10224,131048.27,-0.46,-1.98,2.52,4.59,5.58,5,0.49,150.0,430.0,-0.92,17.58,-14.57,1.55,99.91,12,25.73,67.9,86.8,55.76,47.54,58.08,50.81,53.05,869,1753,766,1459,1211.75,987,409.35,869,1199,121,130,2026-09-19 22:18:21.483951+00:00
US-2720618,Farmington,Minnesota,MN,,,2025,25425,398571.8,3.83,7.46,1.22,1.15,4.0,197,7.75,-47.04,1319.0,5.6,99.83,4.17,2.88,99.54,12,45.75,65.2,42.11,51.65,51.04,55.9,54.14,53.18,1306,1447,966,1130,1212.25,481,181.18,1306,1200,47,44,2026-09-19 22:18:21.483951+00:00
US-1777993,Villa Park,Illinois,IL,,,2025,21888,353290.61,-0.17,-1.41,6.51,7.17,6.32,29,1.32,383.33,547.0,-4.04,32.25,-5.61,2.23,100.82,12,36.54,62.15,73.29,54.69,49.73,56.14,51.74,53.07,964,1562,940,1384,1212.5,622,268.13,964,1201,129,131,2026-09-19 22:18:21.483951+00:00
US-1750491,Morris,Illinois,IL,,,2025,14669,310566.57,0.83,3.09,4.01,5.27,5.44,22,1.5,-55.1,515.0,-9.01,30.5,-9.41,2.23,99.81,12,45.83,52.78,72.89,55.03,51.98,53.71,51.67,53.1,935,1378,1151,1392,1214.0,457,187.34,935,1202,126,132,2026-09-19 22:18:21.483951+00:00
US-5353545,Pasco,Washington,WA,,,2025,82848,417358.46,1.27,6.69,-0.64,1.08,5.79,718,8.67,-19.51,2545.0,-1.55,224.42,-6.56,3.24,99.68,12,57.44,51.59,45.75,52.47,53.93,52.47,53.63,53.12,1218,1192,1265,1183,1214.5,82,31.86,1218,1203,35,45,2026-09-19 22:18:21.483951+00:00
US-1812412,Chesterton,Indiana,IN,,,2025,14635,342208.83,0.34,2.64,1.64,3.1,5.8,58,3.96,28.89,707.0,33.9,64.42,45.3,3.44,99.11,12,48.67,68.69,25.51,49.89,51.2,56.21,55.36,53.16,1486,1422,934,1022,1216.0,552,241.09,1486,1204,53,44,2026-09-19 22:18:21.483951+00:00
US-5147672,Lynchburg,Virginia,VA,,,2025,81347,265550.15,1.28,2.98,0.95,4.02,7.1,213,2.62,-54.87,3560.0,-5.72,236.5,22.27,2.49,98.43,12,65.8,43.59,43.96,52.57,55.86,50.31,53.62,53.09,1206,1004,1471,1184,1216.25,467,166.65,1206,1205,17,18,2026-09-19 22:18:21.483951+00:00
US-4241432,Lansdale,Pennsylvania,PA,,,2025,18986,494181.08,-0.39,0.83,1.35,3.43,6.27,0,0.0,-100.0,407.0,-14.68,23.25,47.62,2.16,101.54,12,46.2,55.71,63.84,53.94,51.7,54.07,52.24,52.99,1039,1392,1116,1328,1218.75,353,145.62,1039,1206,33,30,2026-09-19 22:18:21.483951+00:00
US-0613214,Chino Hills,California,CA,,,2025,77519,969226.54,-0.28,-1.18,0.83,4.24,7.53,123,1.59,232.43,1599.0,-0.5,114.33,31.67,2.6,99.43,12,52.03,57.25,45.21,52.15,52.57,53.88,53.7,53.07,1258,1316,1128,1177,1219.75,188,72.41,1258,1207,91,92,2026-09-19 22:18:21.483951+00:00
US-1727702,Franklin Park,Illinois,IL,,,2025,18045,310154.9,-0.23,-1.62,2.83,5.08,7.04,0,0.0,,394.0,-18.09,27.25,-6.3,2.57,100.01,12,44.97,44.15,96.23,57.5,52.41,52.21,49.73,52.96,717,1330,1292,1547,1221.5,830,307.09,717,1208,101,133,2026-09-19 22:18:21.483951+00:00
US-0669070,Santa Barbara,California,CA,,,2025,86422,1785676.82,-0.49,-2.63,-0.14,2.09,8.52,30,0.35,-44.44,1712.0,5.81,158.92,44.47,3.39,98.43,12,52.51,53.24,53.46,53.0,52.87,53.06,52.94,52.97,1152,1292,1206,1245,1223.75,140,51.41,1152,1209,75,93,2026-09-19 22:18:21.483951+00:00
US-1276600,West Palm Beach,Florida,FL,,,2025,127189,395966.91,-0.14,8.25,-5.21,-0.46,8.69,101,0.79,-56.09,4902.0,-6.11,1181.0,8.27,8.86,94.32,12,87.14,10.57,70.6,56.21,61.69,42.55,51.03,52.87,828,509,2116,1442,1223.75,1607,614.66,828,1210,7,23,2026-09-19 22:18:21.483951+00:00
US-1245100,Miami Lakes,Florida,FL,,,2025,33067,646362.9,0.51,8.66,-2.15,3.56,8.71,206,6.23,-13.08,739.0,0.14,104.5,21.87,5.22,96.11,12,87.61,26.04,30.67,51.83,60.6,45.21,54.21,52.96,1290,580,1915,1127,1228.0,1335,475.9,1290,1211,39,24,2026-09-19 22:18:21.483951+00:00
US-1916860,Council Bluffs,Iowa,IA,,,2025,62680,226193.95,0.31,-0.18,2.06,5.12,6.65,212,3.38,-66.46,2541.0,4.61,121.25,20.15,1.73,98.1,12,46.64,63.94,41.77,51.48,51.1,55.43,53.94,52.99,1324,1437,1005,1147,1228.25,432,165.22,1324,1212,6,5,2026-09-19 22:18:21.483951+00:00
US-5176432,Suffolk,Virginia,VA,,,2025,104699,382268.0,1.64,10.42,1.56,3.77,6.31,589,5.63,-13.38,5321.0,-4.61,558.25,9.19,3.85,99.55,12,67.54,42.04,42.59,52.38,56.15,49.77,53.57,52.97,1228,979,1519,1189,1228.75,540,192.48,1228,1213,18,19,2026-09-19 22:18:21.483951+00:00
US-1757381,Palos Heights,Illinois,IL,,,2025,12084,392094.67,-0.07,-2.71,3.31,4.19,5.88,1,0.08,-83.33,600.0,19.76,45.0,5.06,2.91,98.44,12,26.23,67.45,85.16,55.39,47.43,57.74,50.67,52.81,902,1758,792,1475,1231.75,966,399.44,902,1214,123,134,2026-09-19 22:18:21.483951+00:00
US-2746798,North Branch,Minnesota,MN,,,2025,12398,353527.25,1.22,14.21,2.22,1.52,4.98,100,8.07,-13.04,715.0,-3.38,55.67,-11.52,2.86,99.59,12,55.73,51.75,48.23,52.46,53.41,52.42,53.19,52.87,1219,1234,1269,1214,1234.0,55,21.51,1219,1215,41,45,2026-09-19 22:18:21.483951+00:00
US-3965592,Ravenna,Ohio,OH,,,2025,11136,215676.63,-0.4,-1.38,4.88,5.72,6.69,2,0.18,100.0,411.0,3.01,20.33,23.23,1.87,97.68,12,41.53,58.5,67.73,54.02,50.55,54.79,51.79,52.79,1029,1484,1055,1377,1236.25,455,198.11,1029,1216,94,100,2026-09-19 22:18:21.483951+00:00
US-2926182,Fulton,Missouri,MO,,,2025,12853,243595.27,1.53,1.98,4.82,3.95,4.62,17,1.32,13.33,345.0,-2.82,23.0,-1.08,2.48,101.35,12,36.14,62.72,71.37,54.25,49.4,56.04,51.63,52.83,1006,1592,952,1395,1236.25,640,267.2,1006,1217,37,43,2026-09-19 22:18:21.483951+00:00
US-2607660,Berkley,Michigan,MI,,,2025,15145,314491.5,0.0,-0.15,2.6,3.73,5.04,13,0.86,30.0,911.0,4.59,36.75,54.74,1.47,100.58,12,28.74,81.4,44.37,51.08,46.88,60.05,54.0,53.0,1372,1804,634,1144,1238.5,1170,421.89,1372,1218,52,40,2026-09-19 22:18:21.483951+00:00
US-3979492,Vandalia,Ohio,OH,,,2025,15014,236733.28,0.42,-0.56,5.38,5.58,7.59,25,1.67,257.14,567.0,-2.41,31.08,35.64,2.03,98.66,12,55.54,54.21,42.65,51.85,53.21,52.88,53.66,52.9,1288,1261,1225,1182,1239.0,106,39.78,1288,1219,111,101,2026-09-19 22:18:21.483951+00:00
US-3928476,Franklin,Ohio,OH,,,2025,11647,264516.56,-0.28,-0.25,4.28,5.0,7.26,1,0.09,,361.0,-6.72,21.42,36.7,2.19,98.8,12,53.77,48.0,62.44,53.92,53.34,51.9,52.04,52.8,1041,1247,1318,1350,1239.0,309,120.24,1041,1220,97,102,2026-09-19 22:18:21.483951+00:00
US-2720546,Faribault,Minnesota,MN,,,2025,25040,303434.03,0.48,2.38,4.78,3.93,6.04,25,1.0,-10.71,719.0,2.13,51.58,36.95,2.63,98.87,12,50.29,57.38,48.03,52.21,52.08,53.85,53.25,52.85,1248,1368,1131,1210,1239.25,237,85.48,1248,1221,43,46,2026-09-19 22:18:21.483951+00:00
US-1802908,Avon,Indiana,IN,,,2025,25350,352938.44,2.03,15.98,-0.01,1.03,5.99,379,14.95,71.49,1325.0,9.32,102.83,55.61,2.83,97.67,12,66.42,57.54,6.29,48.28,54.74,52.52,56.41,52.99,1653,1113,1256,940,1240.5,713,263.13,1653,1222,59,45,2026-09-19 22:18:21.483951+00:00
US-1880504,Washington,Indiana,IN,,,2025,12991,146350.47,1.01,7.85,-0.52,4.03,7.07,74,5.7,4.23,365.0,4.58,40.0,9.09,4.2,94.32,12,74.82,34.11,42.55,52.5,57.77,47.59,53.27,52.78,1212,836,1721,1206,1243.75,885,314.83,1212,1223,43,46,2026-09-19 22:18:21.483951+00:00
US-0600296,Adelanto,California,CA,,,2025,38798,392530.79,0.99,1.8,-2.02,1.6,7.97,29,0.75,-14.71,744.0,-11.53,92.5,42.31,4.62,100.6,12,69.47,37.07,48.67,52.93,56.63,48.53,52.81,52.72,1159,933,1630,1255,1244.25,697,251.53,1159,1224,77,94,2026-09-19 22:18:21.483951+00:00
US-4859696,Prosper,Texas,TX,,,2025,45605,792319.84,2.46,47.93,-4.45,-0.64,8.86,261,5.72,-44.7,2192.0,-2.19,351.58,32.3,5.99,95.99,12,94.63,20.63,25.25,51.39,62.02,43.52,54.39,52.83,1336,485,2049,1112,1245.5,1564,559.01,1336,1225,31,23,2026-09-19 22:18:21.483951+00:00
US-4811428,Burleson,Texas,TX,,,2025,56907,340121.35,0.7,18.55,-2.62,-1.52,5.75,163,2.86,-21.63,2186.0,-0.86,240.92,-3.21,4.08,98.23,12,64.41,37.14,61.4,54.11,55.77,48.96,51.83,52.67,1020,1016,1577,1373,1246.5,561,239.62,1020,1226,19,24,2026-09-19 22:18:21.483951+00:00
US-4827684,Frisco,Texas,TX,,,2025,236955,662448.02,0.76,16.87,-4.73,-0.41,8.11,5652,23.85,324.01,6741.0,0.96,888.83,40.77,4.79,97.27,12,89.54,32.32,8.92,49.35,60.28,45.97,55.72,52.83,1541,606,1847,992,1246.5,1241,480.19,1541,1227,45,25,2026-09-19 22:18:21.483951+00:00
US-5645050,Laramie,Wyoming,WY,,,2025,32284,377950.59,-0.15,2.75,2.77,3.36,6.37,49,1.52,-37.18,946.0,1.61,64.92,53.05,2.59,98.67,12,55.87,55.42,38.28,51.31,53.1,52.98,53.91,52.83,1347,1276,1214,1151,1247.0,196,72.71,1347,1228,4,3,2026-09-19 22:18:21.483951+00:00
US-1237775,Lake City,Florida,FL,,,2025,12788,261724.41,0.21,3.51,-0.2,1.52,7.56,31,2.42,14.81,340.0,14.86,52.75,44.52,5.94,95.49,12,72.01,40.59,33.36,51.35,56.79,48.93,54.01,52.77,1342,926,1579,1143,1247.5,653,241.4,1342,1229,42,25,2026-09-19 22:18:21.483951+00:00
US-3925914,Fairborn,Ohio,OH,,,2025,35754,204023.42,2.16,3.5,2.07,4.45,5.96,192,5.37,61.34,1466.0,-0.07,69.08,15.14,1.76,98.53,12,52.74,58.63,38.19,51.16,52.32,53.8,53.93,52.8,1359,1344,1140,1148,1247.75,219,103.92,1359,1230,112,103,2026-09-19 22:18:21.483951+00:00
US-2707300,Brainerd,Minnesota,MN,,,2025,14428,305848.43,0.11,0.38,1.68,2.71,7.03,114,7.9,293.1,633.0,1.77,43.17,28.54,2.49,99.62,12,53.94,63.59,22.92,49.56,52.18,54.6,55.18,52.88,1526,1360,1070,1039,1248.75,487,203.22,1526,1231,62,47,2026-09-19 22:18:21.483951+00:00
US-2726738,Ham Lake,Minnesota,MN,,,2025,17104,499982.02,0.88,3.62,4.38,2.61,5.49,42,2.46,10.53,540.0,24.14,52.17,41.31,3.99,99.09,12,48.0,65.01,34.33,50.54,51.05,55.3,54.29,52.8,1421,1443,1010,1123,1249.25,433,187.23,1421,1232,53,48,2026-09-19 22:18:21.483951+00:00
US-4876864,Weatherford,Texas,TX,,,2025,40634,397252.74,2.78,30.4,-0.01,-0.5,5.54,99,2.44,-41.76,1656.0,2.48,199.33,-0.33,4.41,97.65,12,63.27,37.85,62.45,54.17,55.52,49.16,51.75,52.65,1012,1042,1560,1383,1249.25,548,231.14,1012,1233,18,26,2026-09-19 22:18:21.483951+00:00
US-4825168,Fair Oaks Ranch,Texas,TX,,,2025,12025,702395.66,2.15,20.99,0.69,0.74,6.66,26,2.16,-72.04,540.0,-7.85,62.33,-8.89,4.26,97.23,12,76.37,22.15,67.5,55.17,58.77,45.22,51.08,52.56,921,735,1914,1436,1251.5,1179,460.69,921,1234,14,27,2026-09-19 22:18:21.483951+00:00
US-1343192,Kennesaw,Georgia,GA,,,2025,37970,407525.2,0.64,13.81,-3.67,-0.1,6.73,48,1.26,-40.0,1401.0,-9.55,143.5,28.8,3.77,98.6,12,75.09,30.61,49.77,53.19,57.95,46.83,52.55,52.63,1129,821,1777,1280,1251.75,956,345.43,1129,1235,28,32,2026-09-19 22:18:21.483951+00:00
US-4967825,Saratoga Springs,Utah,UT,,,2025,61397,560153.9,7.42,60.23,1.8,0.37,5.93,1582,25.77,16.58,4062.0,7.57,455.33,51.78,4.14,99.16,12,67.8,56.01,6.02,48.23,54.99,52.05,56.31,52.9,1661,1091,1304,953,1252.25,708,267.07,1661,1236,38,29,2026-09-19 22:18:21.483951+00:00
US-4872530,The Colony,Texas,TX,,,2025,46196,408325.93,0.48,3.18,-5.18,-0.6,6.24,46,1.0,-82.03,1615.0,5.9,171.58,18.81,3.85,97.92,12,55.16,47.4,59.52,53.54,53.49,51.55,52.11,52.67,1086,1231,1354,1342,1253.25,268,107.81,1086,1237,21,28,2026-09-19 22:18:21.483951+00:00
US-1746136,Mahomet,Illinois,IL,,,2025,10516,344677.85,1.19,10.8,2.89,3.02,5.76,53,5.04,-3.64,452.0,-2.16,34.92,3.71,2.97,98.64,12,61.36,45.36,48.6,52.57,54.65,50.65,52.89,52.69,1205,1117,1443,1249,1253.5,326,119.28,1205,1238,141,135,2026-09-19 22:18:21.483951+00:00
US-4049200,Moore,Oklahoma,OK,,,2025,63609,222993.04,-0.19,0.86,1.99,2.48,6.21,119,1.87,-9.16,2735.0,2.2,179.08,10.15,2.41,98.55,12,45.52,57.43,59.1,53.08,51.13,54.11,52.24,52.64,1142,1434,1110,1329,1253.75,324,133.51,1142,1239,10,12,2026-09-19 22:18:21.483951+00:00
US-0646898,Merced,California,CA,,,2025,99724,398822.16,0.59,10.25,-1.77,0.7,5.93,450,4.51,45.63,2333.0,2.82,220.92,32.42,3.5,98.93,12,62.75,51.75,29.16,50.5,54.41,51.66,54.44,52.75,1427,1143,1341,1105,1254.0,322,134.18,1427,1240,115,95,2026-09-19 22:18:21.483951+00:00
US-3251800,North Las Vegas,Nevada,NV,,,2025,296653,406436.04,1.48,13.59,-1.63,0.4,6.73,2507,8.45,20.64,10311.0,-3.43,985.58,37.46,3.5,99.22,12,75.03,43.78,17.16,49.62,56.97,49.16,55.18,52.73,1515,906,1561,1041,1255.75,655,286.72,1515,1241,1,1,2026-09-19 22:18:21.483951+00:00
US-0680854,Tustin,California,CA,,,2025,77843,1157126.49,-0.57,-2.53,-0.34,6.37,9.01,51,0.66,24.39,1260.0,-6.18,87.33,46.16,2.52,99.78,12,54.73,52.08,48.9,52.34,53.06,52.4,52.95,52.69,1232,1278,1271,1243,1256.0,46,19.07,1232,1242,89,96,2026-09-19 22:18:21.483951+00:00
US-5631855,Gillette,Wyoming,WY,,,2025,34024,336873.05,0.14,1.58,-3.63,2.89,4.24,21,0.62,-32.26,1598.0,1.78,84.0,-7.35,1.93,98.63,12,32.56,61.63,81.91,55.07,48.69,55.95,50.58,52.57,927,1665,960,1479,1257.75,738,321.27,927,1243,2,4,2026-09-19 22:18:21.483951+00:00
US-1237525,Lake Alfred,Florida,FL,,,2025,10107,310770.84,17.06,54.52,-2.57,-1.0,7.32,219,21.67,-63.01,1007.0,-10.96,122.83,-21.6,4.53,98.16,12,84.92,22.87,42.99,52.72,60.02,44.5,52.81,52.51,1183,624,1972,1256,1258.75,1348,478.9,1183,1244,35,26,2026-09-19 22:18:21.483951+00:00
US-1839402,Kendallville,Indiana,IN,,,2025,10371,222875.85,0.03,1.06,4.1,5.49,7.82,31,2.99,3.33,387.0,0.78,27.42,57.42,2.71,98.23,12,65.01,49.85,27.91,50.43,54.9,51.11,54.48,52.73,1439,1101,1402,1101,1260.75,338,160.28,1439,1245,50,47,2026-09-19 22:18:21.483951+00:00
US-5315290,Covington,Washington,WA,,,2025,21496,667859.83,0.56,3.05,-2.36,1.21,5.99,130,6.05,116.67,831.0,1.47,52.17,50.12,2.3,99.99,12,51.93,67.2,17.71,48.72,51.38,55.2,55.38,52.67,1607,1408,1015,1020,1262.5,592,254.91,1607,1246,57,46,2026-09-19 22:18:21.483951+00:00
US-1355776,Norcross,Georgia,GA,,,2025,19086,330709.14,0.25,8.76,-3.88,0.96,7.72,3,0.16,-96.05,419.0,-18.32,49.67,62.4,4.37,98.51,12,82.19,20.87,54.77,53.87,59.68,44.35,51.85,52.44,1044,656,1984,1370,1263.5,1328,486.75,1044,1247,21,33,2026-09-19 22:18:21.483951+00:00
US-4845744,McKinney,Texas,TX,,,2025,236001,491666.12,3.74,19.49,-6.31,-1.97,6.84,3040,12.88,-22.25,8261.0,4.7,989.25,38.53,4.38,97.76,12,78.42,42.28,11.92,49.14,57.6,48.57,55.51,52.71,1568,854,1624,1011,1264.25,770,336.94,1568,1248,50,29,2026-09-19 22:18:21.483951+00:00
US-4740000,Knoxville,Tennessee,TN,,,2025,202021,369176.38,1.48,5.66,0.75,4.99,10.43,1439,7.12,-31.35,7589.0,-1.54,796.58,44.7,3.82,97.44,12,84.77,33.7,16.36,49.79,59.19,46.42,54.95,52.59,1499,696,1806,1056,1264.25,1110,422.75,1499,1249,31,26,2026-09-19 22:18:21.483951+00:00
US-3983090,West Carrollton,Ohio,OH,,,2025,12963,175367.59,0.42,-0.85,7.25,6.37,7.85,0,0.0,-100.0,491.0,-15.64,29.5,36.68,2.26,98.97,12,56.02,42.91,67.85,54.39,53.86,50.58,51.3,52.53,992,1202,1451,1417,1265.5,459,184.52,992,1250,93,104,2026-09-19 22:18:21.483951+00:00
US-1773638,Summit,Illinois,IL,,,2025,10753,273302.91,-0.23,-3.27,3.29,5.48,7.73,0,0.0,,178.0,29.93,19.42,76.52,4.41,98.08,12,45.39,56.12,62.0,53.3,51.1,53.78,51.88,52.51,1114,1438,1143,1368,1265.75,324,139.84,1114,1251,138,136,2026-09-19 22:18:21.483951+00:00
US-3482570,Wood-Ridge,New Jersey,NJ,,,2025,10341,677157.13,0.0,2.27,3.83,6.47,6.46,85,8.22,1.19,276.0,4.55,24.67,58.29,3.63,102.99,12,55.47,65.81,12.28,48.29,52.1,54.68,55.81,52.72,1652,1364,1063,986,1266.25,666,263.73,1652,1252,104,94,2026-09-19 22:18:21.483951+00:00
US-0640354,La Quinta,California,CA,,,2025,39440,731082.46,-0.49,4.25,-3.0,-1.62,7.19,96,2.43,6.67,3605.0,6.09,540.42,16.89,5.59,96.56,12,69.98,35.79,49.25,52.83,56.62,48.07,52.52,52.51,1176,935,1678,1285,1268.5,743,268.21,1176,1253,81,97,2026-09-19 22:18:21.483951+00:00
US-1914520,Clive,Iowa,IA,,,2025,19861,429613.73,0.97,6.27,0.79,2.1,5.21,40,2.01,-66.39,912.0,1.67,82.33,-18.62,3.46,98.4,12,51.02,46.32,71.81,54.57,52.72,51.55,50.98,52.46,977,1304,1353,1445,1269.75,468,176.44,977,1254,3,6,2026-09-19 22:18:21.483951+00:00
US-2646000,Lansing,Michigan,MI,,,2025,113884,167648.36,0.67,1.17,4.39,5.88,6.72,245,2.15,15.57,4892.0,-3.68,347.5,14.5,2.63,99.27,12,53.87,50.9,53.01,52.61,52.85,52.11,52.45,52.5,1197,1294,1296,1293,1270.0,99,42.16,1197,1255,44,41,2026-09-19 22:18:21.483951+00:00
US-4244864,Lower Burrell,Pennsylvania,PA,,,2025,11470,214004.51,-0.55,-2.41,6.72,6.89,6.52,7,0.61,250.0,393.0,31.44,32.5,8.94,3.17,97.7,12,35.51,61.9,72.73,54.05,49.01,55.61,51.11,52.44,1024,1633,994,1435,1271.5,639,271.88,1024,1256,32,31,2026-09-19 22:18:21.483951+00:00
US-3720580,Elizabeth City,North Carolina,NC,,,2025,19622,265048.87,1.25,4.62,2.7,4.64,7.95,185,9.43,150.0,1296.0,-2.56,133.75,21.87,3.86,98.57,12,77.44,37.97,24.81,50.47,57.7,47.83,54.41,52.6,1432,841,1704,1109,1271.5,863,325.79,1432,1257,36,33,2026-09-19 22:18:21.483951+00:00
US-2537875,Malden,Massachusetts,MA,,,2025,66370,672438.06,-0.01,0.49,0.05,4.05,4.63,52,0.78,-35.0,968.0,1.47,42.33,36.93,1.56,102.5,12,29.35,77.3,50.5,51.42,46.9,58.89,53.04,52.56,1333,1801,723,1235,1273.0,1078,382.86,1333,1258,36,34,2026-09-19 22:18:21.483951+00:00
US-2020075,El Dorado,Kansas,KS,,,2025,12696,173201.9,0.02,-0.55,1.85,4.79,6.36,30,2.36,7.14,696.0,16.19,41.67,30.89,2.18,97.82,12,40.93,69.5,39.8,50.65,49.33,56.47,53.67,52.53,1413,1600,901,1179,1273.25,699,261.61,1413,1259,23,21,2026-09-19 22:18:21.483951+00:00
US-2712700,Columbia Heights,Minnesota,MN,,,2025,22482,298977.63,0.19,2.46,1.76,2.23,4.05,1,0.04,-50.0,773.0,-6.3,39.0,22.19,1.9,100.83,12,35.54,62.05,72.12,53.96,48.98,55.61,51.13,52.42,1036,1635,993,1432,1274.0,642,269.67,1036,1260,34,49,2026-09-19 22:18:21.483951+00:00
US-2117848,Covington,Kentucky,KY,,,2025,41847,220681.21,0.49,2.2,2.05,5.87,7.2,269,6.43,70.25,2068.0,-10.17,111.42,-6.11,2.0,97.92,12,64.49,41.12,49.7,52.61,55.26,49.42,52.49,52.45,1198,1064,1546,1289,1274.25,482,176.13,1198,1261,9,9,2026-09-19 22:18:21.483951+00:00
US-1608830,Boise City,Idaho,ID,,,2025,238429,503161.57,0.29,1.02,1.13,1.04,5.36,955,4.01,28.88,8998.0,6.16,573.17,3.06,2.34,99.15,12,37.04,68.21,52.91,51.92,48.77,56.56,52.65,52.47,1281,1654,895,1268,1274.5,759,268.39,1281,1262,20,23,2026-09-19 22:18:21.483951+00:00
US-4955980,Ogden,Utah,UT,,,2025,89510,402467.0,0.3,2.5,2.55,1.86,7.46,463,5.17,11.03,3093.0,0.52,302.5,31.47,3.58,98.82,12,68.28,46.45,27.0,50.32,55.54,50.08,54.33,52.57,1448,1039,1494,1118,1274.75,455,198.89,1448,1263,29,30,2026-09-19 22:18:21.483951+00:00
US-3719000,Durham,North Carolina,NC,,,2025,305561,401112.26,1.57,8.47,-1.88,0.4,7.01,4483,14.67,60.51,9314.0,1.93,876.25,64.17,3.46,98.61,12,74.77,48.11,6.09,48.27,56.47,49.8,55.9,52.61,1655,950,1516,980,1275.25,705,314.3,1655,1264,39,34,2026-09-19 22:18:21.483951+00:00
US-0466470,Show Low,Arizona,AZ,,,2025,12471,436217.91,0.76,6.0,0.38,1.73,7.98,135,10.83,19.47,1076.0,0.37,157.83,2.77,5.59,97.07,12,80.88,28.45,38.69,51.98,58.82,45.71,53.07,52.4,1276,726,1870,1232,1276.0,1144,405.36,1276,1265,10,12,2026-09-19 22:18:21.483951+00:00
US-2676460,Sterling Heights,Michigan,MI,,,2025,133931,308530.58,0.11,-0.13,3.82,4.94,6.89,672,5.02,860.0,4136.0,-2.64,192.58,25.26,1.69,99.65,12,49.95,63.27,31.59,50.02,51.19,54.52,54.11,52.46,1477,1424,1077,1134,1278.0,400,174.68,1477,1266,56,42,2026-09-19 22:18:21.483951+00:00
US-0631960,Hanford,California,CA,,,2025,62229,378601.62,1.55,4.51,2.21,3.14,6.55,409,6.57,-3.08,1637.0,-7.57,108.92,9.56,2.5,99.22,12,62.84,46.75,39.87,51.46,54.57,50.54,53.3,52.47,1327,1128,1455,1204,1278.5,327,124.2,1327,1267,102,98,2026-09-19 22:18:21.483951+00:00
US-4866428,Seagoville,Texas,TX,,,2025,21077,272939.84,4.71,13.62,-4.32,-2.19,5.73,280,13.28,-26.51,981.0,55.96,107.33,42.32,4.07,98.25,12,62.58,58.87,10.13,48.17,53.6,52.68,55.67,52.53,1666,1221,1235,996,1279.5,670,242.46,1666,1268,54,30,2026-09-19 22:18:21.483951+00:00
US-4660020,Spearfish,South Dakota,SD,,,2025,14154,459674.59,2.65,15.65,0.43,2.03,7.0,126,8.9,27.27,469.0,-2.29,66.08,-1.12,5.28,97.81,12,79.43,28.02,43.1,52.35,58.56,45.71,52.66,52.32,1230,752,1871,1265,1279.5,1119,397.11,1230,1269,6,6,2026-09-19 22:18:21.483951+00:00
US-0666140,San Fernando,California,CA,,,2025,23449,744538.56,-0.22,-2.08,-0.56,2.88,5.95,39,1.66,95.0,175.0,23.24,16.92,26.87,3.66,102.77,12,29.48,78.17,47.44,51.01,46.78,58.95,53.19,52.48,1380,1811,719,1216,1281.5,1092,390.76,1380,1270,113,99,2026-09-19 22:18:21.483951+00:00
US-1216875,DeLand,Florida,FL,,,2025,46346,335958.97,1.95,21.29,-3.44,-0.84,6.41,181,3.91,-59.51,2466.0,-0.48,312.42,9.14,4.62,97.66,12,73.46,32.15,48.54,52.77,57.33,47.0,52.38,52.37,1180,877,1769,1303,1282.25,892,320.95,1180,1271,34,27,2026-09-19 22:18:21.483951+00:00
US-4017800,Coweta,Oklahoma,OK,,,2025,11472,267314.41,3.34,18.32,2.55,2.76,6.46,195,17.0,26.62,753.0,8.35,87.42,62.38,4.49,98.45,12,73.13,50.12,4.99,48.04,56.01,50.26,55.96,52.57,1685,993,1477,976,1282.75,709,307.24,1685,1272,22,13,2026-09-19 22:18:21.483951+00:00
US-1933060,Grimes,Iowa,IA,,,2025,17405,352992.21,1.06,10.73,1.38,1.97,4.93,134,7.7,13.56,823.0,5.78,70.92,10.38,3.19,98.79,12,53.49,57.31,37.32,50.79,52.21,53.17,53.59,52.44,1399,1356,1194,1188,1284.25,211,94.5,1399,1273,7,7,2026-09-19 22:18:21.483951+00:00
US-0512820,Centerton,Arkansas,AR,,,2025,27176,350919.49,5.7,48.93,2.23,2.83,9.44,600,22.08,7.14,2060.0,-21.1,258.75,36.42,4.75,99.3,12,95.03,24.94,10.91,49.47,61.38,43.86,55.08,52.45,1534,531,2022,1050,1284.25,1491,554.28,1534,1274,16,15,2026-09-19 22:18:21.483951+00:00
US-4945860,Logan,Utah,UT,,,2025,55576,388398.34,-1.59,5.12,2.07,0.6,6.83,430,7.74,50.35,1273.0,4.43,138.42,23.31,4.06,98.36,12,67.85,46.8,26.62,50.17,55.35,50.09,54.25,52.47,1465,1056,1493,1124,1284.5,437,196.23,1465,1275,30,31,2026-09-19 22:18:21.483951+00:00
US-3712860,Clayton,North Carolina,NC,,,2025,32633,363967.27,3.13,22.28,-1.62,-1.31,6.6,389,11.92,-6.94,1805.0,-9.39,154.67,6.48,3.16,98.56,12,76.16,34.8,35.03,51.4,57.58,47.24,53.44,52.42,1334,857,1754,1196,1285.25,897,321.51,1334,1276,34,35,2026-09-19 22:18:21.483951+00:00
US-4858940,Port Neches,Texas,TX,,,2025,13768,235393.63,0.12,0.64,2.93,1.85,3.35,45,3.27,36.36,594.0,52.31,38.5,-10.64,2.51,99.19,12,24.87,77.16,61.82,52.41,46.1,59.17,52.1,52.45,1224,1872,702,1343,1285.25,1170,415.8,1224,1277,24,31,2026-09-19 22:18:21.483951+00:00
US-0857630,Parker,Colorado,CO,,,2025,65985,688392.66,1.18,12.34,-2.89,-0.72,4.63,1109,16.81,165.31,4909.0,6.9,368.33,17.65,2.72,98.9,12,52.7,63.71,22.97,49.12,51.54,54.3,54.68,52.41,1571,1400,1097,1078,1286.5,493,208.09,1571,1278,14,9,2026-09-19 22:18:21.483951+00:00
US-2949034,Moberly,Missouri,MO,,,2025,13719,160113.51,0.61,0.97,5.92,6.09,7.88,89,6.49,256.0,648.0,-1.37,45.25,-15.81,2.67,96.18,12,64.99,38.8,53.32,52.91,55.38,48.83,52.04,52.29,1162,1053,1591,1351,1289.25,538,204.25,1162,1279,42,44,2026-09-19 22:18:21.483951+00:00
US-2844520,Madison,Mississippi,MS,,,2025,28575,413282.21,0.74,2.95,2.85,2.28,5.77,63,2.2,-23.17,1133.0,7.39,96.83,-0.17,3.13,97.08,12,49.19,50.94,63.83,53.46,51.91,52.35,51.44,52.29,1095,1379,1275,1409,1289.5,314,122.81,1095,1280,4,4,2026-09-19 22:18:21.483951+00:00
US-0806255,Berthoud,Colorado,CO,,,2025,14080,613742.7,3.31,32.82,-1.75,-0.44,4.71,143,10.16,-36.73,1085.0,8.94,130.58,6.96,4.52,98.95,12,56.78,54.17,36.25,50.74,52.92,52.27,53.55,52.37,1401,1289,1286,1190,1291.5,211,74.71,1401,1281,9,10,2026-09-19 22:18:21.483951+00:00
US-0633182,Hemet,California,CA,,,2025,93649,442731.49,0.67,4.23,-2.15,1.0,7.19,396,4.23,-3.41,2710.0,-11.47,275.5,15.07,3.74,99.79,12,69.81,38.26,42.19,51.86,56.2,48.31,52.85,52.31,1287,974,1654,1252,1291.75,680,241.76,1287,1282,94,100,2026-09-19 22:18:21.483951+00:00
US-4829840,Glenn Heights,Texas,TX,,,2025,20327,333192.25,2.91,26.31,-2.91,-1.84,5.76,108,5.31,-54.43,658.0,2.17,81.58,6.64,4.64,98.45,12,65.71,40.94,45.62,52.02,55.27,49.08,52.56,52.23,1269,1061,1567,1278,1293.75,506,180.07,1269,1283,26,32,2026-09-19 22:18:21.483951+00:00
US-0641124,Lemon Grove,California,CA,,,2025,27936,756910.81,0.29,0.6,-2.41,2.87,6.24,92,3.29,-20.69,620.0,5.26,47.42,30.21,2.84,99.81,12,44.68,66.97,35.19,50.11,49.95,55.52,53.76,52.34,1471,1543,997,1168,1294.75,546,222.16,1471,1284,124,101,2026-09-19 22:18:21.483951+00:00
US-1344340,LaGrange,Georgia,GA,,,2025,34730,236025.4,1.11,10.65,0.32,4.81,8.63,581,16.73,164.09,927.0,-6.08,130.5,8.07,5.17,97.66,12,89.21,22.33,31.2,51.3,60.44,43.72,53.31,52.2,1348,594,2039,1202,1295.75,1445,513.9,1348,1285,36,34,2026-09-19 22:18:21.483951+00:00
US-1335716,Grovetown,Georgia,GA,,,2025,17939,303731.94,0.95,12.9,0.84,1.14,6.0,197,10.98,77.48,1048.0,1.65,111.33,21.57,3.96,99.42,12,65.4,50.33,23.3,49.6,54.57,50.8,54.41,52.34,1520,1129,1431,1111,1297.75,409,180.63,1520,1286,40,35,2026-09-19 22:18:21.483951+00:00
US-0655282,Palo Alto,California,CA,,,2025,67609,3560675.74,0.58,-1.09,1.76,3.15,4.33,214,3.17,-2.73,1553.0,6.08,66.25,6.28,1.59,104.91,12,20.5,84.3,54.27,51.27,44.7,60.65,52.59,52.3,1349,1975,591,1276,1297.75,1384,490.22,1349,1287,106,102,2026-09-19 22:18:21.483951+00:00
US-1822000,Evansville,Indiana,IN,,,2025,116176,198553.2,0.23,-1.02,3.86,4.57,6.92,211,1.82,10.47,4886.0,5.83,306.75,20.85,2.28,97.61,12,46.44,58.8,50.47,51.77,50.75,53.84,52.4,52.19,1295,1468,1132,1298,1298.25,336,118.81,1295,1288,44,48,2026-09-19 22:18:21.483951+00:00
US-4809160,Boerne,Texas,TX,,,2025,24047,562054.49,5.78,32.97,-0.57,-0.91,5.1,351,14.6,-37.32,1105.0,24.44,145.58,10.01,4.94,98.0,12,59.36,53.51,30.69,50.15,53.31,51.85,53.86,52.29,1467,1251,1322,1157,1299.25,310,113.16,1467,1289,39,33,2026-09-19 22:18:21.483951+00:00
US-0622678,Encinitas,California,CA,,,2025,60736,1852070.73,-0.44,-2.03,0.48,3.49,8.81,367,6.04,-8.25,1716.0,10.78,140.17,41.46,2.98,98.29,12,56.33,60.82,20.12,48.85,52.25,53.37,54.73,52.3,1596,1351,1180,1073,1300.0,523,197.58,1596,1290,137,103,2026-09-19 22:18:21.483951+00:00
US-2650560,Madison Heights,Michigan,MI,,,2025,28297,221336.09,-0.04,-0.33,0.4,3.8,6.14,6,0.21,200.0,1128.0,-6.23,43.42,40.43,1.39,100.38,12,38.95,64.01,57.31,52.31,49.22,55.49,52.06,52.27,1237,1619,1000,1347,1300.75,619,222.45,1237,1291,45,43,2026-09-19 22:18:21.483951+00:00
US-3676705,Valley Stream,New York,NY,,,2025,40379,741583.02,0.05,-0.25,4.01,4.87,5.58,70,1.73,268.42,789.0,7.35,65.83,16.35,3.07,100.51,12,33.22,70.79,54.74,51.75,47.72,57.11,52.28,52.21,1298,1736,848,1321,1300.75,888,314.18,1298,1292,42,35,2026-09-19 22:18:21.483951+00:00
US-0613392,Chula Vista,California,CA,,,2025,275533,842336.98,-0.44,-0.1,-2.37,3.07,6.5,536,1.95,-56.17,4429.0,0.02,281.42,38.34,2.34,100.08,12,45.08,64.71,39.06,50.44,50.06,54.97,53.31,52.2,1436,1528,1037,1203,1301.0,491,193.04,1436,1293,117,104,2026-09-19 22:18:21.483951+00:00
US-0162328,Prattville,Alabama,AL,,,2025,40582,263414.98,1.02,7.26,3.02,3.28,5.66,200,4.93,-9.5,1804.0,0.22,135.08,3.12,2.77,98.32,12,56.78,48.64,49.6,52.14,53.26,51.23,52.4,52.26,1260,1256,1390,1299,1301.25,134,53.92,1260,1294,12,11,2026-09-19 22:18:21.483951+00:00
US-3539380,Las Cruces,New Mexico,NM,,,2025,116978,291019.02,0.55,4.71,-0.82,2.55,7.31,642,5.49,-13.83,3962.0,3.07,440.25,9.2,4.07,95.43,12,72.6,34.82,42.97,51.97,56.82,47.38,52.63,52.2,1278,921,1741,1269,1302.25,820,291.35,1278,1295,5,4,2026-09-19 22:18:21.483951+00:00
US-2728682,Hermantown,Minnesota,MN,,,2025,10110,420659.94,0.08,0.6,7.68,4.97,6.95,19,1.88,-29.63,316.0,-4.82,19.75,-25.24,2.76,98.41,12,54.22,41.83,72.65,54.49,53.27,50.17,50.49,52.1,984,1255,1484,1491,1303.5,507,207.47,984,1296,31,50,2026-09-19 22:18:21.483951+00:00
US-3453850,Oakland,New Jersey,NJ,,,2025,12837,742196.35,-0.01,1.1,4.46,6.15,6.42,58,4.52,314.29,301.0,-1.63,24.33,17.74,3.1,104.59,12,50.0,59.52,39.04,50.59,51.21,53.59,53.19,52.14,1416,1421,1165,1215,1304.25,256,115.62,1416,1297,100,95,2026-09-19 22:18:21.483951+00:00
US-3419510,East Rutherford,New Jersey,NJ,,,2025,10566,633712.69,-0.01,5.72,4.32,5.89,5.28,86,8.14,273.91,123.0,-15.75,7.75,-22.5,2.33,104.03,12,50.93,54.18,50.31,51.91,51.81,52.63,52.33,52.17,1283,1388,1242,1313,1306.5,146,53.38,1283,1298,97,96,2026-09-19 22:18:21.483951+00:00
US-3663418,Rome,New York,NY,,,2025,31682,206657.89,-0.42,-0.66,7.25,7.75,9.26,66,2.08,-5.71,811.0,-7.0,71.75,-4.55,3.25,98.47,12,62.56,35.44,66.75,54.12,55.06,48.27,50.78,52.06,1018,1086,1659,1463,1306.5,641,264.86,1018,1299,35,36,2026-09-19 22:18:21.483951+00:00
US-4982930,West Haven,Utah,UT,,,2025,25627,530288.52,3.69,49.23,2.06,0.66,6.23,215,8.39,-44.3,1145.0,-2.8,112.67,30.25,3.63,99.38,12,71.07,45.03,20.94,49.42,55.74,49.23,54.34,52.18,1537,1021,1555,1116,1307.25,534,241.18,1537,1300,33,32,2026-09-19 22:18:21.483951+00:00
US-4566580,Simpsonville,South Carolina,SC,,,2025,28459,374206.05,0.75,20.42,1.72,1.49,7.32,197,6.92,38.73,1140.0,-22.66,129.25,4.73,4.14,98.52,12,84.35,22.21,43.05,52.28,59.52,43.98,52.26,52.01,1240,662,2012,1323,1309.25,1350,479.0,1240,1301,24,24,2026-09-19 22:18:21.483951+00:00
US-2601380,Allen Park,Michigan,MI,,,2025,27445,211098.44,-0.25,-3.81,4.94,5.57,6.82,32,1.17,1500.0,1079.0,0.75,42.83,48.99,1.48,100.29,12,34.49,74.13,42.29,50.32,47.55,57.46,53.11,52.11,1449,1751,816,1226,1310.5,935,340.92,1449,1302,55,44,2026-09-19 22:18:21.483951+00:00
US-1764304,River Forest,Illinois,IL,,,2025,11393,691847.17,-0.25,-6.77,8.75,5.6,5.93,2,0.18,100.0,532.0,16.92,38.58,12.65,2.88,99.64,12,20.22,75.16,76.39,53.49,45.13,58.86,50.56,52.01,1091,1947,727,1483,1312.0,1220,453.74,1091,1303,137,137,2026-09-19 22:18:21.483951+00:00
US-1730094,Godfrey,Illinois,IL,,,2025,17620,215155.16,-0.09,-1.04,4.28,4.76,6.42,30,1.7,15.38,752.0,-3.59,37.92,3.41,1.84,99.38,12,39.97,59.05,65.69,53.08,49.55,54.32,51.13,52.02,1144,1578,1096,1433,1312.75,482,200.17,1144,1304,139,138,2026-09-19 22:18:21.483951+00:00
US-0640004,La Mesa,California,CA,,,2025,59914,871899.61,-0.91,-1.94,-2.51,2.92,6.47,239,3.99,29.89,1432.0,4.07,84.92,16.99,2.16,99.85,12,36.59,72.21,41.49,50.28,48.01,56.91,53.11,52.08,1450,1712,862,1228,1313.0,850,311.69,1450,1305,119,105,2026-09-19 22:18:21.483951+00:00
US-2970000,Springfield,Missouri,MO,,,2025,169847,241948.42,-0.23,0.41,0.98,2.85,7.65,208,1.22,63.78,6279.0,1.52,404.25,25.58,2.34,94.43,12,60.52,43.42,52.32,52.48,54.16,49.88,52.0,52.13,1217,1170,1509,1357,1313.25,339,132.3,1217,1306,45,45,2026-09-19 22:18:21.483951+00:00
US-0669000,Santa Ana,California,CA,,,2025,315586,847166.02,0.25,1.4,-1.59,4.26,6.4,291,0.92,-33.86,2676.0,0.19,255.42,36.83,3.51,100.0,12,51.05,54.42,48.83,51.67,51.73,52.57,52.34,52.08,1303,1391,1250,1311,1313.75,141,50.39,1303,1307,98,106,2026-09-19 22:18:21.483951+00:00
US-3472420,Tenafly,New Jersey,NJ,,,2025,15237,1239264.48,-0.9,-0.75,4.32,6.8,7.25,76,4.99,20.63,425.0,-4.06,42.92,-13.45,3.83,102.32,12,51.43,50.66,57.47,52.67,52.1,51.91,51.69,52.09,1188,1363,1316,1391,1314.5,203,77.8,1188,1308,93,97,2026-09-19 22:18:21.483951+00:00
US-1901855,Ames,Iowa,IA,,,2025,68220,297241.32,-0.24,2.59,2.98,1.02,4.06,115,1.69,18.56,1725.0,6.28,98.33,10.69,2.13,98.4,12,36.09,65.43,60.16,52.38,48.5,55.84,51.7,52.1,1229,1675,970,1389,1315.75,705,255.68,1229,1309,5,8,2026-09-19 22:18:21.483951+00:00
US-2652940,Melvindale,Michigan,MI,,,2025,12325,141790.16,-0.27,-3.78,1.41,4.39,7.29,0,0.0,,327.0,-3.54,14.42,17.69,1.71,98.42,12,40.0,52.98,79.9,54.52,49.88,53.13,49.83,51.84,981,1547,1200,1536,1316.0,566,238.45,981,1310,38,45,2026-09-19 22:18:21.483951+00:00
US-1328380,Fairburn,Georgia,GA,,,2025,17133,320013.9,-0.59,3.58,-4.78,-2.39,6.23,86,5.02,126.32,584.0,19.43,72.0,16.44,4.67,97.99,12,55.99,53.5,38.13,50.65,52.56,51.94,53.08,52.06,1412,1318,1312,1231,1318.25,181,64.11,1412,1311,37,36,2026-09-19 22:18:21.483951+00:00
US-1735411,Hoffman Estates,Illinois,IL,,,2025,50858,391919.43,-0.14,-2.89,4.83,6.36,7.2,4,0.08,-33.33,1520.0,-13.59,103.83,9.49,2.58,100.72,12,41.81,50.27,81.8,54.77,50.35,52.46,49.62,51.8,954,1500,1267,1552,1318.25,598,236.1,954,1312,128,139,2026-09-19 22:18:21.483951+00:00
US-4112400,Central Point,Oregon,OR,,,2025,19139,418846.04,0.08,0.27,0.37,0.81,4.41,28,1.46,-48.15,744.0,35.27,52.92,10.43,2.61,98.83,12,27.11,73.81,62.0,52.18,46.35,58.03,51.61,52.04,1253,1853,772,1396,1318.5,1081,385.57,1253,1313,7,7,2026-09-19 22:18:21.483951+00:00
US-4075000,Tulsa,Oklahoma,OK,,,2025,416209,217649.98,0.01,0.63,2.42,3.53,6.94,865,2.08,19.64,14014.0,2.01,1104.5,6.67,2.88,97.42,12,54.23,46.45,60.4,53.05,52.82,50.88,51.35,52.02,1149,1297,1421,1414,1320.25,272,110.46,1149,1314,11,14,2026-09-19 22:18:21.483951+00:00
US-4115950,Cottage Grove,Oregon,OR,,,2025,10851,399051.78,1.62,1.9,-0.24,0.95,5.13,18,1.66,-86.05,420.0,32.08,40.67,26.1,3.85,99.24,12,39.23,66.83,48.06,51.09,48.83,55.73,52.53,52.05,1369,1649,982,1284,1321.0,667,237.79,1369,1315,9,8,2026-09-19 22:18:21.483951+00:00
US-4207128,Bloomsburg,Pennsylvania,PA,,,2025,13375,253301.2,0.05,5.28,5.16,2.26,2.78,1,0.07,,263.0,15.35,23.0,10.84,3.23,96.04,12,39.35,53.27,80.63,54.54,49.72,53.2,49.74,51.8,980,1566,1192,1546,1321.0,586,246.77,980,1316,30,32,2026-09-19 22:18:21.483951+00:00
US-2679000,Taylor,Michigan,MI,,,2025,61279,179387.91,-0.09,-2.99,3.61,5.44,6.86,20,0.33,-55.56,2106.0,-7.14,101.67,-0.97,1.78,99.32,12,37.44,54.23,83.2,54.75,49.34,53.54,49.57,51.8,957,1599,1171,1559,1321.5,642,268.76,957,1317,37,46,2026-09-19 22:18:21.483951+00:00
US-2431175,Gaithersburg,Maryland,MD,,,2025,71113,523152.95,-0.6,2.43,-1.2,2.49,3.99,8,0.11,,1776.0,1.2,109.5,68.46,2.23,100.09,12,35.15,67.97,55.66,51.76,48.07,56.28,51.97,52.02,1297,1705,925,1360,1321.75,780,276.75,1297,1318,3,4,2026-09-19 22:18:21.483951+00:00
US-1738830,Justice,Illinois,IL,,,2025,12285,294008.34,0.07,-2.25,2.78,4.88,6.75,10,0.81,-16.67,289.0,11.15,26.33,21.07,3.44,99.0,12,38.83,62.59,59.52,52.32,49.06,55.0,51.59,51.99,1235,1630,1032,1398,1323.75,598,219.26,1235,1319,143,140,2026-09-19 22:18:21.483951+00:00
US-3902568,Ashland,Ohio,OH,,,2025,18730,231022.96,-0.07,-2.53,5.54,5.62,7.04,3,0.16,200.0,688.0,-5.88,22.08,5.16,1.19,98.07,12,41.72,49.76,83.03,54.86,50.33,52.34,49.47,51.75,943,1502,1279,1571,1323.75,628,244.89,943,1320,88,105,2026-09-19 22:18:21.483951+00:00
US-1245175,Miami Shores,Florida,FL,,,2025,11669,720571.88,-0.98,-0.21,-5.43,0.53,11.11,6,0.51,-33.33,509.0,10.65,100.83,20.4,7.33,93.55,12,64.68,33.84,64.19,53.77,55.36,47.65,50.75,51.88,1058,1054,1718,1465,1323.75,664,282.3,1058,1321,19,28,2026-09-19 22:18:21.483951+00:00
US-1250750,Ocala,Florida,FL,,,2025,71753,269316.01,2.39,12.35,-3.85,-1.91,7.62,703,9.8,-8.82,2388.0,2.58,372.83,23.45,5.73,96.55,12,84.13,30.18,23.05,49.98,58.78,45.29,53.74,51.95,1479,733,1911,1172,1323.75,1178,430.4,1479,1322,51,29,2026-09-19 22:18:21.483951+00:00
US-3525800,Farmington,New Mexico,NM,,,2025,46055,277850.84,-0.21,-0.96,2.47,5.72,7.33,40,0.87,-6.98,1264.0,8.59,88.25,29.78,2.62,95.15,12,51.29,52.42,52.91,52.09,51.87,52.15,51.96,52.02,1264,1382,1294,1362,1325.5,118,48.22,1264,1323,4,5,2026-09-19 22:18:21.483951+00:00
US-5376405,Washougal,Washington,WA,,,2025,18028,638819.34,0.73,5.76,0.07,1.48,5.84,334,18.53,267.03,793.0,2.59,72.92,-12.06,3.42,98.88,12,56.8,51.44,40.92,50.95,52.81,51.47,52.8,52.01,1387,1300,1361,1258,1326.5,129,50.61,1387,1324,44,47,2026-09-19 22:18:21.483951+00:00
US-4815364,Cleburne,Texas,TX,,,2025,39942,275781.94,4.18,26.99,-3.98,-1.32,5.32,574,14.37,-11.42,1988.0,19.26,299.75,15.99,5.66,98.38,12,61.17,52.96,25.61,49.41,53.37,51.32,53.92,52.01,1538,1242,1379,1149,1327.0,389,146.74,1538,1325,44,34,2026-09-19 22:18:21.483951+00:00
US-4824000,El Paso,Texas,TX,,,2025,683012,234128.63,-0.32,0.55,0.81,3.35,7.62,1722,2.52,-8.74,17079.0,-2.91,1621.58,5.14,3.48,98.54,12,61.0,39.77,58.58,52.96,54.27,48.96,51.2,51.85,1153,1155,1576,1425,1327.25,423,181.29,1153,1326,23,35,2026-09-19 22:18:21.483951+00:00
US-3980892,Warren,Ohio,OH,,,2025,38328,123997.35,-0.64,-2.03,6.64,7.57,11.27,0,0.0,,1046.0,-11.58,77.0,2.67,2.76,97.42,12,56.82,30.65,92.1,56.48,54.26,47.72,48.57,51.76,800,1156,1713,1641,1327.5,913,372.34,800,1327,73,106,2026-09-19 22:18:21.483951+00:00
US-3906278,Bexley,Ohio,OH,,,2025,12452,571969.66,-2.51,-10.48,2.62,3.97,5.45,0,0.0,-100.0,531.0,9.03,27.08,20.82,2.0,99.89,12,14.82,79.88,77.43,53.24,43.73,59.99,50.36,51.83,1122,2050,639,1503,1328.5,1411,516.98,1122,1328,105,107,2026-09-19 22:18:21.483951+00:00
US-4756720,Paris,Tennessee,TN,,,2025,10468,211153.76,-0.79,1.73,5.23,4.75,8.19,18,1.72,-5.26,363.0,4.31,50.75,10.93,5.27,94.0,12,70.45,29.52,59.53,53.4,56.53,46.3,50.94,51.79,1104,944,1819,1448,1328.75,875,336.57,1104,1329,22,27,2026-09-19 22:18:21.483951+00:00
US-4869032,Southlake,Texas,TX,,,2025,31175,1294660.4,-0.88,-0.27,2.29,3.52,10.37,57,1.83,32.56,1164.0,5.53,132.25,34.72,4.23,97.59,12,64.35,43.14,41.58,51.24,54.57,49.27,52.53,51.9,1355,1126,1552,1283,1329.0,426,153.08,1355,1330,32,36,2026-09-19 22:18:21.483951+00:00
US-4750280,Morristown,Tennessee,TN,,,2025,33517,261883.09,1.58,9.84,2.22,5.38,8.42,197,5.88,-16.17,1082.0,-3.65,124.5,60.3,4.18,97.44,12,87.64,28.64,16.95,49.32,59.34,44.59,54.02,51.81,1545,674,1963,1141,1330.75,1289,477.75,1545,1331,35,28,2026-09-19 22:18:21.483951+00:00
US-1243000,Marathon,Florida,FL,,,2025,10060,821651.89,-1.18,2.0,-3.19,-1.54,7.41,35,3.48,-63.54,745.0,21.53,219.42,12.38,11.73,93.99,12,65.87,39.27,47.65,52.0,55.16,48.5,52.08,51.93,1273,1072,1636,1346,1331.75,564,202.29,1273,1332,37,30,2026-09-19 22:18:21.483951+00:00
US-5581325,Two Rivers,Wisconsin,WI,,,2025,11222,220632.44,-0.29,-0.36,4.0,6.75,7.58,9,0.8,-35.71,481.0,-9.42,39.83,19.5,3.04,99.72,12,56.16,43.85,61.07,53.08,53.2,50.12,51.11,51.88,1143,1264,1487,1434,1332.0,344,136.72,1143,1333,76,77,2026-09-19 22:18:21.483951+00:00
US-4861196,Red Oak,Texas,TX,,,2025,20394,348038.75,5.14,41.18,-1.98,-0.86,5.79,667,32.71,81.74,879.0,6.29,111.83,11.93,4.7,98.43,12,66.09,46.87,27.78,49.79,54.58,49.78,53.61,51.94,1500,1125,1518,1185,1332.0,393,178.38,1500,1334,41,37,2026-09-19 22:18:21.483951+00:00
US-4838632,Keller,Texas,TX,,,2025,46078,652968.57,-1.12,0.82,0.56,1.67,7.72,60,1.3,71.43,1675.0,-6.48,141.17,12.86,3.12,98.33,12,63.24,36.23,61.43,53.33,54.86,48.11,50.9,51.8,1109,1102,1674,1450,1333.75,572,241.61,1109,1335,22,38,2026-09-19 22:18:21.483951+00:00
US-3738060,Lexington,North Carolina,NC,,,2025,20238,270178.27,1.53,3.67,5.39,5.1,8.6,417,20.6,148.21,903.0,-4.04,84.0,-5.26,3.63,96.92,12,78.76,29.22,38.86,51.45,57.91,45.53,52.48,51.84,1330,824,1891,1291,1334.0,1067,378.22,1330,1336,33,36,2026-09-19 22:18:21.483951+00:00
US-3663264,Rockville Centre,New York,NY,,,2025,25770,944407.09,-0.06,-0.38,3.49,4.83,5.33,1,0.04,-75.0,666.0,-4.58,38.92,-1.48,2.37,100.32,12,30.07,58.47,90.4,55.09,47.64,54.74,48.88,51.59,924,1742,1058,1615,1334.75,818,349.89,924,1337,34,37,2026-09-19 22:18:21.483951+00:00
US-3731400,High Point,North Carolina,NC,,,2025,120571,250871.73,1.88,5.1,-0.07,2.42,6.95,229,1.9,-82.52,3963.0,-13.07,318.08,5.79,2.95,97.63,12,69.41,29.1,62.42,53.56,56.27,46.19,50.58,51.65,1079,966,1833,1481,1339.75,867,343.12,1079,1338,28,37,2026-09-19 22:18:21.483951+00:00
US-2758738,Savage,Minnesota,MN,,,2025,32970,427927.31,0.05,1.18,1.52,1.28,4.15,131,3.97,385.19,1143.0,3.16,63.83,-1.54,2.08,100.03,12,30.43,72.4,55.48,51.38,46.78,57.27,51.82,51.81,1337,1812,836,1374,1339.75,976,345.67,1337,1339,51,51,2026-09-19 22:18:21.483951+00:00
US-4741340,Lawrenceburg,Tennessee,TN,,,2025,12236,237931.2,0.56,5.17,5.58,4.02,8.11,32,2.62,18.52,402.0,1.01,59.5,14.79,5.56,94.56,12,79.86,23.43,49.98,52.64,58.45,44.34,51.48,51.73,1193,772,1987,1408,1340.0,1215,438.03,1193,1340,25,29,2026-09-19 22:18:21.483951+00:00
US-0640256,La Palma,California,CA,,,2025,14907,1160552.15,-0.86,-4.21,0.63,5.0,7.88,0,0.0,,200.0,-19.03,9.92,14.42,1.89,99.78,12,42.07,49.22,82.5,54.68,50.28,52.06,49.33,51.59,967,1512,1303,1579,1340.25,612,238.33,967,1341,59,107,2026-09-19 22:18:21.483951+00:00
US-5374060,Vancouver,Washington,WA,,,2025,199698,505508.34,0.56,4.41,-0.96,1.11,5.27,771,3.86,-36.02,5343.0,2.81,391.0,29.76,2.65,99.57,12,47.73,63.35,32.92,49.49,50.19,54.1,53.28,51.77,1530,1517,1112,1205,1341.0,418,185.5,1530,1342,50,48,2026-09-19 22:18:21.483951+00:00
US-1214250,Coral Gables,Florida,FL,,,2025,49578,1474319.05,-1.0,-0.33,-1.52,4.42,12.62,62,1.25,24.0,1942.0,10.22,363.17,10.16,6.83,93.72,12,64.1,33.9,64.4,53.6,55.08,47.53,50.54,51.69,1073,1085,1726,1484,1342.0,653,276.6,1073,1343,21,31,2026-09-19 22:18:21.483951+00:00
US-2511000,Cambridge,Massachusetts,MA,,,2025,122588,1038523.43,0.62,5.5,0.24,1.95,2.31,59,0.48,-87.93,1905.0,-0.57,157.92,16.98,3.07,101.31,12,37.13,60.53,67.36,52.88,48.68,54.54,50.68,51.69,1168,1667,1073,1471,1344.75,594,237.1,1168,1344,35,35,2026-09-19 22:18:21.483951+00:00
US-5309480,Camas,Washington,WA,,,2025,27749,753944.53,1.56,4.44,-1.26,0.93,6.23,237,8.54,-4.05,1450.0,18.37,180.75,86.66,4.73,99.27,12,57.99,61.44,11.6,47.6,52.06,52.93,54.9,51.87,1734,1369,1217,1062,1345.5,672,249.18,1734,1345,62,49,2026-09-19 22:18:21.483951+00:00
US-5536250,Hudson,Wisconsin,WI,,,2025,15019,492808.46,0.31,1.33,1.59,3.41,5.78,16,1.07,-68.0,613.0,0.99,46.33,38.31,2.84,100.35,12,43.06,62.71,46.66,50.84,49.5,54.41,52.27,51.75,1395,1581,1086,1322,1346.0,495,177.34,1395,1346,82,78,2026-09-19 22:18:21.483951+00:00
US-5320155,East Wenatchee,Washington,WA,,,2025,14414,509558.78,1.19,2.04,0.87,2.01,4.63,25,1.73,316.67,349.0,3.25,22.58,15.32,2.34,99.41,12,36.49,66.06,55.57,51.61,48.22,55.61,51.7,51.79,1310,1695,992,1388,1346.25,703,250.09,1310,1347,38,50,2026-09-19 22:18:21.483951+00:00
US-5549675,Marshfield,Wisconsin,WI,,,2025,18980,250318.49,-0.45,0.15,5.57,6.13,6.38,25,1.32,19.05,777.0,9.59,71.58,11.56,3.48,98.05,12,44.72,54.53,62.41,52.57,50.31,52.77,50.9,51.64,1204,1507,1228,1451,1347.5,303,133.25,1204,1348,77,79,2026-09-19 22:18:21.483951+00:00
US-3949434,Miamisburg,Ohio,OH,,,2025,20414,261014.86,0.75,2.56,4.75,4.95,6.83,104,5.09,205.88,884.0,-6.55,54.5,12.56,2.28,98.62,12,61.45,45.97,41.18,50.96,53.76,49.89,52.45,51.77,1386,1208,1508,1292,1348.5,300,111.56,1386,1349,114,108,2026-09-19 22:18:21.483951+00:00
US-5322045,Enumclaw,Washington,WA,,,2025,13172,674209.1,1.13,4.43,-0.29,2.06,5.53,77,5.85,305.26,526.0,-3.13,24.0,33.33,1.7,99.9,12,50.07,64.06,24.54,48.58,50.44,53.94,53.81,51.69,1622,1492,1123,1163,1350.0,499,212.51,1622,1350,58,51,2026-09-19 22:18:21.483951+00:00
US-0158848,Pelham,Alabama,AL,,,2025,25664,321256.33,1.01,5.87,1.54,0.78,5.37,136,5.3,20.35,1473.0,12.79,153.58,24.7,3.88,98.8,12,51.86,59.6,31.04,49.36,51.06,52.99,53.26,51.67,1540,1442,1213,1208,1350.75,332,144.48,1540,1351,16,12,2026-09-19 22:18:21.483951+00:00
US-0171976,Spanish Fort,Alabama,AL,,,2025,11203,380398.86,1.06,10.72,1.17,1.24,5.73,57,5.09,-32.94,605.0,20.76,70.83,36.22,4.58,97.71,12,60.96,52.94,25.0,49.16,53.16,51.15,53.75,51.81,1566,1269,1398,1170,1350.75,396,148.26,1566,1352,20,13,2026-09-19 22:18:21.483951+00:00
US-1773170,Streator,Illinois,IL,,,2025,12190,127452.98,-0.36,-2.18,9.04,7.7,8.04,1,0.08,,473.0,11.56,51.17,25.56,4.1,95.55,12,51.93,44.6,68.7,53.56,52.25,50.41,50.31,51.63,1080,1352,1466,1507,1351.25,427,166.59,1080,1353,135,141,2026-09-19 22:18:21.483951+00:00
US-1332048,Garden City,Georgia,GA,,,2025,10513,267756.82,-1.06,0.99,-2.24,5.5,10.23,1,0.1,-90.91,122.0,-15.86,11.58,28.7,4.2,98.74,12,70.45,26.14,66.23,53.89,56.52,45.45,50.09,51.49,1043,945,1899,1523,1352.5,954,383.92,1043,1354,20,37,2026-09-19 22:18:21.483951+00:00
US-3656660,Patchogue,New York,NY,,,2025,12486,588472.61,-0.07,1.0,2.82,5.89,6.95,270,21.62,,364.0,-10.12,26.33,-0.32,2.67,101.42,12,56.45,52.72,36.74,50.22,52.38,51.44,52.8,51.71,1458,1337,1363,1257,1353.75,201,71.75,1458,1355,45,38,2026-09-19 22:18:21.483951+00:00
US-1255125,Parkland,Florida,FL,,,2025,39186,1056476.3,0.04,12.25,-3.73,-0.51,8.67,32,0.82,52.38,554.0,-19.94,100.92,10.59,6.72,95.3,12,90.17,4.14,68.37,54.61,61.09,39.59,49.28,51.14,973,548,2310,1584,1353.75,1762,663.63,973,1356,12,32,2026-09-19 22:18:21.483951+00:00
US-0654848,Pacific Grove,California,CA,,,2025,14659,1353238.87,-0.66,-2.86,-1.83,1.39,6.1,12,0.82,500.0,463.0,18.72,34.92,6.62,2.92,98.61,12,27.88,67.98,71.52,52.83,46.46,56.48,50.29,51.51,1177,1846,900,1509,1358.0,946,354.78,1177,1357,82,108,2026-09-19 22:18:21.483951+00:00
US-0656784,Petaluma,California,CA,,,2025,59688,896327.74,0.42,-0.11,-2.77,0.13,3.38,276,4.62,2966.67,1458.0,8.32,74.58,5.42,1.88,101.07,12,21.39,84.0,48.87,50.18,44.3,59.95,52.32,51.68,1464,2013,643,1314,1358.5,1370,488.22,1464,1358,121,109,2026-09-19 22:18:21.483951+00:00
US-0669112,Santa Cruz,California,CA,,,2025,61797,1308107.49,-1.26,-3.71,0.6,0.59,5.17,228,3.69,322.22,983.0,15.92,58.08,-16.63,2.2,100.21,12,15.59,84.56,62.16,51.38,43.27,60.51,51.29,51.61,1338,2075,603,1419,1358.75,1472,521.59,1338,1359,104,110,2026-09-19 22:18:21.483951+00:00
US-0665000,San Bernardino,California,CA,,,2025,222044,484923.19,-0.05,-0.02,-1.78,2.38,7.43,87,0.39,85.11,3455.0,-5.96,348.08,25.59,3.69,99.66,12,56.66,42.17,62.07,52.94,53.12,49.5,50.68,51.56,1157,1272,1537,1473,1359.75,380,152.52,1157,1360,76,111,2026-09-19 22:18:21.483951+00:00
US-4173650,Tigard,Oregon,OR,,,2025,57929,610800.27,1.55,5.28,-2.42,-0.32,4.32,228,3.94,-55.64,2416.0,3.78,197.33,5.86,3.02,99.37,12,43.77,59.96,51.03,51.25,49.72,53.76,51.78,51.63,1351,1565,1146,1378,1360.0,419,148.51,1351,1361,8,9,2026-09-19 22:18:21.483951+00:00
US-1264875,Sebring,Florida,FL,,,2025,12059,240474.45,2.07,9.96,-2.76,0.58,8.15,39,3.23,-77.59,688.0,-8.63,107.33,1.74,5.93,95.96,12,86.37,12.77,56.94,53.25,59.88,41.48,50.31,51.23,1121,637,2174,1508,1360.0,1537,562.22,1121,1362,27,33,2026-09-19 22:18:21.483951+00:00
US-0571480,Van Buren,Arkansas,AR,,,2025,24556,202797.31,0.64,5.66,5.47,4.02,6.9,19,0.77,-34.48,775.0,-19.69,67.0,0.5,3.2,97.38,12,69.93,22.29,76.18,54.82,56.57,44.66,49.12,51.29,950,941,1955,1596,1360.5,1014,433.99,950,1363,11,16,2026-09-19 22:18:21.483951+00:00
US-2612060,Burton,Michigan,MI,,,2025,29313,158192.24,-0.09,-1.18,6.67,5.49,6.7,25,0.85,-3.85,1332.0,-0.97,72.42,11.27,2.01,98.36,12,42.56,54.47,67.16,52.88,49.82,52.8,50.38,51.47,1166,1551,1227,1501,1361.25,385,167.09,1166,1364,43,47,2026-09-19 22:18:21.483951+00:00
US-2108902,Bowling Green,Kentucky,KY,,,2025,78505,282340.54,0.15,8.32,1.56,2.51,6.41,514,6.55,-26.68,1739.0,9.72,254.92,9.64,5.5,96.72,12,67.14,40.22,39.88,50.91,54.98,48.25,52.3,51.61,1391,1094,1661,1317,1365.75,567,202.51,1391,1365,10,10,2026-09-19 22:18:21.483951+00:00
US-1242575,Maitland,Florida,FL,,,2025,19511,472559.91,-0.83,0.02,-2.14,1.03,6.75,6,0.31,0.0,698.0,6.4,68.5,18.61,3.61,97.33,12,48.8,47.2,68.92,53.27,51.33,50.93,50.09,51.41,1119,1413,1416,1524,1368.0,405,150.55,1119,1366,26,34,2026-09-19 22:18:21.483951+00:00
US-3916014,Cleveland Heights,Ohio,OH,,,2025,43750,212575.99,-0.15,-3.26,2.42,4.53,7.31,4,0.09,-94.12,1989.0,5.69,185.33,28.85,3.46,98.83,12,41.69,55.56,66.23,52.68,49.53,53.0,50.39,51.4,1186,1579,1212,1500,1369.25,393,172.77,1186,1367,109,109,2026-09-19 22:18:21.483951+00:00
US-1912000,Cedar Rapids,Iowa,IA,,,2025,137935,209547.3,0.67,0.06,3.76,3.62,5.45,511,3.7,-15.95,6638.0,9.52,367.75,13.18,2.05,98.84,12,33.34,72.48,45.65,50.12,46.93,56.71,52.18,51.49,1470,1797,879,1334,1370.0,918,329.66,1470,1368,10,9,2026-09-19 22:18:21.483951+00:00
US-1861092,Portage,Indiana,IN,,,2025,38634,269576.48,0.41,1.76,0.1,3.14,6.17,160,4.14,36.75,1492.0,2.83,115.5,16.28,2.88,99.05,12,49.33,57.53,41.63,50.28,50.64,52.69,52.25,51.46,1451,1475,1234,1326,1371.5,241,97.48,1451,1369,52,49,2026-09-19 22:18:21.483951+00:00
US-3909246,Brooklyn,Ohio,OH,,,2025,11072,207148.08,0.24,-2.27,7.97,7.14,8.55,62,5.6,,288.0,-2.7,13.17,71.74,1.69,99.53,12,54.01,62.32,17.59,47.81,51.04,53.12,54.11,51.52,1708,1446,1203,1136,1373.25,572,225.07,1708,1370,125,110,2026-09-19 22:18:21.483951+00:00
US-2808300,Brandon,Mississippi,MS,,,2025,26122,285725.43,0.61,3.89,1.24,1.77,5.26,72,2.76,-20.88,1042.0,11.32,84.17,19.95,3.06,98.04,12,46.42,59.2,45.02,50.54,50.05,53.24,52.03,51.47,1420,1531,1189,1354,1373.5,342,123.88,1420,1371,6,5,2026-09-19 22:18:21.483951+00:00
US-4014700,Claremore,Oklahoma,OK,,,2025,20681,257836.08,0.38,5.26,-0.17,2.07,6.48,342,16.54,248.98,917.0,2.8,77.25,22.62,3.1,98.52,12,63.58,51.76,19.28,48.37,53.39,50.43,53.83,51.51,1643,1239,1465,1161,1377.0,482,189.87,1643,1372,21,15,2026-09-19 22:18:21.483951+00:00
US-5363000,Seattle,Washington,WA,,,2025,784777,855822.37,1.5,5.95,-2.11,0.08,2.39,4366,5.56,-25.94,26039.0,5.51,1756.83,24.45,2.43,100.25,12,38.12,73.34,30.49,48.54,47.54,56.35,53.21,51.41,1631,1752,914,1212,1377.25,838,334.19,1631,1373,59,52,2026-09-19 22:18:21.483951+00:00
US-3110110,Columbus,Nebraska,NE,,,2025,25248,268402.34,0.11,4.82,4.86,4.67,6.76,402,15.92,318.75,877.0,4.78,81.33,40.63,3.43,98.66,12,66.06,53.29,9.36,47.41,53.72,50.53,54.64,51.58,1755,1214,1458,1083,1377.5,672,256.15,1755,1374,11,9,2026-09-19 22:18:21.483951+00:00
US-1320932,Cumming,Georgia,GA,,,2025,12494,607062.18,23.59,69.94,-2.07,2.48,9.1,182,14.57,-82.91,561.0,-3.77,82.33,58.08,5.57,97.6,12,95.03,24.07,6.33,48.02,60.44,42.7,54.23,51.35,1687,595,2106,1126,1378.5,1511,570.54,1687,1375,45,38,2026-09-19 22:18:21.483951+00:00
US-4545115,Mauldin,South Carolina,SC,,,2025,31465,294356.58,5.22,26.83,0.78,1.53,6.84,802,25.49,5.53,1905.0,-0.68,213.25,42.32,4.24,98.72,12,79.31,39.82,8.24,47.72,56.8,46.93,54.44,51.47,1718,925,1772,1106,1380.25,847,370.81,1718,1376,29,25,2026-09-19 22:18:21.483951+00:00
US-2771734,Worthington,Minnesota,MN,,,2025,13979,242403.95,0.4,0.68,6.26,4.28,7.4,90,6.44,1025.0,314.0,9.79,30.17,10.7,3.77,96.85,12,59.47,48.01,39.38,50.44,53.02,50.15,52.3,51.48,1438,1281,1486,1318,1380.75,205,84.03,1438,1377,55,52,2026-09-19 22:18:21.483951+00:00
US-3476490,Wallington,New Jersey,NJ,,,2025,12092,654251.64,0.82,2.09,6.59,6.42,6.64,3,0.25,,147.0,-12.5,16.5,19.28,4.74,101.5,12,57.09,38.08,69.21,53.47,53.21,48.45,49.75,51.22,1094,1263,1639,1544,1385.0,545,217.58,1094,1378,91,98,2026-09-19 22:18:21.483951+00:00
US-2546225,North Adams,Massachusetts,MA,,,2025,12368,258231.07,-0.71,-2.86,3.89,6.39,8.94,1,0.08,-50.0,375.0,-3.85,33.75,4.65,3.25,97.77,12,53.13,35.54,85.49,55.06,52.71,48.31,48.45,51.13,932,1306,1655,1650,1385.75,723,297.73,932,1379,32,36,2026-09-19 22:18:21.483951+00:00
US-0650398,National City,California,CA,,,2025,57807,688442.45,-0.52,-5.93,-1.03,2.3,6.18,0,0.0,-100.0,451.0,13.89,40.33,19.21,3.5,99.68,12,22.87,69.21,78.75,53.06,45.16,56.74,49.31,51.07,1146,1944,875,1581,1386.5,1069,408.69,1146,1380,74,112,2026-09-19 22:18:21.483951+00:00
US-0824785,Englewood,Colorado,CO,,,2025,35305,515615.36,-1.11,4.97,-3.45,-0.99,3.13,84,2.38,740.0,1370.0,10.39,100.67,20.44,2.67,98.63,12,39.16,65.68,46.84,50.36,48.27,54.9,51.86,51.35,1442,1694,1045,1369,1387.5,649,231.6,1442,1381,11,11,2026-09-19 22:18:21.483951+00:00
US-1830042,Griffith,Indiana,IN,,,2025,16137,248608.98,-0.4,-2.43,1.81,4.21,6.73,1,0.06,0.0,536.0,-4.29,24.67,0.34,1.8,98.18,12,37.97,49.7,88.62,54.74,49.09,52.02,48.31,51.04,959,1629,1306,1660,1388.5,701,284.09,959,1382,40,50,2026-09-19 22:18:21.483951+00:00
US-2730140,Hopkins,Minnesota,MN,,,2025,19523,329538.83,0.03,2.71,2.7,2.34,4.24,5,0.26,-58.33,552.0,-3.83,31.25,13.29,2.09,99.35,12,37.06,56.65,73.89,53.12,48.46,53.36,49.56,51.13,1134,1679,1182,1560,1388.75,545,235.17,1134,1383,38,53,2026-09-19 22:18:21.483951+00:00
US-4530850,Greenville,South Carolina,SC,,,2025,75310,329200.58,0.48,5.38,1.57,2.5,6.65,766,10.17,89.6,2849.0,12.52,326.25,34.17,4.21,97.51,12,66.08,50.12,16.15,48.01,53.8,49.81,53.9,51.38,1690,1206,1514,1152,1390.5,538,221.29,1690,1384,28,26,2026-09-19 22:18:21.483951+00:00
US-0659500,Rancho Mirage,California,CA,,,2025,17876,826664.45,-0.24,4.91,-4.46,-1.26,8.07,53,2.96,3.92,2182.0,2.92,412.17,26.11,7.05,95.83,12,78.92,27.45,39.44,51.03,57.55,44.69,51.81,51.27,1377,860,1953,1375,1391.25,1093,386.74,1377,1385,111,113,2026-09-19 22:18:21.483951+00:00
US-1362104,Pooler,Georgia,GA,,,2025,32744,353400.39,4.6,27.64,-3.81,2.1,7.67,1223,37.35,48.42,2216.0,-6.69,268.0,41.74,4.63,98.76,12,88.24,29.95,8.49,47.9,58.79,44.22,54.04,51.24,1701,731,1996,1139,1391.75,1265,490.21,1701,1386,46,39,2026-09-19 22:18:21.483951+00:00
US-3770540,Wake Forest,North Carolina,NC,,,2025,58147,511321.72,2.71,16.94,-1.9,-0.18,7.2,908,15.62,21.55,2924.0,-12.59,264.5,34.49,3.31,99.01,12,82.12,34.87,12.32,48.13,57.47,45.66,53.88,51.29,1673,862,1878,1155,1392.0,1016,403.8,1673,1387,40,38,2026-09-19 22:18:21.483951+00:00
US-0168160,Saraland,Alabama,AL,,,2025,16652,236137.52,0.66,1.93,0.57,3.19,5.83,49,2.94,-62.88,579.0,8.43,44.67,11.43,2.93,97.74,12,46.33,56.36,51.12,51.04,50.06,52.57,51.33,51.25,1376,1529,1251,1416,1393.0,278,99.35,1376,1388,13,14,2026-09-19 22:18:21.483951+00:00
US-0126896,Florence,Alabama,AL,,,2025,42581,211078.9,-0.16,4.92,-0.28,2.15,5.76,287,6.74,119.08,1645.0,19.2,125.58,26.43,2.87,96.22,12,53.82,58.53,26.13,48.55,51.08,52.26,53.17,51.26,1629,1439,1287,1218,1393.25,411,157.85,1629,1389,22,15,2026-09-19 22:18:21.483951+00:00
US-5368750,Sunnyside,Washington,WA,,,2025,16430,321989.08,0.56,0.18,2.16,3.23,5.83,28,1.7,-3.45,177.0,53.91,28.42,-16.22,6.08,98.69,12,38.16,55.34,74.1,53.16,48.7,53.0,49.49,51.09,1131,1662,1211,1569,1393.25,531,226.44,1131,1390,31,53,2026-09-19 22:18:21.483951+00:00
US-1207300,Boca Raton,Florida,FL,,,2025,101582,555659.67,-0.33,3.4,-4.09,-0.16,8.08,84,0.83,12.0,5343.0,-1.06,992.5,8.34,6.87,94.18,12,75.46,18.13,69.89,54.0,57.42,43.09,49.1,50.91,1032,870,2077,1597,1394.0,1207,477.84,1032,1391,16,35,2026-09-19 22:18:21.483951+00:00
US-0645778,Marina,California,CA,,,2025,23256,857520.84,1.37,3.98,-3.63,0.88,4.37,144,6.19,17.07,357.0,9.17,29.42,-14.53,3.07,98.57,12,41.0,60.65,54.13,51.16,48.86,53.78,51.16,51.24,1360,1646,1144,1430,1395.0,502,179.2,1360,1392,108,114,2026-09-19 22:18:21.483951+00:00
US-4534045,Hilton Head Island,South Carolina,SC,,,2025,38196,763717.77,-0.59,1.61,2.14,3.2,11.01,208,5.45,79.31,5238.0,5.54,666.92,26.51,4.65,96.33,12,73.41,37.01,29.18,49.61,55.85,46.75,52.6,51.21,1518,1006,1785,1271,1395.0,779,288.93,1518,1393,25,27,2026-09-19 22:18:21.483951+00:00
US-3974118,Springfield,Ohio,OH,,,2025,58281,186540.06,-0.57,-0.51,4.76,6.94,8.73,211,3.62,15.93,2434.0,-0.41,170.58,30.97,2.61,97.89,12,62.34,46.94,33.15,49.65,53.34,49.49,52.49,51.24,1511,1246,1538,1290,1396.25,292,129.54,1511,1394,118,111,2026-09-19 22:18:21.483951+00:00
US-0608786,Buena Park,California,CA,,,2025,81741,915845.47,-0.54,-2.47,-1.23,3.53,6.19,94,1.15,-3.09,1110.0,2.12,67.67,12.47,2.28,99.85,12,30.53,67.69,63.26,51.72,46.59,55.88,50.53,51.18,1301,1831,967,1487,1396.5,864,312.48,1301,1395,97,115,2026-09-19 22:18:21.483951+00:00
US-2743252,Minnetonka,Minnesota,MN,,,2025,53969,478816.55,2.21,-0.24,2.62,2.54,4.49,64,1.19,-89.53,2281.0,11.81,148.25,21.93,2.5,99.74,12,25.08,76.38,55.19,50.56,44.98,57.81,51.17,51.13,1419,1951,789,1428,1396.75,1162,411.71,1419,1396,52,54,2026-09-19 22:18:21.483951+00:00
US-0665070,San Carlos,California,CA,,,2025,29261,2332093.83,-0.11,-4.53,2.99,2.46,4.61,33,1.13,43.48,900.0,12.92,34.92,20.4,1.5,104.33,12,8.67,92.65,56.94,50.13,41.11,62.1,51.29,51.16,1469,2202,499,1418,1397.0,1703,604.16,1469,1397,123,116,2026-09-19 22:18:21.483951+00:00
US-3008950,Bozeman,Montana,MT,,,2025,58814,727655.47,1.19,9.14,-2.52,1.25,6.36,908,15.44,4.73,2107.0,6.63,296.5,3.46,5.19,97.62,12,67.09,41.27,35.24,50.09,54.57,48.11,52.29,51.26,1473,1127,1673,1319,1398.0,546,200.58,1473,1398,6,6,2026-09-19 22:18:21.483951+00:00
US-0672520,Soledad,California,CA,,,2025,26357,620741.04,1.77,-1.31,0.56,1.88,5.8,36,1.37,-10.0,151.0,-6.21,6.17,-32.11,1.73,100.33,12,30.74,61.59,76.93,53.08,46.92,54.63,49.24,50.97,1141,1800,1067,1588,1399.0,733,305.5,1141,1399,73,117,2026-09-19 22:18:21.483951+00:00
US-1378800,Valdosta,Georgia,GA,,,2025,56186,208805.08,0.63,1.37,2.13,4.27,8.08,507,9.02,-6.97,1863.0,3.21,163.08,17.61,3.21,96.52,12,68.12,42.65,28.63,49.33,54.56,48.19,52.71,51.2,1542,1130,1663,1264,1399.75,533,212.56,1542,1400,41,40,2026-09-19 22:18:21.483951+00:00
US-5337270,Lake Forest Park,Washington,WA,,,2025,13191,1026419.48,0.3,-3.08,-1.64,2.04,5.63,6,0.45,-50.0,409.0,-6.41,11.42,-11.61,0.98,103.53,12,21.98,67.06,85.14,53.55,44.98,56.25,48.58,50.84,1082,1954,927,1639,1400.5,1027,415.0,1082,1401,29,54,2026-09-19 22:18:21.483951+00:00
US-4848096,Midlothian,Texas,TX,,,2025,46683,454567.97,5.92,31.62,-0.84,-0.6,5.69,825,17.67,-9.84,2702.0,4.61,355.75,-6.63,4.8,98.03,12,65.01,41.73,39.37,50.45,54.18,48.36,51.97,51.24,1434,1167,1646,1359,1401.5,479,171.49,1434,1402,38,39,2026-09-19 22:18:21.483951+00:00
US-3979002,Upper Arlington,Ohio,OH,,,2025,35893,631894.17,-0.46,-2.32,3.77,4.62,6.36,20,0.56,-9.09,1435.0,-12.5,75.33,-1.74,1.97,101.0,12,33.41,57.34,80.41,53.54,47.64,53.62,48.88,50.92,1087,1743,1160,1616,1401.5,656,282.78,1087,1403,101,112,2026-09-19 22:18:21.483951+00:00
US-1338964,Hinesville,Georgia,GA,,,2025,36674,240320.71,0.43,4.62,1.56,4.72,9.8,170,4.64,14.86,1977.0,-23.37,222.5,30.95,4.31,99.38,12,82.43,27.49,29.12,49.87,57.95,44.22,52.37,51.1,1489,822,1997,1304,1403.0,1175,420.59,1489,1404,39,41,2026-09-19 22:18:21.483951+00:00
US-4105800,Bend,Oregon,OR,,,2025,107342,737662.63,0.56,7.68,-3.17,-0.01,6.08,1756,16.36,172.25,5776.0,8.49,624.0,26.06,3.97,98.63,12,61.72,54.06,16.92,47.84,52.7,50.78,53.79,51.28,1706,1307,1434,1166,1403.25,540,198.84,1706,1405,16,10,2026-09-19 22:18:21.483951+00:00
US-0666000,San Diego,California,CA,,,2025,1406106,986025.52,0.42,1.7,-3.76,2.47,6.81,6828,4.86,3.22,28706.0,0.65,2279.0,31.55,2.89,99.03,12,57.76,53.56,28.28,48.92,52.08,51.03,52.92,51.24,1592,1367,1411,1246,1404.0,346,124.22,1592,1406,134,118,2026-09-19 22:18:21.483951+00:00
US-0159760,Pike Road,Alabama,AL,,,2025,11899,402818.37,4.04,24.78,1.76,1.5,4.73,209,17.56,4.5,697.0,17.94,110.17,12.22,5.83,98.73,12,57.01,54.57,27.52,48.78,51.85,51.24,52.96,51.21,1604,1384,1387,1242,1404.25,362,129.36,1604,1407,21,16,2026-09-19 22:18:21.483951+00:00
US-0662938,Roseville,California,CA,,,2025,167302,644298.6,2.3,12.65,-1.24,0.02,4.18,1504,8.99,-21.05,5674.0,4.3,387.75,44.82,2.51,99.52,12,50.84,66.54,13.19,46.92,49.9,53.83,54.14,51.2,1807,1545,1134,1131,1404.25,676,287.11,1807,1408,166,119,2026-09-19 22:18:21.483951+00:00
US-1264825,Sebastian,Florida,FL,,,2025,27352,347461.84,1.4,8.91,-3.95,-1.54,6.74,143,5.23,-15.38,1803.0,-1.26,221.42,-7.81,4.54,97.03,12,71.76,28.85,53.4,52.15,56.13,45.4,50.61,51.07,1259,980,1902,1478,1404.75,922,337.0,1259,1409,36,36,2026-09-19 22:18:21.483951+00:00
US-4051150,Newcastle,Oklahoma,OK,,,2025,15198,291542.63,3.4,36.05,0.18,1.38,5.32,213,14.02,33.13,967.0,19.09,150.5,40.87,5.78,99.01,12,61.26,57.08,10.42,47.08,52.38,51.33,54.29,51.27,1791,1336,1376,1120,1405.75,671,242.81,1791,1410,26,16,2026-09-19 22:18:21.483951+00:00
US-4141650,Lebanon,Oregon,OR,,,2025,20267,393152.44,1.44,9.18,-0.01,1.79,6.02,43,2.12,-67.67,649.0,-8.72,84.33,-3.44,4.96,99.57,12,62.84,32.74,66.07,53.11,54.29,46.77,49.62,50.95,1136,1153,1783,1551,1405.75,647,273.89,1136,1411,6,11,2026-09-19 22:18:21.483951+00:00
US-0665084,San Clemente,California,CA,,,2025,62226,1671983.11,-0.76,-3.1,-0.86,5.09,10.36,29,0.47,-32.56,1967.0,-2.58,174.58,17.04,3.22,98.65,12,52.44,43.02,67.54,52.92,51.88,49.52,49.71,51.01,1161,1380,1536,1549,1406.5,388,156.56,1161,1412,78,120,2026-09-19 22:18:21.483951+00:00
US-4780200,White House,Tennessee,TN,,,2025,17872,390105.16,8.52,36.56,-0.88,-0.22,5.86,434,24.28,-27.67,2019.0,-5.34,163.5,12.18,2.98,99.09,12,66.9,44.18,27.59,49.12,54.19,48.51,52.75,51.14,1573,1164,1635,1262,1408.5,471,199.75,1573,1413,37,30,2026-09-19 22:18:21.483951+00:00
US-3849900,Mandan,North Dakota,ND,,,2025,25061,338647.26,0.91,3.48,6.29,4.79,5.86,65,2.59,25.0,838.0,-3.01,67.75,-10.17,2.96,98.69,12,51.57,44.76,65.24,52.6,51.58,49.88,49.87,50.98,1199,1397,1512,1533,1410.25,334,132.5,1199,1414,4,4,2026-09-19 22:18:21.483951+00:00
US-4718540,Crossville,Tennessee,TN,,,2025,13113,304834.6,2.41,8.45,-0.34,3.38,9.01,128,9.76,12.28,458.0,-1.29,86.42,17.04,7.03,96.3,12,88.3,21.37,28.14,49.83,59.2,42.46,52.17,50.91,1493,693,2121,1336,1410.75,1428,507.93,1493,1415,30,31,2026-09-19 22:18:21.483951+00:00
US-4841800,Lavon,Texas,TX,,,2025,11888,362098.18,40.39,161.79,-6.98,-5.44,3.73,1266,106.49,5.76,1894.0,42.19,224.67,9.59,4.38,98.38,12,52.36,58.03,29.82,48.71,50.68,52.1,52.66,51.03,1608,1474,1297,1266,1411.25,342,138.56,1608,1416,51,40,2026-09-19 22:18:21.483951+00:00
US-5551575,Middleton,Wisconsin,WI,,,2025,23115,615900.15,2.59,4.73,2.06,5.1,6.6,489,21.16,9.15,840.0,-7.08,76.33,-0.11,3.64,100.04,12,64.08,43.43,36.56,49.97,53.76,48.6,52.04,51.09,1480,1210,1618,1352,1415.0,408,151.19,1480,1417,84,80,2026-09-19 22:18:21.483951+00:00
US-0875640,Superior,Colorado,CO,,,2025,13637,824364.85,0.57,4.05,-2.8,-1.18,4.75,337,24.71,114.65,645.0,22.39,62.42,0.54,3.58,98.73,12,43.22,65.0,36.17,49.08,48.69,54.14,52.31,51.06,1578,1664,1107,1315,1416.0,557,219.9,1578,1418,15,12,2026-09-19 22:18:21.483951+00:00
US-4924740,Farmington,Utah,UT,,,2025,26266,680233.37,0.32,6.85,4.31,3.42,7.48,628,23.91,521.78,690.0,-8.49,60.5,29.18,3.22,98.88,12,77.97,37.54,14.71,48.01,56.35,46.25,53.45,51.01,1691,957,1826,1194,1417.0,869,354.85,1691,1419,39,33,2026-09-19 22:18:21.483951+00:00
US-5367167,Spokane Valley,Washington,WA,,,2025,108405,414730.14,0.18,4.61,0.24,0.44,5.88,855,7.89,80.38,3112.0,0.26,237.33,18.08,2.79,99.31,12,54.49,55.47,30.53,48.85,51.19,51.44,52.54,51.0,1598,1425,1365,1281,1417.25,317,116.22,1598,1420,55,55,2026-09-19 22:18:21.483951+00:00
US-0614260,Coachella,California,CA,,,2025,45411,432309.86,1.15,8.12,-0.67,1.92,7.75,33,0.73,-26.67,307.0,-20.05,48.58,45.02,5.8,99.01,12,81.7,20.14,48.03,51.74,58.18,42.79,50.63,50.84,1300,796,2099,1477,1418.0,1303,465.85,1300,1421,96,121,2026-09-19 22:18:21.483951+00:00
US-3268400,Sparks,Nevada,NV,,,2025,111902,528440.35,0.72,2.77,-0.79,0.66,5.38,652,5.83,-19.01,4535.0,10.48,362.25,19.42,2.92,98.73,12,44.61,64.38,33.66,48.79,48.9,53.84,52.41,50.98,1602,1641,1133,1297,1418.25,508,211.81,1602,1422,2,2,2026-09-19 22:18:21.483951+00:00
US-3430420,Hasbrouck Heights,New Jersey,NJ,,,2025,12211,697734.35,0.19,1.03,4.28,6.18,6.15,17,1.39,-15.0,217.0,-13.89,18.67,-19.71,3.33,102.0,12,45.9,45.6,76.58,53.47,50.41,50.34,48.84,50.76,1093,1493,1470,1619,1418.75,526,196.44,1093,1423,90,99,2026-09-19 22:18:21.483951+00:00
US-4273808,State College,Pennsylvania,PA,,,2025,40844,405116.39,-0.6,0.23,1.21,2.81,4.19,4,0.1,300.0,436.0,13.25,29.42,101.71,2.48,99.28,12,25.92,74.53,56.11,50.48,45.03,57.18,50.81,50.88,1428,1949,844,1460,1420.25,1105,391.56,1428,1424,35,33,2026-09-19 22:18:21.483951+00:00
US-1324600,Duluth,Georgia,GA,,,2025,33815,447814.09,0.52,4.91,-2.24,1.74,7.93,101,2.99,-47.12,1226.0,-12.11,121.5,28.23,3.69,98.39,12,77.92,28.15,38.04,50.53,57.01,44.57,51.54,50.91,1422,899,1966,1400,1421.75,1067,377.47,1422,1425,38,42,2026-09-19 22:18:21.483951+00:00
US-1739727,Kewanee,Illinois,IL,,,2025,12115,81474.0,-0.29,-2.8,5.45,5.94,4.02,0,0.0,-100.0,399.0,30.82,21.42,-8.87,2.07,97.51,12,12.19,71.47,97.08,54.16,42.71,57.53,47.35,50.44,1014,2115,806,1752,1421.75,1309,532.7,1014,1426,133,142,2026-09-19 22:18:21.483951+00:00
US-4802212,Alton,Texas,TX,,,2025,24138,193912.13,5.74,31.49,0.22,3.98,7.84,224,9.28,-56.34,403.0,-34.79,111.33,1.6,10.61,98.51,12,89.23,14.75,41.0,51.1,59.65,41.03,50.89,50.67,1367,658,2212,1453,1422.5,1554,550.4,1367,1427,33,41,2026-09-19 22:18:21.483951+00:00
US-5669845,Sheridan,Wyoming,WY,,,2025,20015,437830.32,1.12,6.54,3.49,2.29,6.37,290,14.49,35.51,888.0,6.35,113.92,3.56,4.88,97.98,12,64.13,43.53,35.72,49.82,53.69,48.54,52.02,51.02,1494,1217,1627,1356,1423.5,410,152.96,1494,1428,5,5,2026-09-19 22:18:21.483951+00:00
US-1834114,Hobart,Indiana,IN,,,2025,29298,243275.49,-0.26,-1.44,1.06,3.4,6.72,118,4.03,555.56,1181.0,3.87,80.67,8.4,2.54,98.96,12,41.69,61.42,48.74,50.36,48.66,53.6,51.27,50.97,1443,1668,1164,1421,1424.0,504,178.54,1443,1429,51,51,2026-09-19 22:18:21.483951+00:00
US-4911980,Centerville,Utah,UT,,,2025,16480,579789.83,-0.16,-2.06,2.81,2.6,6.82,26,1.58,52.94,560.0,12.9,44.0,55.29,3.01,98.9,12,40.84,66.62,37.58,49.05,48.09,54.53,52.12,50.94,1579,1704,1076,1339,1424.5,628,240.18,1579,1430,35,34,2026-09-19 22:18:21.483951+00:00
US-2649000,Livonia,Michigan,MI,,,2025,92603,311717.2,-0.21,-2.95,3.79,4.54,5.92,85,0.92,269.57,3728.0,-3.32,109.83,8.57,1.08,100.92,12,25.54,69.66,68.81,51.8,45.27,56.3,49.72,50.77,1294,1936,920,1548,1424.5,1016,370.28,1294,1431,48,48,2026-09-19 22:18:21.483951+00:00
US-1270345,Sweetwater,Florida,FL,,,2025,20828,445506.75,-1.22,8.11,-4.11,2.86,7.94,0,0.0,,113.0,-28.93,30.0,22.87,11.01,96.77,12,82.84,6.7,75.88,54.45,58.95,39.92,47.88,50.3,986,717,2294,1701,1424.5,1577,617.52,986,1432,13,37,2026-09-19 22:18:21.483951+00:00
US-4550875,North Charleston,South Carolina,SC,,,2025,129245,310967.75,2.13,11.79,-2.63,2.3,7.9,1088,8.42,-35.92,4466.0,-9.36,532.08,27.78,4.41,98.38,12,85.92,25.84,22.43,49.02,58.37,43.35,52.54,50.82,1588,776,2061,1282,1426.75,1285,467.09,1588,1433,27,28,2026-09-19 22:18:21.483951+00:00
US-0667056,Sanger,California,CA,,,2025,27228,407120.06,0.67,1.6,2.06,2.66,6.73,102,3.75,-7.27,428.0,-8.55,27.25,34.57,2.38,100.17,12,56.21,53.46,30.61,48.85,51.55,50.86,52.42,50.92,1597,1399,1423,1296,1428.75,301,108.22,1597,1434,138,122,2026-09-19 22:18:21.483951+00:00
US-2911242,Cape Girardeau,Missouri,MO,,,2025,40977,215719.7,0.62,3.02,4.25,3.08,5.77,45,1.1,-2.17,1488.0,0.61,113.67,-8.33,2.82,96.55,12,49.47,41.66,76.29,53.44,51.15,49.2,48.64,50.61,1099,1431,1558,1631,1429.75,532,203.93,1099,1435,40,46,2026-09-19 22:18:21.483951+00:00
US-1213150,Cocoa,Florida,FL,,,2025,19777,296150.11,-0.44,3.89,-4.34,-1.23,6.38,11,0.56,175.0,897.0,12.27,124.58,35.05,5.2,95.7,12,59.02,41.12,54.51,51.62,52.97,48.5,50.51,50.9,1307,1287,1637,1489,1430.0,350,143.1,1307,1436,40,38,2026-09-19 22:18:21.483951+00:00
US-1275812,Wellington,Florida,FL,,,2025,62662,645015.61,-0.28,1.79,-4.53,-0.33,8.12,58,0.93,23.4,2486.0,1.26,477.92,10.5,7.15,95.36,12,70.31,23.78,67.17,53.24,55.88,44.25,49.06,50.61,1123,1002,1993,1603,1430.25,991,395.07,1123,1437,28,39,2026-09-19 22:18:21.483951+00:00
US-0687056,Yucca Valley,California,CA,,,2025,21887,361020.47,-0.14,0.58,-4.49,-2.61,7.11,34,1.55,-5.56,1005.0,3.4,173.83,-2.34,6.4,98.28,12,55.82,37.86,70.09,53.1,52.57,48.08,49.16,50.73,1139,1317,1677,1591,1431.0,538,214.7,1139,1438,72,123,2026-09-19 22:18:21.483951+00:00
US-0839855,Johnstown,Colorado,CO,,,2025,22433,512196.89,8.39,29.18,-3.16,-1.38,3.83,543,24.21,-28.08,2103.0,31.52,228.83,40.89,3.99,99.16,12,52.87,65.44,8.87,46.27,50.04,53.19,54.13,50.91,1869,1533,1193,1133,1432.0,736,294.83,1869,1439,18,13,2026-09-19 22:18:21.483951+00:00
US-4079450,Weatherford,Oklahoma,OK,,,2025,12005,228719.85,0.1,-0.26,5.11,5.55,6.16,25,2.08,0.0,406.0,23.03,32.42,14.41,3.02,97.26,12,39.59,61.26,53.64,50.68,48.2,53.61,50.74,50.81,1409,1699,1161,1466,1433.75,538,191.31,1409,1440,18,17,2026-09-19 22:18:21.483951+00:00
US-0127616,Fort Payne,Alabama,AL,,,2025,15189,202509.03,0.6,2.24,-0.07,4.04,6.08,23,1.51,4.55,305.0,21.03,44.17,7.51,5.88,96.85,12,50.12,46.2,63.98,52.21,51.02,50.04,49.74,50.75,1247,1448,1497,1545,1434.25,298,113.42,1247,1441,11,17,2026-09-19 22:18:21.483951+00:00
US-1983910,West Des Moines,Iowa,IA,,,2025,74224,323058.65,0.19,7.63,1.44,2.52,4.91,344,4.63,34.9,3280.0,9.85,274.33,33.5,3.11,98.5,12,50.29,60.33,28.05,48.24,49.97,52.47,52.58,50.82,1657,1542,1263,1277,1434.75,394,169.77,1657,1442,14,10,2026-09-19 22:18:21.483951+00:00
US-1979950,Urbandale,Iowa,IA,,,2025,48570,353122.62,1.34,6.54,1.65,2.46,5.23,646,13.3,68.23,2938.0,15.76,297.33,22.02,3.77,98.79,12,51.46,61.83,21.28,47.55,50.05,52.64,53.11,50.83,1741,1532,1240,1227,1435.0,514,214.67,1741,1443,16,11,2026-09-19 22:18:21.483951+00:00
US-3771500,Waynesville,North Carolina,NC,,,2025,11006,358335.25,2.56,7.58,-3.58,2.25,6.91,152,13.81,-35.04,559.0,29.1,80.08,39.07,5.37,95.22,12,72.65,44.22,11.18,47.33,54.9,47.79,53.71,50.93,1767,1100,1707,1174,1437.0,667,301.88,1767,1444,41,39,2026-09-19 22:18:21.483951+00:00
US-1828386,Goshen,Indiana,IN,,,2025,34525,275186.99,-0.12,0.1,4.84,3.58,6.99,181,5.24,686.96,859.0,-3.27,40.5,13.02,1.79,98.51,12,52.36,53.48,40.3,49.74,50.89,51.17,51.66,50.86,1504,1457,1395,1393,1437.25,111,46.34,1504,1445,55,52,2026-09-19 22:18:21.483951+00:00
US-4023200,Edmond,Oklahoma,OK,,,2025,100479,354785.58,1.39,6.07,0.83,1.11,5.69,1059,10.54,9.97,5494.0,9.36,501.08,25.66,3.38,98.5,12,55.63,57.72,20.87,47.67,51.04,51.56,53.09,50.84,1724,1445,1351,1229,1437.25,495,182.41,1724,1446,25,18,2026-09-19 22:18:21.483951+00:00
US-1959925,Oskaloosa,Iowa,IA,,,2025,11493,187246.14,-0.08,-0.44,4.82,4.99,7.17,58,5.05,346.15,430.0,4.88,25.33,29.91,2.21,97.64,12,51.77,58.61,28.32,48.3,50.31,52.02,52.51,50.78,1648,1510,1307,1287,1438.0,361,149.37,1648,1447,13,12,2026-09-19 22:18:21.483951+00:00
US-4971290,Spanish Fork,Utah,UT,,,2025,48837,514121.5,2.55,14.21,2.65,0.88,6.28,177,3.62,-64.02,1857.0,-8.93,189.33,24.36,3.73,99.41,12,69.02,37.32,37.59,50.07,54.79,46.87,51.61,50.84,1475,1107,1774,1397,1438.25,667,237.44,1475,1448,31,35,2026-09-19 22:18:21.483951+00:00
US-4940360,Kaysville,Utah,UT,,,2025,33307,679626.08,0.13,0.8,3.12,2.46,7.2,75,2.25,38.89,803.0,2.03,64.83,45.42,3.31,98.68,12,58.18,49.9,34.11,49.26,52.08,50.02,52.05,50.85,1551,1365,1498,1349,1440.75,202,86.01,1551,1449,34,36,2026-09-19 22:18:21.483951+00:00
US-4816612,Coppell,Texas,TX,,,2025,41386,617139.58,-1.04,-3.37,-2.04,1.75,7.45,10,0.24,100.0,1140.0,3.26,92.25,20.2,2.97,98.26,12,42.63,51.81,68.54,52.32,49.27,51.57,49.35,50.63,1233,1612,1350,1578,1443.25,379,157.75,1233,1450,25,42,2026-09-19 22:18:21.483951+00:00
US-3971682,Shaker Heights,Ohio,OH,,,2025,28466,350253.75,-0.35,-3.2,5.38,6.42,7.95,151,5.3,1577.78,1303.0,0.62,95.92,15.33,2.8,99.77,12,47.07,59.5,38.18,49.2,49.47,52.57,51.78,50.75,1561,1584,1249,1380,1443.5,335,137.3,1561,1451,120,113,2026-09-19 22:18:21.483951+00:00
US-1949485,Marion,Iowa,IA,,,2025,42732,272590.92,0.89,2.79,2.45,2.7,5.22,211,4.94,1.44,1865.0,5.91,126.17,21.12,2.65,99.13,12,43.3,64.69,34.88,48.68,48.46,53.8,52.09,50.76,1612,1680,1139,1345,1444.0,541,216.07,1612,1452,11,13,2026-09-19 22:18:21.483951+00:00
US-4055150,Okmulgee,Oklahoma,OK,,,2025,11394,114282.04,-0.02,0.96,-5.02,1.86,6.96,13,1.14,85.71,401.0,16.23,58.75,12.26,5.48,91.36,12,56.3,39.76,63.55,52.32,52.42,48.29,49.58,50.65,1234,1328,1658,1557,1444.25,424,170.38,1234,1453,13,19,2026-09-19 22:18:21.483951+00:00
US-1842246,La Porte,Indiana,IN,,,2025,22600,274375.44,0.0,0.12,4.09,4.93,7.65,97,4.29,10.23,814.0,-1.45,55.25,7.28,2.49,96.97,12,59.24,42.81,48.58,50.83,52.71,48.61,50.78,50.73,1396,1305,1616,1462,1444.75,311,113.5,1396,1454,47,53,2026-09-19 22:18:21.483951+00:00
US-3927048,Findlay,Ohio,OH,,,2025,40370,239238.67,0.57,0.24,2.63,4.48,5.96,298,7.38,60.22,1581.0,8.81,111.58,4.53,2.62,98.71,12,39.67,65.4,42.22,49.32,47.78,54.21,51.51,50.7,1546,1729,1104,1404,1445.75,625,228.48,1546,1455,119,114,2026-09-19 22:18:21.483951+00:00
US-3947306,Maple Heights,Ohio,OH,,,2025,22902,136418.75,-0.28,-3.06,5.65,5.56,9.28,5,0.22,-28.57,946.0,-27.01,59.67,-26.94,2.32,97.78,12,52.62,32.19,91.02,55.07,52.25,47.14,47.26,50.43,930,1350,1762,1764,1451.5,834,345.08,930,1456,85,115,2026-09-19 22:18:21.483951+00:00
US-1727442,Fox Lake,Illinois,IL,,,2025,10849,252429.46,-0.27,-1.03,3.87,6.88,7.97,305,28.11,30400.0,706.0,5.69,57.58,9.86,3.09,98.08,12,56.18,53.38,29.56,48.54,51.34,50.64,52.26,50.7,1630,1411,1444,1324,1452.25,306,111.59,1630,1457,163,143,2026-09-19 22:18:21.483951+00:00
US-5156000,Newport News,Virginia,VA,,,2025,183230,290050.45,-0.09,-1.51,1.37,4.4,7.07,125,0.68,1983.33,6112.0,-5.72,420.25,16.6,2.52,99.33,12,46.01,49.52,65.13,52.02,49.93,50.81,49.5,50.56,1271,1544,1429,1566,1452.5,295,116.99,1271,1458,19,20,2026-09-19 22:18:21.483951+00:00
US-1949755,Marshalltown,Iowa,IA,,,2025,27536,176526.42,-0.56,-0.16,3.42,3.6,5.83,15,0.54,-46.43,1015.0,15.08,63.0,37.45,2.41,97.1,12,36.56,63.87,53.4,50.33,47.28,54.1,50.53,50.56,1447,1770,1111,1486,1453.5,659,233.76,1447,1459,9,14,2026-09-19 22:18:21.483951+00:00
US-1212925,Clermont,Florida,FL,,,2025,52812,432571.16,4.16,21.98,-4.55,-0.98,6.78,1148,21.74,33.18,2657.0,-3.66,279.08,15.13,3.87,97.95,12,78.12,32.3,25.0,48.81,56.41,44.95,52.19,50.59,1600,953,1934,1331,1454.5,981,359.81,1600,1460,61,40,2026-09-19 22:18:21.483951+00:00
US-2530840,Holyoke,Massachusetts,MA,,,2025,38023,326346.75,-0.01,-0.31,1.36,4.77,6.43,102,2.68,920.0,727.0,-3.96,42.92,35.53,2.2,101.68,12,43.24,64.2,35.64,48.67,48.38,53.62,51.91,50.65,1613,1687,1159,1365,1456.0,528,208.87,1613,1461,37,37,2026-09-19 22:18:21.483951+00:00
US-0457450,Prescott Valley,Arizona,AZ,,,2025,52423,461046.47,2.23,11.67,-0.22,0.38,5.9,291,5.55,-46.9,2869.0,5.87,334.58,37.78,4.28,98.48,12,63.44,48.37,22.85,48.02,52.83,49.06,52.6,50.63,1688,1296,1569,1273,1456.5,415,177.26,1688,1462,14,13,2026-09-19 22:18:21.483951+00:00
US-3543370,Los Lunas,New Mexico,NM,,,2025,20572,325255.0,3.15,17.86,1.58,3.27,7.56,241,11.71,-10.74,914.0,-18.25,116.33,8.89,4.84,98.77,12,85.66,20.88,33.18,49.87,58.36,42.16,51.26,50.41,1490,777,2139,1422,1457.0,1362,482.14,1490,1463,6,6,2026-09-19 22:18:21.483951+00:00
US-0624638,Folsom,California,CA,,,2025,91983,757820.37,4.11,13.75,-2.7,-0.38,3.7,625,6.79,-32.43,2367.0,2.51,151.67,30.94,2.34,99.13,12,49.5,62.52,23.2,47.48,49.46,52.71,52.73,50.6,1749,1586,1232,1263,1457.5,517,218.04,1749,1464,157,124,2026-09-19 22:18:21.483951+00:00
US-4967770,Santaquin,Utah,UT,,,2025,18989,495944.76,3.77,36.71,3.64,1.5,6.3,231,12.16,-13.81,883.0,-11.96,88.5,19.86,3.67,99.91,12,72.12,39.01,23.8,48.45,54.94,46.66,52.39,50.61,1640,1098,1791,1301,1457.5,693,273.07,1640,1465,36,37,2026-09-19 22:18:21.483951+00:00
US-0636448,Indio,California,CA,,,2025,94269,511789.86,0.23,5.37,-2.89,-0.75,7.33,639,6.78,154.58,2923.0,2.67,498.17,24.93,6.23,98.08,12,74.23,35.47,27.21,48.91,55.55,45.86,52.09,50.6,1593,1037,1856,1344,1457.5,819,302.85,1593,1466,135,125,2026-09-19 22:18:21.483951+00:00
US-2901972,Arnold,Missouri,MO,,,2025,20994,270498.38,-0.26,0.42,3.48,4.43,5.79,16,0.76,-15.79,581.0,-12.5,27.42,23.68,1.78,101.77,12,38.62,59.6,58.39,50.91,47.88,53.13,50.04,50.49,1390,1721,1201,1525,1459.25,520,189.95,1390,1467,49,47,2026-09-19 22:18:21.483951+00:00
US-4970850,South Jordan,Utah,UT,,,2025,87614,664428.8,1.67,12.37,1.9,1.06,6.24,754,8.61,6.8,3284.0,1.39,386.92,35.13,4.35,99.18,12,67.64,46.01,17.98,47.65,53.7,48.29,52.94,50.65,1726,1215,1657,1244,1460.5,511,232.51,1726,1468,41,38,2026-09-19 22:18:21.483951+00:00
US-0407940,Buckeye,Arizona,AZ,,,2025,125445,397831.71,5.51,34.28,-1.7,-1.96,6.23,2136,17.03,-31.34,7958.0,2.75,1054.0,31.67,4.88,98.92,12,71.08,44.34,13.21,47.26,54.38,47.69,53.26,50.65,1775,1149,1715,1207,1461.5,626,285.03,1775,1469,15,14,2026-09-19 22:18:21.483951+00:00
US-5566800,Reedsburg,Wisconsin,WI,,,2025,10641,307778.65,2.93,5.69,4.09,4.78,6.99,17,1.6,-92.2,387.0,-16.05,42.92,26.54,4.12,99.26,12,71.15,30.19,48.06,51.04,55.4,45.16,50.41,50.5,1375,1052,1922,1498,1461.75,870,311.67,1375,1470,81,81,2026-09-19 22:18:21.483951+00:00
US-3948342,Maumee,Ohio,OH,,,2025,13521,278999.73,-0.39,-2.46,3.25,4.33,5.99,1,0.07,,576.0,-2.87,33.5,10.14,2.37,100.17,12,28.33,60.53,81.31,52.85,45.94,53.99,48.12,50.22,1174,1880,1122,1671,1461.75,758,322.86,1174,1471,107,116,2026-09-19 22:18:21.483951+00:00
US-1754885,Oak Park,Illinois,IL,,,2025,52823,458315.13,-0.29,-3.23,8.62,5.29,4.89,0,0.0,,2134.0,-0.56,130.33,-16.27,2.24,100.6,12,14.63,66.83,100.0,54.24,43.1,56.15,46.66,50.03,1007,2090,939,1813,1462.25,1151,499.53,1007,1472,131,144,2026-09-19 22:18:21.483951+00:00
US-3728000,Greensboro,North Carolina,NC,,,2025,308667,264563.7,0.75,4.33,0.03,2.4,6.9,1972,6.39,0.92,9384.0,-3.52,718.0,22.04,2.81,98.23,12,66.78,42.18,30.0,48.98,53.89,47.74,52.03,50.66,1590,1198,1709,1353,1462.5,511,199.35,1590,1473,37,40,2026-09-19 22:18:21.483951+00:00
US-4739560,Kingsport,Tennessee,TN,,,2025,57530,258171.29,0.61,3.64,0.83,4.76,8.25,408,7.09,147.27,3027.0,-4.72,309.83,15.07,3.75,97.43,12,77.18,29.44,33.98,49.67,56.38,44.44,51.38,50.47,1508,956,1977,1412,1463.25,1021,362.58,1508,1474,33,32,2026-09-19 22:18:21.483951+00:00
US-2831780,Hernando,Mississippi,MS,,,2025,18824,340562.98,1.01,8.99,1.57,0.96,4.69,109,5.79,-23.24,931.0,22.99,107.5,27.72,4.39,98.62,12,50.67,59.49,27.66,48.01,49.87,52.07,52.34,50.57,1692,1549,1301,1312,1463.5,391,164.99,1692,1475,8,6,2026-09-19 22:18:21.483951+00:00
US-1755249,O'Fallon,Illinois,IL,,,2025,32656,312363.36,1.46,0.76,4.25,4.11,6.47,200,6.12,-40.48,1305.0,-15.75,73.5,-5.06,2.15,100.25,12,48.9,52.33,50.1,50.4,50.11,50.96,50.56,50.51,1440,1526,1415,1482,1465.75,111,42.23,1440,1476,151,145,2026-09-19 22:18:21.483951+00:00
US-5586700,Whitefish Bay,Wisconsin,WI,,,2025,14489,637407.83,-0.25,-2.97,3.49,5.01,6.51,23,1.59,1050.0,533.0,-9.04,26.0,-1.27,1.98,102.28,12,32.94,60.76,69.18,51.74,46.72,53.68,49.09,50.31,1299,1818,1154,1598,1467.25,664,258.14,1299,1477,80,82,2026-09-19 22:18:21.483951+00:00
US-1077580,Wilmington,Delaware,DE,,,2025,73512,326015.63,0.46,3.7,3.19,4.64,6.27,101,1.37,-66.78,2902.0,-0.68,237.0,23.17,3.02,97.99,12,56.9,43.15,52.45,50.98,52.11,48.67,50.27,50.5,1384,1362,1613,1512,1467.75,251,101.55,1384,1478,6,6,2026-09-19 22:18:21.483951+00:00
US-5355365,Port Angeles,Washington,WA,,,2025,20146,458428.39,0.28,0.75,1.61,2.29,6.53,36,1.79,-7.69,818.0,3.41,61.5,80.0,2.72,98.72,12,49.57,57.51,35.25,48.77,49.8,51.79,51.71,50.52,1606,1555,1329,1387,1469.25,277,114.55,1606,1479,56,56,2026-09-19 22:18:21.483951+00:00
US-3428680,Hackensack,New Jersey,NJ,,,2025,46380,462019.73,-0.03,0.98,1.24,5.49,5.63,75,1.62,-64.29,936.0,-2.3,94.0,-1.66,3.67,101.44,12,39.88,53.66,69.2,52.03,48.41,51.86,49.01,50.33,1268,1684,1321,1607,1470.0,416,178.58,1268,1480,96,100,2026-09-19 22:18:21.483951+00:00
US-4070300,Stillwater,Oklahoma,OK,,,2025,50046,261228.76,0.42,3.49,3.25,3.22,5.4,211,4.22,50.71,1917.0,0.52,106.17,-22.83,2.28,97.63,12,46.54,50.51,60.24,51.36,49.79,50.78,49.7,50.41,1341,1556,1435,1550,1470.5,215,88.97,1341,1481,15,20,2026-09-19 22:18:21.483951+00:00
US-1249450,North Miami,Florida,FL,,,2025,60884,415690.64,-1.29,1.78,-4.37,2.89,9.34,11,0.18,22.22,1249.0,-2.88,372.25,14.1,11.07,94.2,12,74.13,15.16,74.82,53.66,56.54,41.8,47.66,49.92,1066,943,2155,1720,1471.0,1212,493.12,1066,1482,20,41,2026-09-19 22:18:21.483951+00:00
US-2688900,Wyandotte,Michigan,MI,,,2025,24072,190270.71,-0.25,-3.33,3.97,4.96,6.06,9,0.37,80.0,947.0,1.61,50.42,21.24,1.94,99.81,12,25.58,69.66,65.56,51.0,44.8,55.82,49.41,50.26,1381,1966,972,1574,1473.25,994,358.02,1381,1483,53,49,2026-09-19 22:18:21.483951+00:00
US-4801576,Alamo,Texas,TX,,,2025,20625,170911.17,0.02,4.94,-1.08,3.42,7.67,90,4.36,-9.09,401.0,2.56,82.83,19.47,7.86,96.57,12,76.39,28.23,38.19,49.98,56.21,44.17,50.89,50.31,1478,973,2000,1452,1475.75,1027,363.37,1478,1484,40,43,2026-09-19 22:18:21.483951+00:00
US-1774574,Taylorville,Illinois,IL,,,2025,10522,135724.64,0.59,0.27,9.35,8.29,6.41,52,4.94,8.33,477.0,29.27,31.58,27.18,2.48,96.27,12,45.71,63.17,30.6,48.05,48.68,53.05,52.06,50.46,1684,1666,1207,1348,1476.25,477,205.01,1684,1485,170,146,2026-09-19 22:18:21.483951+00:00
US-1902305,Ankeny,Iowa,IA,,,2025,77833,339394.08,1.8,13.36,2.29,2.02,5.06,1326,17.04,78.71,4498.0,1.95,406.0,8.75,3.37,99.15,12,56.02,52.51,30.49,48.41,51.14,50.26,51.89,50.43,1641,1433,1476,1366,1479.0,275,101.41,1641,1486,12,15,2026-09-19 22:18:21.483951+00:00
US-2430325,Frederick,Maryland,MD,,,2025,92059,463525.89,3.04,17.43,-0.15,2.97,5.88,773,8.4,-32.37,3726.0,-13.17,299.17,30.31,2.95,100.5,12,65.68,46.4,20.85,47.72,53.17,48.35,52.52,50.44,1717,1267,1648,1286,1479.5,450,204.57,1717,1487,6,5,2026-09-19 22:18:21.483951+00:00
US-2962912,Rolla,Missouri,MO,,,2025,20588,235193.4,0.65,3.39,2.36,4.02,7.21,86,4.18,-36.76,657.0,4.78,68.08,55.03,3.91,97.29,12,68.31,42.83,22.99,48.06,53.87,47.5,52.31,50.44,1683,1200,1727,1316,1481.5,527,227.76,1683,1488,52,48,2026-09-19 22:18:21.483951+00:00
US-1774119,Swansea,Illinois,IL,,,2025,14356,267593.69,-0.58,0.14,3.45,5.02,6.64,25,1.74,13.64,612.0,2.17,61.92,170.18,3.75,100.5,12,48.12,58.4,35.77,48.63,49.35,51.92,51.51,50.36,1618,1598,1313,1401,1482.5,305,129.49,1618,1489,162,147,2026-09-19 22:18:21.483951+00:00
US-5307170,Bonney Lake,Washington,WA,,,2025,22139,677187.79,0.16,0.54,-0.36,1.81,5.62,30,1.36,100.0,694.0,1.17,43.33,34.02,2.22,99.6,12,37.38,65.08,46.12,49.26,47.0,53.93,50.72,50.23,1552,1792,1124,1467,1483.75,668,239.47,1552,1490,52,57,2026-09-19 22:18:21.483951+00:00
US-1838358,Jeffersonville,Indiana,IN,,,2025,54134,251121.44,2.09,9.21,3.04,3.67,6.5,237,4.38,-41.34,2334.0,-3.19,214.83,59.83,3.37,98.86,12,69.19,42.38,21.56,47.9,54.0,47.3,52.36,50.39,1702,1186,1749,1305,1485.5,563,244.23,1702,1491,65,54,2026-09-19 22:18:21.483951+00:00
US-4000200,Ada,Oklahoma,OK,,,2025,16660,180686.04,0.29,1.0,1.54,1.3,5.93,27,1.62,1250.0,722.0,5.71,54.83,-6.67,2.82,96.32,12,43.17,49.07,71.17,52.23,49.14,50.61,48.62,50.15,1246,1624,1447,1633,1487.5,387,157.93,1246,1492,14,21,2026-09-19 22:18:21.483951+00:00
US-1254000,Palm Bay,Florida,FL,,,2025,148092,305455.57,4.77,23.25,-4.82,-2.45,6.35,2455,16.58,-19.82,9678.0,0.14,1317.75,1.46,5.07,97.88,12,72.82,32.68,35.88,49.54,55.24,45.2,51.06,50.26,1529,1067,1917,1438,1487.75,850,302.27,1529,1493,57,42,2026-09-19 22:18:21.483951+00:00
US-2949196,Monett,Missouri,MO,,,2025,10248,184321.82,1.34,6.32,-1.17,2.47,6.78,37,3.61,0.0,380.0,-0.52,37.92,2.71,3.68,85.79,12,69.12,28.66,54.77,51.37,54.83,44.72,49.48,50.1,1339,1105,1950,1570,1491.0,845,311.86,1339,1494,47,49,2026-09-19 22:18:21.483951+00:00
US-4833212,Henderson,Texas,TX,,,2025,13496,208725.67,0.01,1.69,0.1,0.14,3.78,9,0.67,200.0,319.0,11.54,45.5,8.33,5.63,100.06,12,31.26,60.51,72.53,51.81,46.22,53.53,48.55,50.03,1291,1861,1172,1642,1491.5,689,274.53,1291,1495,28,44,2026-09-19 22:18:21.483951+00:00
US-1362524,Powder Springs,Georgia,GA,,,2025,21004,367590.68,6.88,24.17,-3.49,-0.74,6.44,353,16.81,-27.66,940.0,5.62,136.5,52.94,5.39,98.34,12,74.25,43.06,5.86,46.24,54.63,46.84,53.37,50.27,1875,1118,1776,1199,1492.0,757,336.55,1875,1496,50,43,2026-09-19 22:18:21.483951+00:00
US-5340245,Longview,Washington,WA,,,2025,38362,390113.94,0.39,1.31,-0.38,1.22,4.43,27,0.7,-70.97,1427.0,9.52,111.17,48.72,2.91,99.59,12,32.12,69.69,47.65,49.15,45.72,55.11,50.58,50.14,1567,1900,1026,1480,1493.25,874,312.0,1567,1497,53,58,2026-09-19 22:18:21.483951+00:00
US-1816138,Crown Point,Indiana,IN,,,2025,35616,357842.66,1.61,4.77,1.48,2.17,5.46,200,5.62,-29.82,1682.0,4.8,133.33,22.23,2.97,98.76,12,50.19,57.66,31.83,48.21,49.68,51.54,51.71,50.29,1663,1569,1356,1386,1493.5,307,127.37,1663,1498,61,55,2026-09-19 22:18:21.483951+00:00
US-3603408,Babylon,New York,NY,,,2025,12281,764210.54,0.6,1.22,-1.03,,,6,0.49,-81.82,321.0,-2.73,17.33,3.48,2.19,101.19,12,23.91,65.52,78.35,52.08,44.56,54.96,48.08,49.92,1265,1994,1039,1679,1494.25,955,368.68,1265,1499,41,39,2026-09-19 22:18:21.483951+00:00
US-1249475,North Miami Beach,Florida,FL,,,2025,46236,445463.23,2.08,6.37,-4.95,1.86,8.74,5,0.11,-99.19,948.0,-17.42,390.58,19.2,15.16,94.31,12,85.04,3.7,72.59,53.46,58.77,38.44,47.19,49.46,1097,737,2371,1773,1494.5,1634,628.02,1097,1500,23,43,2026-09-19 22:18:21.483951+00:00
US-2755726,Rosemount,Minnesota,MN,,,2025,31881,431513.06,4.25,23.64,0.72,0.72,3.79,607,19.04,16.28,1718.0,4.5,156.33,15.02,3.36,99.3,12,52.62,57.79,25.07,47.54,50.03,51.33,52.19,50.27,1742,1535,1377,1333,1496.75,409,160.28,1742,1501,68,55,2026-09-19 22:18:21.483951+00:00
US-1348624,McDonough,Georgia,GA,,,2025,33395,337465.11,1.23,13.38,-4.21,-1.58,6.55,52,1.56,-71.74,1201.0,-24.47,166.25,-16.53,5.32,98.24,12,72.75,15.8,75.3,53.46,56.05,41.81,47.38,49.67,1098,989,2153,1747,1496.75,1164,477.0,1098,1502,26,44,2026-09-19 22:18:21.483951+00:00
US-4862828,Rockwall,Texas,TX,,,2025,53980,481492.0,0.89,13.07,-2.22,-0.91,6.5,511,9.47,60.19,2421.0,16.62,441.08,53.46,6.67,96.85,12,71.81,43.55,10.86,46.68,54.19,47.12,53.0,50.25,1834,1165,1763,1237,1499.75,669,300.88,1834,1503,68,45,2026-09-19 22:18:21.483951+00:00
US-1754638,Oak Forest,Illinois,IL,,,2025,26792,291263.6,-0.16,-2.14,2.67,3.45,6.11,87,3.25,8600.0,1001.0,8.92,70.08,19.97,2.58,99.7,12,30.95,72.85,42.51,48.51,45.25,55.73,50.96,50.11,1633,1939,983,1447,1500.5,956,346.59,1633,1504,164,148,2026-09-19 22:18:21.483951+00:00
US-4702320,Athens,Tennessee,TN,,,2025,15263,259421.3,1.17,8.16,1.94,3.86,7.91,43,2.82,43.33,606.0,-5.16,84.08,19.98,5.14,95.62,12,82.79,17.88,44.63,50.53,57.59,41.36,49.76,49.81,1423,856,2185,1539,1500.75,1329,472.07,1423,1505,27,33,2026-09-19 22:18:21.483951+00:00
US-1217200,Deltona,Florida,FL,,,2025,100267,297575.43,0.25,6.62,-5.7,-1.24,6.86,169,1.69,6.96,3932.0,-8.34,436.33,17.66,4.13,98.16,12,70.91,26.75,54.15,51.27,55.15,44.11,49.36,49.97,1350,1073,2005,1577,1501.25,932,341.24,1350,1506,43,44,2026-09-19 22:18:21.483951+00:00
US-1365296,Rincon,Georgia,GA,,,2025,11726,344965.91,-0.06,6.4,0.59,4.79,8.62,52,4.43,-29.73,506.0,-10.76,77.75,90.8,5.67,99.06,12,84.53,25.83,21.43,48.21,57.45,42.78,51.8,50.06,1664,865,2100,1376,1501.25,1235,448.75,1664,1507,44,45,2026-09-19 22:18:21.483951+00:00
US-2659920,Oak Park,Michigan,MI,,,2025,29072,234625.68,-0.04,-1.43,1.62,2.75,5.74,1,0.03,0.0,896.0,-1.43,51.08,17.43,2.07,99.35,12,29.6,60.29,76.39,52.04,45.83,53.5,48.09,49.87,1267,1888,1176,1675,1501.5,712,291.73,1267,1508,46,50,2026-09-19 22:18:21.483951+00:00
US-1652120,Meridian,Idaho,ID,,,2025,142988,537071.04,2.43,19.65,0.53,-0.14,5.45,1364,9.54,-12.06,6931.0,-6.99,565.92,6.04,2.98,99.31,12,61.39,43.54,37.69,49.22,52.48,48.02,50.99,50.18,1559,1324,1686,1443,1503.0,362,134.41,1559,1509,24,24,2026-09-19 22:18:21.483951+00:00
US-5557100,New Richmond,Wisconsin,WI,,,2025,10988,374430.74,1.37,8.17,0.94,2.29,5.22,129,11.74,44.94,678.0,10.97,76.92,37.15,4.39,99.63,12,53.34,61.4,13.29,46.15,49.75,51.77,52.96,50.16,1883,1559,1331,1241,1503.5,642,247.87,1883,1510,86,83,2026-09-19 22:18:21.483951+00:00
US-3137000,Omaha,Nebraska,NE,,,2025,488797,293999.6,-0.09,-0.81,0.98,3.04,6.05,3776,7.73,-13.39,15566.0,5.78,716.92,28.33,1.68,99.5,12,35.83,75.39,23.35,46.56,45.83,55.72,52.39,50.12,1845,1887,984,1300,1504.0,903,379.14,1845,1511,12,10,2026-09-19 22:18:21.483951+00:00
US-0687042,Yucaipa,California,CA,,,2025,54953,568058.83,0.39,0.66,-0.92,1.64,5.89,67,1.22,-23.86,1346.0,-1.9,122.83,4.1,3.36,99.91,12,40.9,51.65,69.47,51.8,48.41,51.1,48.59,49.97,1293,1685,1404,1637,1504.75,392,161.99,1293,1512,95,126,2026-09-19 22:18:21.483951+00:00
US-0650916,Newark,California,CA,,,2025,47895,1221167.66,0.73,0.79,-5.44,1.93,4.9,108,2.25,-32.08,1107.0,1.56,57.5,59.35,1.92,102.21,12,32.29,75.7,31.82,47.36,45.24,56.09,51.78,50.12,1760,1940,946,1379,1506.25,994,381.64,1760,1513,159,127,2026-09-19 22:18:21.483951+00:00
US-2758612,Sartell,Minnesota,MN,,,2025,19918,333215.43,0.27,2.8,3.32,3.33,6.11,25,1.26,-16.67,616.0,-2.07,51.0,31.9,2.97,99.0,12,52.56,48.15,48.14,49.91,50.58,49.48,50.14,50.03,1483,1483,1541,1520,1506.75,58,24.88,1483,1514,57,56,2026-09-19 22:18:21.483951+00:00
US-0661026,Ripon,California,CA,,,2025,16140,681578.27,-0.51,0.12,-1.16,1.63,5.17,17,1.05,183.33,363.0,4.61,23.17,3.35,2.42,98.48,12,31.08,60.64,71.41,51.51,46.0,53.39,48.42,49.83,1321,1876,1179,1652,1507.0,697,273.57,1321,1515,100,128,2026-09-19 22:18:21.483951+00:00
US-2665820,Port Huron,Michigan,MI,,,2025,28273,172792.54,-0.24,-2.27,2.77,4.73,6.99,5,0.18,0.0,1283.0,-5.94,71.67,8.04,2.08,98.21,12,41.94,45.91,80.33,52.93,48.89,49.88,47.57,49.82,1160,1642,1510,1725,1509.25,565,215.72,1160,1516,42,51,2026-09-19 22:18:21.483951+00:00
US-0824950,Erie,Colorado,CO,,,2025,40904,730588.78,5.77,34.46,-2.67,-1.52,4.68,172,4.2,-80.74,2766.0,0.29,240.08,17.54,3.19,98.57,12,56.61,46.96,40.38,49.17,51.28,48.87,50.64,49.99,1565,1415,1587,1476,1510.75,172,69.16,1565,1517,13,14,2026-09-19 22:18:21.483951+00:00
US-1868670,Sellersburg,Indiana,IN,,,2025,10305,298404.17,2.06,9.9,1.81,2.87,5.46,26,2.52,-58.73,335.0,4.04,32.17,80.37,3.68,98.67,12,57.3,50.47,30.15,48.12,51.18,49.47,51.51,50.07,1676,1428,1543,1403,1512.5,273,108.16,1676,1518,62,56,2026-09-19 22:18:21.483951+00:00
US-4767760,Shelbyville,Tennessee,TN,,,2025,26146,310680.18,1.11,10.73,0.88,2.97,8.21,191,7.31,-21.72,1026.0,-8.8,133.67,24.15,4.91,97.64,12,87.31,20.23,26.57,48.65,58.08,41.31,51.05,49.77,1615,806,2191,1440,1513.0,1385,493.78,1615,1519,38,34,2026-09-19 22:18:21.483951+00:00
US-1962040,Pella,Iowa,IA,,,2025,10992,357650.23,1.05,4.95,3.53,4.54,6.38,73,6.64,37.74,453.0,2.72,37.42,58.1,3.13,98.66,12,61.43,52.15,15.08,46.59,51.69,49.37,52.62,50.07,1844,1393,1548,1270,1513.75,574,214.61,1844,1520,23,16,2026-09-19 22:18:21.483951+00:00
US-1248500,New Port Richey,Florida,FL,,,2025,18299,289440.15,1.24,9.01,-6.44,-2.65,6.7,98,5.36,20.99,963.0,4.67,144.42,13.27,5.47,95.42,12,71.38,31.86,39.75,49.64,54.78,44.9,50.43,49.94,1512,1110,1939,1494,1513.75,829,293.36,1512,1521,54,45,2026-09-19 22:18:21.483951+00:00
US-3928014,Fostoria,Ohio,OH,,,2025,12920,144386.45,-0.58,-0.98,1.5,4.89,6.59,7,0.54,250.0,368.0,-5.4,26.5,-1.85,2.72,98.91,12,42.31,45.26,80.71,52.94,48.95,49.69,47.48,49.77,1156,1636,1524,1740,1514.0,584,220.35,1156,1522,106,117,2026-09-19 22:18:21.483951+00:00
US-4920810,Eagle Mountain,Utah,UT,,,2025,66557,511708.14,8.47,49.56,0.32,-0.89,5.02,1168,17.55,2.82,3790.0,3.81,386.75,41.75,3.73,99.76,12,58.66,57.6,8.46,45.74,50.81,50.55,53.16,50.07,1919,1465,1453,1220,1514.25,699,253.27,1919,1523,50,39,2026-09-19 22:18:21.483951+00:00
US-0625338,Foster City,California,CA,,,2025,32411,1817919.62,-0.32,-3.93,-1.03,1.3,3.38,7,0.22,-22.22,748.0,5.65,30.58,18.01,1.5,103.45,12,6.64,85.31,70.8,50.21,39.87,59.53,48.46,49.52,1459,2274,675,1649,1514.25,1599,570.69,1459,1524,120,129,2026-09-19 22:18:21.483951+00:00
US-0636000,Huntington Beach,California,CA,,,2025,191451,1308968.98,-0.61,-3.54,2.07,5.63,8.3,372,1.94,-12.06,4504.0,0.81,362.08,30.4,2.95,99.2,12,48.35,54.4,42.97,49.12,49.36,50.87,50.53,49.97,1572,1597,1422,1485,1519.0,175,69.75,1572,1525,130,130,2026-09-19 22:18:21.483951+00:00
US-1222175,Fernandina Beach,Florida,FL,,,2025,13869,608830.16,1.07,5.86,-3.08,-0.26,8.23,92,6.63,15.0,1211.0,-1.06,185.25,15.3,5.64,95.54,12,82.07,22.24,34.8,49.31,57.03,42.07,50.42,49.71,1548,897,2142,1496,1520.75,1245,440.56,1548,1526,58,46,2026-09-19 22:18:21.483951+00:00
US-1756640,Orland Park,Illinois,IL,,,2025,57954,397943.43,-0.06,-0.98,3.44,4.01,6.15,29,0.5,26.09,2599.0,0.5,187.25,5.89,2.76,98.83,12,36.33,52.94,76.39,52.16,47.32,51.48,47.81,49.69,1255,1766,1360,1707,1522.0,511,218.69,1255,1527,144,149,2026-09-19 22:18:21.483951+00:00
US-4960930,Pleasant Grove,Utah,UT,,,2025,37773,551215.4,-0.65,0.08,2.88,1.49,6.55,267,7.07,221.69,1015.0,16.0,89.58,48.28,3.33,99.02,12,46.76,66.61,15.71,45.95,48.06,53.02,52.59,49.9,1903,1708,1210,1275,1524.0,693,290.73,1903,1528,49,40,2026-09-19 22:18:21.483951+00:00
US-4825452,Farmers Branch,Texas,TX,,,2025,38320,377744.08,2.12,5.79,-1.23,0.12,5.36,64,1.67,-89.49,1012.0,10.0,108.5,27.27,3.93,97.43,12,51.51,49.17,47.16,49.6,50.16,49.57,50.02,49.84,1519,1521,1532,1526,1524.5,13,5.02,1519,1529,43,46,2026-09-19 22:18:21.483951+00:00
US-4006700,Blanchard,Oklahoma,OK,,,2025,10013,318635.61,1.76,12.72,3.22,4.14,7.67,57,5.69,23.91,391.0,-7.35,54.83,16.46,5.29,97.13,12,84.97,18.43,36.14,49.47,57.68,41.05,50.14,49.59,1533,843,2210,1519,1526.25,1367,483.33,1533,1530,19,22,2026-09-19 22:18:21.483951+00:00
US-0812415,Castle Rock,Colorado,CO,,,2025,83815,670368.69,0.98,13.44,-2.35,-0.48,4.99,261,3.11,-38.3,4526.0,0.62,415.5,32.82,3.33,99.05,12,55.46,49.91,34.93,48.38,50.71,49.33,50.91,49.83,1642,1473,1550,1449,1528.5,193,75.41,1642,1531,16,15,2026-09-19 22:18:21.483951+00:00
US-1278250,Winter Garden,Florida,FL,,,2025,48063,568209.48,-0.66,1.23,-4.16,-0.2,7.58,78,1.62,143.75,1745.0,-0.29,174.5,23.83,3.73,97.18,12,63.72,35.37,49.9,50.34,53.14,46.06,49.58,49.78,1446,1271,1841,1556,1528.5,570,207.08,1446,1532,48,47,2026-09-19 22:18:21.483951+00:00
US-4066800,Shawnee,Oklahoma,OK,,,2025,32474,178806.53,1.08,3.75,3.94,4.15,7.58,148,4.56,-0.67,1307.0,-5.63,128.25,1.92,3.61,96.11,12,72.79,25.08,51.36,50.73,55.26,43.34,49.18,49.63,1402,1062,2066,1590,1530.0,1004,362.73,1402,1533,17,23,2026-09-19 22:18:21.483951+00:00
US-2617020,Coldwater,Michigan,MI,,,2025,14216,214772.96,-0.32,5.98,4.98,3.42,5.01,8,0.56,100.0,336.0,1.82,27.83,17.19,3.21,97.5,12,49.0,43.83,66.11,51.47,50.02,48.73,48.39,49.65,1325,1538,1607,1656,1531.5,331,126.38,1325,1534,50,52,2026-09-19 22:18:21.483951+00:00
US-1901630,Altoona,Iowa,IA,,,2025,22796,323419.6,1.29,15.47,0.78,2.12,4.69,183,8.03,-0.54,1236.0,4.48,133.83,24.59,4.01,99.43,12,54.68,54.77,25.17,47.34,50.28,50.31,51.77,49.92,1766,1511,1472,1381,1532.5,385,142.83,1766,1535,17,17,2026-09-19 22:18:21.483951+00:00
US-0633588,Highland,California,CA,,,2025,57614,535296.6,1.04,1.16,-1.92,2.04,6.34,569,9.88,267.1,1109.0,2.78,95.58,12.34,3.22,99.53,12,48.83,58.03,31.96,47.83,49.06,51.36,51.28,49.88,1707,1631,1373,1420,1532.75,334,139.86,1707,1536,152,131,2026-09-19 22:18:21.483951+00:00
US-0624092,Fillmore,California,CA,,,2025,16937,680529.19,-0.77,2.64,-2.13,1.69,4.78,33,1.95,153.85,285.0,21.79,31.08,56.72,4.23,99.48,12,39.62,66.37,34.35,47.67,46.86,53.54,51.13,49.8,1725,1806,1170,1431,1533.0,636,251.78,1725,1537,153,132,2026-09-19 22:18:21.483951+00:00
US-3119595,Grand Island,Nebraska,NE,,,2025,53943,256459.18,-0.33,1.75,3.81,4.18,7.18,180,3.34,-19.28,1409.0,3.0,129.0,54.95,3.33,97.86,12,62.39,46.3,26.6,47.81,52.2,48.17,51.57,49.94,1709,1359,1666,1399,1533.25,350,155.64,1709,1538,10,11,2026-09-19 22:18:21.483951+00:00
US-4781080,Winchester,Tennessee,TN,,,2025,10438,359518.28,1.69,10.82,2.63,3.36,8.36,122,11.69,-22.29,523.0,-10.45,95.25,-0.17,6.9,97.05,12,88.21,13.22,39.5,49.79,58.41,39.66,49.59,49.36,1501,775,2305,1555,1534.0,1530,541.31,1501,1539,32,35,2026-09-19 22:18:21.483951+00:00
US-0137000,Huntsville,Alabama,AL,,,2025,233627,287293.05,1.42,8.01,-0.75,-0.24,5.65,1942,8.31,30.77,10766.0,7.8,1147.83,18.59,3.92,98.05,12,57.42,49.94,29.4,47.8,50.97,49.1,51.25,49.78,1710,1449,1562,1423,1536.0,287,113.24,1710,1540,25,18,2026-09-19 22:18:21.483951+00:00
US-2124274,Elizabethtown,Kentucky,KY,,,2025,35448,271061.93,2.77,12.86,2.14,2.91,6.08,124,3.5,-81.21,1324.0,3.52,143.33,40.75,3.97,97.43,12,66.2,41.14,29.07,48.15,53.11,46.85,51.21,49.83,1671,1274,1775,1424,1536.0,501,197.82,1671,1541,13,11,2026-09-19 22:18:21.483951+00:00
US-4171950,Sweet Home,Oregon,OR,,,2025,10308,353428.18,0.41,4.65,0.68,1.92,6.38,35,3.4,-2.78,452.0,1.57,71.08,9.78,5.98,98.68,12,60.74,38.08,50.33,50.21,52.38,46.71,49.5,49.7,1460,1335,1786,1565,1536.5,451,165.47,1460,1542,13,12,2026-09-19 22:18:21.483951+00:00
US-3629113,Glen Cove,New York,NY,,,2025,28190,783176.11,-0.04,-0.15,7.06,5.04,5.65,3,0.11,0.0,579.0,5.08,60.25,22.54,3.83,99.45,12,34.54,56.91,70.02,51.24,46.57,52.17,48.16,49.53,1353,1833,1293,1669,1537.0,540,222.73,1353,1543,43,40,2026-09-19 22:18:21.483951+00:00
US-1825324,Frankfort,Indiana,IN,,,2025,16837,208985.81,-0.03,-0.23,3.01,6.05,8.63,32,1.9,39.13,473.0,-10.92,29.17,16.28,2.23,96.76,12,63.27,34.07,53.49,50.6,53.04,45.74,49.15,49.63,1415,1279,1863,1592,1537.25,584,218.37,1415,1544,49,57,2026-09-19 22:18:21.483951+00:00
US-1200375,Alachua,Florida,FL,,,2025,10612,332983.9,-1.12,0.37,-2.54,0.5,5.84,0,0.0,,754.0,18.74,96.67,37.12,4.92,98.18,12,39.0,53.44,67.55,51.19,47.61,51.22,48.35,49.6,1358,1745,1391,1658,1538.0,387,166.78,1358,1545,44,48,2026-09-19 22:18:21.483951+00:00
US-1868220,Schererville,Indiana,IN,,,2025,29825,355960.51,0.25,0.54,1.4,2.26,5.27,59,1.98,-28.92,1322.0,19.53,97.92,31.14,2.73,98.41,12,34.03,68.66,42.35,48.23,45.67,54.32,50.44,49.67,1660,1905,1094,1493,1538.0,811,295.27,1660,1546,60,58,2026-09-19 22:18:21.483951+00:00
US-3604715,Batavia,New York,NY,,,2025,15168,199622.69,-0.34,0.03,3.36,,,1,0.07,-66.67,421.0,-11.18,12.42,-12.87,1.09,101.77,12,18.36,62.87,95.21,53.15,43.24,54.37,46.08,49.21,1132,2078,1090,1852,1538.0,988,434.67,1132,1547,37,41,2026-09-19 22:18:21.483951+00:00
US-0647710,Mill Valley,California,CA,,,2025,13799,2007328.45,-0.55,-2.86,-0.08,-0.29,3.33,10,0.72,-33.33,505.0,5.87,28.25,8.31,2.07,102.27,12,9.48,81.26,71.61,50.14,40.34,58.28,48.0,49.19,1468,2242,756,1689,1538.75,1486,532.64,1468,1548,122,133,2026-09-19 22:18:21.483951+00:00
US-0145784,Madison,Alabama,AL,,,2025,67968,375286.89,6.51,18.75,1.24,0.47,5.81,626,9.21,-59.85,2485.0,-3.35,265.33,2.88,3.94,98.7,12,65.32,37.36,40.43,49.31,53.2,46.21,50.25,49.74,1547,1265,1831,1513,1539.0,566,200.67,1547,1549,19,19,2026-09-19 22:18:21.483951+00:00
US-2624290,Eastpointe,Michigan,MI,,,2025,33814,154663.67,0.03,-1.29,5.48,3.4,7.35,8,0.24,700.0,1405.0,-6.15,104.67,17.27,2.72,98.44,12,49.91,40.78,70.92,51.97,50.33,48.04,47.91,49.56,1277,1503,1682,1696,1539.5,419,169.59,1277,1550,47,53,2026-09-19 22:18:21.483951+00:00
US-0665028,San Bruno,California,CA,,,2025,42305,1257376.23,0.62,-3.31,-0.42,1.83,3.11,366,8.65,281.25,929.0,15.98,35.25,-6.42,1.38,104.03,12,7.4,94.15,45.73,47.34,39.17,60.86,50.27,49.41,1763,2309,579,1511,1540.5,1730,625.59,1763,1551,160,134,2026-09-19 22:18:21.483951+00:00
US-4830416,Granbury,Texas,TX,,,2025,13263,377147.05,2.31,19.98,0.69,-0.46,5.66,234,17.64,157.14,860.0,31.3,149.75,25.84,6.52,97.58,12,64.01,48.35,16.79,46.72,52.23,48.31,52.24,49.88,1832,1354,1653,1327,1541.5,505,210.94,1832,1552,67,47,2026-09-19 22:18:21.483951+00:00
US-1722073,East Moline,Illinois,IL,,,2025,20453,146496.23,0.23,-3.98,6.41,5.13,4.99,21,1.03,5.0,730.0,9.94,37.17,-6.69,1.89,98.98,12,13.6,75.04,76.48,50.82,41.46,56.83,47.54,49.16,1397,2181,868,1729,1543.75,1313,479.21,1397,1553,149,150,2026-09-19 22:18:21.483951+00:00
US-3260600,Reno,Nevada,NV,,,2025,283621,566941.25,1.06,7.03,0.16,1.32,5.71,1391,4.9,-48.92,9108.0,3.38,896.25,21.18,3.58,98.32,12,57.04,47.84,34.98,48.31,50.97,48.67,50.69,49.66,1647,1450,1612,1469,1544.5,197,86.16,1647,1554,3,3,2026-09-19 22:18:21.483951+00:00
US-4849068,Mont Belvieu,Texas,TX,,,2025,10673,441383.36,4.67,35.58,2.69,2.36,5.34,167,15.65,-11.17,789.0,33.73,105.25,31.97,4.92,97.66,12,61.31,52.0,13.59,46.12,51.36,49.03,52.35,49.71,1885,1410,1574,1309,1544.5,576,218.15,1885,1555,72,48,2026-09-19 22:18:21.483951+00:00
US-0682996,Vista,California,CA,,,2025,98274,870938.71,-0.65,-0.57,-1.67,3.46,7.64,187,1.9,-15.0,1727.0,-8.33,118.83,29.52,2.5,99.09,12,55.9,45.39,44.04,49.26,50.97,48.34,49.99,49.64,1553,1451,1649,1528,1545.25,198,70.72,1553,1556,129,135,2026-09-19 22:18:21.483951+00:00
US-5355785,Port Orchard,Washington,WA,,,2025,19839,555229.48,4.19,27.05,1.84,1.39,4.72,494,24.9,15.69,1333.0,-15.37,85.0,5.48,2.36,99.93,12,56.92,48.69,33.12,48.09,50.88,48.82,50.84,49.66,1680,1458,1594,1458,1547.5,222,94.52,1680,1557,60,59,2026-09-19 22:18:21.483951+00:00
US-4862504,Roanoke,Texas,TX,,,2025,10931,428400.88,-0.01,11.95,-3.6,-1.53,6.0,22,2.01,-12.0,345.0,3.29,48.92,34.02,5.43,98.0,12,64.66,37.61,40.9,49.25,52.98,46.22,50.11,49.64,1554,1285,1830,1521,1547.5,545,193.3,1554,1558,48,49,2026-09-19 22:18:21.483951+00:00
US-1740767,La Grange,Illinois,IL,,,2025,15935,629033.47,-0.11,-2.22,8.02,5.6,5.9,6,0.38,-40.0,571.0,-12.29,33.33,-5.44,2.16,101.92,12,28.19,57.27,84.37,52.41,45.34,52.61,46.9,49.32,1223,1928,1244,1795,1547.5,705,317.59,1223,1559,142,151,2026-09-19 22:18:21.483951+00:00
US-1207525,Bonita Springs,Florida,FL,,,2025,57634,508130.51,0.77,6.94,-9.59,-4.72,7.15,362,6.28,-64.51,4617.0,6.95,979.08,18.84,7.98,94.33,12,74.72,30.25,32.92,48.7,55.11,43.99,50.53,49.58,1609,1083,2011,1488,1547.75,928,330.88,1609,1560,63,49,2026-09-19 22:18:21.483951+00:00
US-4715400,Cleveland,Tennessee,TN,,,2025,51172,311878.75,1.58,6.77,0.54,3.88,7.94,572,11.18,24.08,1961.0,-13.31,243.5,-12.41,4.62,97.29,12,81.45,17.28,46.3,50.2,56.92,40.88,49.06,49.27,1462,909,2221,1602,1548.5,1312,466.79,1462,1561,29,36,2026-09-19 22:18:21.483951+00:00
US-5061225,Rutland,Vermont,VT,,,2025,15363,275172.69,-1.08,-2.73,4.89,4.08,7.59,1,0.07,0.0,531.0,11.55,55.42,33.27,3.88,96.13,12,46.39,46.69,64.79,51.09,49.24,49.31,48.36,49.5,1370,1618,1551,1657,1549.0,287,110.08,1370,1562,2,2,2026-09-19 22:18:21.483951+00:00
US-4649600,Pierre,South Dakota,SD,,,2025,13848,295833.75,0.24,-1.51,6.63,3.29,6.55,13,0.94,-89.17,391.0,6.25,30.92,-10.6,2.99,96.32,12,39.4,48.32,78.46,52.29,47.93,50.17,47.32,49.43,1238,1716,1485,1760,1549.75,522,208.1,1238,1563,7,7,2026-09-19 22:18:21.483951+00:00
US-1345488,Lawrenceville,Georgia,GA,,,2025,32822,384464.83,2.3,7.47,-3.99,-0.13,7.5,697,21.24,90.44,848.0,1.31,101.67,40.23,4.43,97.57,12,78.8,35.5,9.11,46.22,55.35,44.53,52.35,49.61,1876,1055,1968,1310,1552.25,913,381.97,1876,1564,51,46,2026-09-19 22:18:21.483951+00:00
US-4751560,Murfreesboro,Tennessee,TN,,,2025,171178,428200.62,0.84,11.3,0.6,0.36,6.84,1529,8.93,39.51,6902.0,-2.9,754.5,38.27,4.04,98.59,12,75.3,36.59,15.9,46.9,54.78,45.1,51.94,49.68,1812,1111,1925,1363,1552.75,814,330.5,1812,1565,45,37,2026-09-19 22:18:21.483951+00:00
US-0653322,Oceanside,California,CA,,,2025,170483,859878.45,-0.18,-2.06,-2.07,3.0,7.6,857,5.03,170.35,5121.0,1.55,364.08,33.94,2.59,99.25,12,49.29,59.31,26.42,47.08,48.87,51.37,51.51,49.71,1793,1645,1372,1402,1553.0,421,174.37,1793,1566,162,136,2026-09-19 22:18:21.483951+00:00
US-1819270,Dyer,Indiana,IN,,,2025,16273,357998.21,0.01,-1.32,1.5,2.21,5.02,10,0.61,-23.08,635.0,7.81,36.25,19.83,2.08,98.82,12,23.13,70.5,63.64,49.84,43.42,55.26,48.5,49.25,1492,2065,1011,1645,1553.25,1054,376.86,1492,1567,54,59,2026-09-19 22:18:21.483951+00:00
US-4858016,Plano,Texas,TX,,,2025,293028,508396.61,-0.13,2.31,-5.02,-0.43,6.45,313,1.07,-60.83,7705.0,4.79,807.17,44.39,3.78,97.71,12,55.56,45.48,44.17,49.18,50.83,48.31,49.88,49.55,1563,1463,1656,1532,1553.5,193,69.37,1563,1568,49,50,2026-09-19 22:18:21.483951+00:00
US-1238250,Lakeland,Florida,FL,,,2025,125520,312645.73,0.51,10.24,-3.49,-1.05,6.95,796,6.34,109.47,4342.0,-3.73,517.08,13.19,4.39,97.28,12,76.04,26.73,37.33,49.1,55.44,43.11,49.98,49.41,1576,1046,2076,1529,1556.75,1030,364.56,1576,1569,59,50,2026-09-19 22:18:21.483951+00:00
US-0684200,West Covina,California,CA,,,2025,105301,840755.03,-0.91,-3.53,-0.8,2.82,5.84,89,0.85,-12.75,1453.0,12.37,110.58,43.46,2.78,100.45,12,22.82,77.57,46.8,47.98,42.84,56.53,49.86,49.3,1694,2106,896,1535,1557.75,1210,435.19,1694,1570,150,137,2026-09-19 22:18:21.483951+00:00
US-2158620,Owensboro,Kentucky,KY,,,2025,60892,206694.28,0.52,1.03,3.23,4.09,6.88,253,4.15,11.95,2264.0,-8.3,118.08,-4.96,1.99,97.4,12,55.49,40.44,56.37,50.44,51.11,47.35,48.81,49.43,1437,1436,1743,1622,1559.5,307,130.23,1437,1571,11,12,2026-09-19 22:18:21.483951+00:00
US-2212665,Carencro,Louisiana,LA,,,2025,13224,218960.19,2.7,41.77,1.2,-1.19,1.41,194,14.67,18.29,415.0,8.36,49.17,-9.79,4.61,99.15,12,47.75,54.54,41.47,48.56,48.84,50.54,50.18,49.53,1626,1648,1456,1517,1561.75,192,78.67,1626,1572,1,1,2026-09-19 22:18:21.483951+00:00
US-2661940,Owosso,Michigan,MI,,,2025,14437,184259.78,-0.48,-1.7,5.66,6.54,6.2,18,1.25,260.0,708.0,1.14,35.17,25.22,1.83,99.12,12,33.41,64.5,52.43,49.05,45.59,53.36,49.3,49.33,1581,1911,1181,1583,1564.0,730,258.72,1581,1573,58,54,2026-09-19 22:18:21.483951+00:00
US-0683346,Walnut Creek,California,CA,,,2025,70012,990294.66,-0.39,-0.3,-2.33,-0.02,3.58,15,0.21,-37.5,3216.0,2.39,193.5,18.89,2.19,99.97,12,21.07,69.7,70.11,50.35,43.01,55.17,47.86,49.1,1444,2096,1017,1702,1564.75,1079,392.32,1444,1574,118,138,2026-09-19 22:18:21.483951+00:00
US-2210075,Broussard,Louisiana,LA,,,2025,15799,278104.65,3.1,16.85,2.71,0.17,2.96,170,10.76,-22.73,934.0,11.19,97.5,13.15,3.88,98.72,12,49.0,57.69,30.42,47.4,48.82,50.99,51.05,49.56,1757,1651,1414,1441,1565.75,343,143.56,1757,1575,2,2,2026-09-19 22:18:21.483951+00:00
US-4967440,Sandy,Utah,UT,,,2025,92386,660664.02,-0.67,-4.87,2.07,2.06,6.85,25,0.27,0.0,2464.0,1.36,168.08,17.27,2.46,98.99,12,32.08,58.57,70.38,50.93,45.77,52.4,47.83,49.23,1389,1897,1272,1705,1565.75,625,248.32,1389,1576,27,41,2026-09-19 22:18:21.483951+00:00
US-1278300,Winter Park,Florida,FL,,,2025,30444,459982.59,-0.43,1.42,-3.3,0.91,6.69,96,3.15,37.14,1674.0,5.82,172.75,7.52,3.76,96.42,12,54.68,42.37,53.34,50.04,50.79,47.71,49.01,49.39,1476,1466,1714,1608,1566.0,248,102.19,1476,1577,50,51,2026-09-19 22:18:21.483951+00:00
US-2728790,Hibbing,Minnesota,MN,,,2025,15823,160249.51,-0.55,-2.17,5.9,5.56,7.44,8,0.51,-20.0,572.0,-5.61,40.0,12.41,2.6,98.45,12,47.35,42.71,70.85,51.6,49.48,48.32,47.61,49.25,1312,1582,1650,1723,1566.75,411,155.3,1312,1578,48,57,2026-09-19 22:18:21.483951+00:00
US-4871948,Taylor,Texas,TX,,,2025,18402,288891.65,2.5,11.89,-5.84,-5.0,4.24,19,1.03,-87.25,731.0,25.39,119.42,27.04,6.03,96.88,12,50.65,46.55,52.87,49.77,49.76,48.73,49.03,49.32,1502,1558,1606,1604,1567.5,104,42.41,1502,1579,42,51,2026-09-19 22:18:21.483951+00:00
US-2135866,Henderson,Kentucky,KY,,,2025,27822,199700.1,-0.11,-1.11,1.16,4.16,6.32,101,3.63,29.49,783.0,16.52,43.83,46.52,2.04,97.7,12,37.92,70.3,26.62,46.43,45.94,54.03,51.36,49.44,1856,1881,1120,1413,1567.5,761,318.45,1856,1580,16,13,2026-09-19 22:18:21.483951+00:00
US-4103650,Baker City,Oregon,OR,,,2025,10071,266679.33,-0.62,-0.64,3.3,3.53,8.64,44,4.37,57.14,467.0,-1.68,44.0,-13.44,3.52,96.67,12,61.39,32.75,59.62,50.93,52.54,45.38,48.33,49.29,1388,1321,1907,1659,1568.75,586,232.71,1388,1581,10,13,2026-09-19 22:18:21.483951+00:00
US-0658240,Porterville,California,CA,,,2025,63088,326926.18,-0.47,0.13,0.44,2.41,5.96,190,3.01,25.83,1160.0,10.69,97.75,29.61,3.11,99.0,12,39.26,64.71,37.0,47.6,46.56,52.92,50.49,49.39,1731,1835,1219,1490,1568.75,616,237.56,1731,1582,155,139,2026-09-19 22:18:21.483951+00:00
US-4983470,West Valley City,Utah,UT,,,2025,137491,469821.11,-0.55,-1.81,1.31,1.52,6.4,133,0.97,95.59,2804.0,3.97,202.75,44.48,2.64,99.44,12,36.14,64.36,45.27,48.3,45.98,53.03,49.76,49.27,1649,1877,1208,1542,1569.0,669,240.99,1649,1583,37,42,2026-09-19 22:18:21.483951+00:00
US-0118976,Cullman,Alabama,AL,,,2025,20799,260485.71,2.33,12.62,4.87,2.5,6.21,149,7.16,-5.7,1033.0,2.58,131.58,3.54,4.79,96.63,12,67.4,32.98,43.31,49.33,53.46,44.85,49.5,49.29,1543,1233,1942,1564,1570.5,709,251.35,1543,1584,17,20,2026-09-19 22:18:21.483951+00:00
US-5475292,South Charleston,West Virginia,WV,,,2025,13072,167105.76,-0.71,-5.51,2.86,4.64,5.76,7,0.54,0.0,424.0,13.67,24.17,-29.61,2.17,97.21,12,18.28,65.88,86.18,51.91,42.74,54.64,46.49,48.95,1282,2113,1066,1822,1570.75,1047,416.93,1282,1585,3,2,2026-09-19 22:18:21.483951+00:00
US-5107784,Blacksburg,Virginia,VA,,,2025,45104,412148.5,-0.25,0.76,1.69,2.58,5.3,29,0.64,-56.72,812.0,5.87,54.83,41.51,2.49,98.67,12,35.42,62.92,50.59,48.84,45.94,52.82,49.31,49.23,1599,1879,1226,1582,1571.5,653,231.73,1599,1586,23,21,2026-09-19 22:18:21.483951+00:00
US-2669800,Roseville,Michigan,MI,,,2025,46863,172034.43,0.03,-1.58,3.26,4.02,6.67,11,0.23,0.0,2107.0,-5.6,115.17,21.02,1.98,98.73,12,40.53,50.78,67.94,50.97,47.72,50.28,47.88,49.21,1385,1737,1474,1700,1574.0,352,148.46,1385,1587,54,55,2026-09-19 22:18:21.483951+00:00
US-1852326,New Albany,Indiana,IN,,,2025,37463,235173.33,-0.28,-0.86,3.54,4.99,6.61,46,1.23,6.98,1596.0,10.14,125.17,57.94,2.9,97.98,12,43.17,59.18,40.5,48.1,47.57,51.57,50.11,49.34,1678,1749,1348,1522,1574.25,401,154.29,1678,1588,64,60,2026-09-19 22:18:21.483951+00:00
US-1228400,Haines City,Florida,FL,,,2025,45973,298893.4,9.96,64.94,-4.8,-2.27,6.21,1453,31.61,-16.16,4756.0,-5.97,585.5,-1.29,4.56,98.88,12,70.74,31.93,37.21,48.78,54.07,44.37,49.92,49.28,1605,1180,1982,1531,1574.5,802,284.83,1605,1589,62,52,2026-09-19 22:18:21.483951+00:00
US-2700694,Albert Lea,Minnesota,MN,,,2025,18217,179065.56,-0.04,-1.53,2.82,3.96,6.3,4,0.22,0.0,744.0,11.71,63.25,39.78,3.11,98.17,12,35.75,59.88,57.29,49.58,46.22,52.25,48.76,49.2,1523,1862,1289,1625,1574.75,573,205.77,1523,1590,61,58,2026-09-19 22:18:21.483951+00:00
US-5148952,Manassas,Virginia,VA,,,2025,44332,551700.6,0.67,3.85,0.97,4.06,5.91,115,2.59,150.0,1332.0,-9.51,81.67,90.29,2.24,100.0,12,53.1,53.36,29.78,47.36,49.68,49.74,50.88,49.41,1761,1568,1521,1454,1576.0,307,114.23,1761,1591,26,22,2026-09-19 22:18:21.483951+00:00
US-4769420,Smyrna,Tennessee,TN,,,2025,63321,405375.6,4.28,18.35,0.06,0.23,6.39,504,7.96,-57.03,2851.0,-2.46,298.33,25.79,3.92,98.25,12,72.29,35.57,24.47,47.48,54.1,44.92,50.98,49.37,1748,1176,1937,1444,1576.25,761,290.4,1748,1592,44,38,2026-09-19 22:18:21.483951+00:00
US-1729938,Glenview,Illinois,IL,,,2025,47711,655587.33,0.29,-1.58,6.57,5.5,6.05,71,1.49,-21.11,1749.0,0.06,120.0,13.39,2.58,100.1,12,32.38,62.43,59.07,49.57,45.4,52.91,48.57,49.11,1524,1924,1220,1640,1577.0,704,252.31,1524,1593,154,152,2026-09-19 22:18:21.483951+00:00
US-1255775,Pembroke Pines,Florida,FL,,,2025,176714,492004.43,-0.17,3.3,-4.56,1.84,7.54,31,0.18,,4473.0,-3.16,874.5,27.17,7.16,96.66,12,71.14,19.59,65.23,51.62,54.79,41.9,47.35,48.91,1308,1108,2148,1754,1579.5,1040,403.01,1308,1594,41,53,2026-09-19 22:18:21.483951+00:00
US-0648648,Monrovia,California,CA,,,2025,38264,980857.92,1.18,0.72,-0.14,1.45,4.44,63,1.65,-17.11,642.0,4.73,52.42,25.05,3.01,101.17,12,29.31,69.54,49.01,48.32,44.33,54.39,49.38,49.11,1646,2011,1088,1575,1580.0,923,328.71,1646,1595,144,140,2026-09-19 22:18:21.483951+00:00
US-1251825,Orange City,Florida,FL,,,2025,15309,293614.39,0.64,19.81,-4.65,-0.88,6.78,68,4.44,17.24,462.0,-21.96,41.67,11.11,3.38,97.39,12,77.68,20.96,44.83,49.61,55.74,41.56,48.87,48.94,1516,1022,2169,1617,1581.0,1147,407.35,1516,1596,55,54,2026-09-19 22:18:21.483951+00:00
US-0672506,Solana Beach,California,CA,,,2025,12602,2116400.21,-1.13,-2.51,0.97,3.74,9.1,18,1.43,63.64,472.0,1.29,43.92,12.61,3.57,97.08,12,54.89,38.64,60.41,50.58,50.84,46.78,48.13,49.09,1417,1462,1781,1670,1582.5,364,149.14,1417,1597,114,141,2026-09-19 22:18:21.483951+00:00
US-3451000,Newark,New Jersey,NJ,,,2025,323808,490233.53,1.14,4.26,0.69,3.43,6.01,2190,6.76,26.15,3538.0,-3.75,467.92,8.29,4.83,103.11,12,55.06,46.47,40.66,48.45,50.32,48.17,49.75,49.18,1638,1505,1665,1543,1587.75,160,65.85,1638,1598,103,101,2026-09-19 22:18:21.483951+00:00
US-3763120,Southern Pines,North Carolina,NC,,,2025,17357,459060.04,1.94,10.51,1.19,3.24,8.42,155,8.93,-5.49,962.0,-16.85,106.67,33.19,4.09,97.83,12,88.14,20.66,18.51,47.11,57.45,40.58,50.81,48.99,1785,867,2238,1461,1587.75,1371,499.32,1785,1599,42,41,2026-09-19 22:18:21.483951+00:00
US-1744407,Lombard,Illinois,IL,,,2025,44399,378086.59,0.17,-0.05,6.78,6.18,5.42,308,6.94,316.22,1765.0,6.97,115.75,21.84,2.6,100.43,12,32.44,74.39,28.97,46.26,44.51,54.99,50.97,49.18,1873,2001,1034,1446,1588.5,967,380.42,1873,1600,179,153,2026-09-19 22:18:21.483951+00:00
US-0645484,Manteca,California,CA,,,2025,96693,587923.88,2.45,15.04,-4.74,-1.16,4.14,798,8.25,-38.33,2554.0,14.48,266.25,67.19,3.81,98.82,12,51.89,61.3,12.14,45.25,48.75,51.1,52.15,49.31,1957,1657,1403,1338,1588.75,619,243.74,1957,1601,193,142,2026-09-19 22:18:21.483951+00:00
US-4976680,Tooele,Utah,UT,,,2025,42270,434196.68,2.91,17.31,-0.21,1.11,6.43,292,6.91,-32.56,1964.0,-16.1,189.0,29.53,3.56,99.47,12,72.58,35.17,23.95,47.33,54.06,44.71,50.88,49.25,1768,1184,1951,1454,1589.25,767,293.83,1768,1602,43,43,2026-09-19 22:18:21.483951+00:00
US-1373704,Stockbridge,Georgia,GA,,,2025,36331,294656.92,1.3,2.0,-4.43,-1.34,6.98,205,5.64,10.81,866.0,11.03,121.75,22.36,5.47,97.33,12,61.31,43.69,31.66,47.73,51.58,47.17,50.42,49.22,1716,1396,1759,1497,1592.0,363,150.59,1716,1603,47,47,2026-09-19 22:18:21.483951+00:00
US-2769970,White Bear Lake,Minnesota,MN,,,2025,23392,353632.23,-0.13,-5.63,2.09,2.12,4.09,6,0.26,-60.0,893.0,6.44,37.33,18.83,1.52,100.47,12,6.42,83.56,69.49,49.19,39.02,58.31,47.44,48.49,1562,2315,753,1742,1593.0,1562,559.03,1562,1604,63,59,2026-09-19 22:18:21.483951+00:00
US-2720906,Fergus Falls,Minnesota,MN,,,2025,14246,200440.36,-0.11,1.01,5.19,3.88,6.24,20,1.4,400.0,583.0,-2.35,34.17,16.81,2.38,98.22,12,46.85,48.08,56.98,49.82,48.74,49.05,48.42,49.01,1495,1658,1571,1651,1593.75,163,66.47,1495,1605,58,60,2026-09-19 22:18:21.483951+00:00
US-3004975,Belgrade,Montana,MT,,,2025,13107,556106.67,2.44,22.64,-2.18,0.55,6.15,224,17.09,-8.57,803.0,16.55,100.42,29.99,4.77,,12,69.97,41.87,14.12,46.17,53.16,46.14,51.74,49.3,1882,1270,1838,1385,1593.75,612,269.79,1882,1606,7,7,2026-09-19 22:18:21.483951+00:00
US-4236816,Indiana,Pennsylvania,PA,,,2025,14697,192978.89,-0.47,4.82,3.65,4.58,5.55,0,0.0,,311.0,-3.42,29.67,-15.24,3.9,95.86,12,51.2,25.77,100.0,54.5,50.89,44.53,44.64,48.64,983,1456,1967,1974,1595.0,991,411.06,983,1607,31,34,2026-09-19 22:18:21.483951+00:00
US-1772000,Springfield,Illinois,IL,,,2025,112989,165597.4,-0.01,-1.26,6.8,5.5,5.12,146,1.29,67.82,4617.0,-0.58,161.33,-2.12,1.3,99.17,12,24.25,64.84,72.3,50.47,43.64,53.78,47.32,48.8,1430,2055,1142,1758,1596.25,913,343.0,1430,1608,150,154,2026-09-19 22:18:21.483951+00:00
US-4824348,Ennis,Texas,TX,,,2025,25694,266657.71,3.77,27.08,-1.0,-0.64,4.57,380,14.79,5.56,1117.0,49.53,101.0,34.07,3.45,96.88,12,55.82,56.74,12.86,45.4,49.65,49.88,51.94,49.22,1942,1574,1511,1364,1597.75,578,212.86,1942,1609,77,52,2026-09-19 22:18:21.483951+00:00
US-4872284,Terrell,Texas,TX,,,2025,23921,283895.98,3.93,34.16,-2.53,-1.2,5.7,135,5.64,23.85,651.0,12.05,111.42,33.3,6.6,97.22,12,65.08,42.37,24.92,47.09,52.24,46.57,50.84,49.19,1790,1353,1797,1456,1599.0,444,197.9,1790,1610,63,53,2026-09-19 22:18:21.483951+00:00
US-3969834,Salem,Ohio,OH,,,2025,11655,184336.18,-0.24,-1.98,2.62,4.37,6.41,4,0.34,-69.23,437.0,-0.23,28.5,-1.72,2.41,97.71,12,35.87,48.54,83.41,52.19,46.8,49.97,46.32,48.82,1251,1808,1502,1835,1599.0,584,239.73,1251,1611,110,118,2026-09-19 22:18:21.483951+00:00
US-0680812,Turlock,California,CA,,,2025,72864,482603.2,-0.03,0.17,-0.61,1.38,4.62,97,1.33,-32.64,1464.0,6.55,92.0,26.32,2.27,99.22,12,27.73,69.95,50.66,48.24,43.83,54.39,49.02,48.87,1659,2042,1089,1606,1599.0,953,339.12,1659,1612,147,143,2026-09-19 22:18:21.483951+00:00
US-5164000,Portsmouth,Virginia,VA,,,2025,96777,262916.37,-0.07,-1.24,-0.53,3.76,6.51,179,1.85,-40.33,5124.0,-2.7,368.17,7.91,2.64,99.38,12,40.09,53.18,61.09,49.92,47.17,50.44,48.08,48.9,1482,1780,1464,1677,1600.75,316,132.99,1482,1613,20,23,2026-09-19 22:18:21.483951+00:00
US-4570270,Summerville,South Carolina,SC,,,2025,53177,381213.07,0.85,4.38,-0.93,0.76,6.32,489,9.2,106.33,2780.0,7.71,359.42,35.03,4.84,98.94,12,59.12,51.55,17.03,45.95,50.54,48.65,51.51,49.16,1901,1485,1615,1405,1601.5,496,188.46,1901,1614,31,29,2026-09-19 22:18:21.483951+00:00
US-3126910,Lexington,Nebraska,NE,,,2025,11176,206653.35,-0.37,4.61,4.18,3.64,6.62,14,1.25,75.0,160.0,2.56,18.17,74.4,4.42,97.44,12,63.91,37.23,40.04,48.6,52.32,45.65,49.51,49.02,1621,1343,1880,1563,1601.75,537,191.21,1621,1615,9,12,2026-09-19 22:18:21.483951+00:00
US-2833700,Horn Lake,Mississippi,MS,,,2025,26741,201063.83,0.08,0.04,-0.79,0.43,6.07,0,0.0,-100.0,778.0,-24.25,47.33,-22.4,2.25,98.54,12,40.07,37.23,100.0,54.06,48.21,47.5,44.78,48.64,1023,1697,1728,1959,1601.75,936,349.14,1023,1616,3,7,2026-09-19 22:18:21.483951+00:00
US-1304140,Auburn,Georgia,GA,,,2025,10110,372221.63,-0.4,33.69,-0.81,1.77,8.71,215,21.27,532.35,485.0,-21.01,64.58,51.96,5.6,98.8,12,94.08,19.02,6.01,45.79,58.35,39.59,51.5,48.81,1913,779,2309,1406,1601.75,1530,572.78,1913,1617,53,48,2026-09-19 22:18:21.483951+00:00
US-0422360,Eloy,Arizona,AZ,,,2025,19967,272864.6,2.31,27.24,-6.18,-3.16,5.02,230,11.52,52.32,649.0,18.21,113.75,15.87,6.85,97.87,12,58.64,47.92,27.4,47.08,50.74,48.06,50.69,49.14,1794,1471,1680,1470,1603.75,324,139.21,1794,1618,17,15,2026-09-19 22:18:21.483951+00:00
US-3624515,Endicott,New York,NY,,,2025,13068,195889.25,-0.56,-4.21,3.95,6.91,8.36,0,0.0,,407.0,-8.54,26.08,16.36,2.45,98.28,12,44.99,40.17,80.9,52.28,48.93,47.73,46.41,48.84,1239,1638,1712,1826,1603.75,587,220.98,1239,1619,39,42,2026-09-19 22:18:21.483951+00:00
US-4041850,Lawton,Oklahoma,OK,,,2025,90503,142621.14,0.29,0.14,3.88,3.21,7.1,139,1.54,85.33,3475.0,3.02,392.83,3.11,4.18,96.63,12,53.73,36.51,67.23,51.08,50.59,46.29,47.33,48.82,1371,1479,1822,1756,1607.0,451,187.42,1371,1620,16,24,2026-09-19 22:18:21.483951+00:00
US-0680238,Tracy,California,CA,,,2025,101901,694014.33,1.48,8.83,-5.07,-0.65,5.44,78,0.77,-88.04,1944.0,-5.31,161.33,58.69,3.03,99.01,12,55.96,43.23,45.12,48.79,50.51,47.33,49.14,48.94,1603,1489,1746,1593,1607.75,257,91.45,1603,1621,139,144,2026-09-19 22:18:21.483951+00:00
US-0670042,Santa Paula,California,CA,,,2025,31774,700973.61,0.06,3.23,-1.01,2.72,5.25,385,12.12,176.98,598.0,21.05,52.83,37.83,3.26,98.87,12,44.61,67.76,12.65,44.73,46.76,52.55,51.83,48.97,1993,1814,1254,1372,1608.25,739,304.82,1993,1622,200,145,2026-09-19 22:18:21.483951+00:00
US-2436075,Hagerstown,Maryland,MD,,,2025,44228,300504.44,0.27,1.58,0.71,4.41,7.42,34,0.77,-34.62,1505.0,-11.47,157.58,32.89,3.83,98.94,12,64.17,31.43,52.83,49.87,52.64,44.46,48.3,48.82,1488,1312,1975,1661,1609.0,663,244.7,1488,1623,5,6,2026-09-19 22:18:21.483951+00:00
US-5485156,Weirton,West Virginia,WV,,,2025,18133,144211.85,-0.87,-5.18,6.14,3.63,6.58,4,0.22,-60.0,621.0,32.13,58.25,-7.29,3.4,95.51,12,28.62,53.87,87.6,52.2,45.04,51.35,45.88,48.62,1249,1948,1374,1867,1609.5,699,302.62,1249,1624,2,3,2026-09-19 22:18:21.483951+00:00
US-0612524,Ceres,California,CA,,,2025,48982,450342.82,-0.5,-1.46,-0.32,1.57,5.55,4,0.08,33.33,527.0,-4.01,33.92,5.17,2.37,99.72,12,27.42,56.09,85.06,51.86,44.67,51.83,46.08,48.61,1286,1977,1326,1850,1609.75,691,307.38,1286,1625,93,146,2026-09-19 22:18:21.483951+00:00
US-2002900,Atchison,Kansas,KS,,,2025,10789,170054.61,0.16,-0.74,5.9,4.06,8.81,19,1.76,-13.64,319.0,-4.49,31.17,-0.27,3.75,96.93,12,61.86,27.97,67.34,51.37,52.51,44.04,47.15,48.77,1340,1323,2008,1776,1611.75,685,292.07,1340,1626,21,22,2026-09-19 22:18:21.483951+00:00
US-4805168,Azle,Texas,TX,,,2025,15365,334664.14,2.22,14.47,-1.7,-1.43,5.16,241,15.68,29.57,1103.0,8.14,123.67,10.83,4.14,97.86,12,57.38,48.18,29.24,47.12,50.4,48.1,50.43,49.01,1783,1495,1675,1495,1612.0,288,123.07,1783,1627,62,54,2026-09-19 22:18:21.483951+00:00
US-0547390,Mountain Home,Arkansas,AR,,,2025,13373,239851.1,0.39,4.17,1.7,3.59,7.3,54,4.04,74.19,867.0,-0.91,104.33,17.34,4.61,96.95,12,71.0,28.91,41.14,48.8,53.89,43.37,49.07,48.78,1601,1195,2060,1599,1613.75,865,306.13,1601,1628,17,17,2026-09-19 22:18:21.483951+00:00
US-2743864,Moorhead,Minnesota,MN,,,2025,46533,287295.34,0.79,4.45,3.07,2.71,4.6,139,2.99,-38.77,1693.0,0.71,135.5,-1.75,3.0,98.67,12,43.06,50.07,60.21,49.8,47.74,49.49,47.93,48.74,1497,1732,1539,1694,1615.5,235,99.54,1497,1629,60,61,2026-09-19 22:18:21.483951+00:00
US-0653070,Oakley,California,CA,,,2025,47583,661088.61,1.35,9.43,-4.65,-1.56,3.02,101,2.12,8.6,1101.0,-5.74,82.0,27.3,2.68,100.54,12,45.15,54.75,43.6,48.12,47.8,50.2,49.32,48.86,1674,1727,1483,1580,1616.0,244,93.1,1674,1630,148,147,2026-09-19 22:18:21.483951+00:00
US-1709642,Burbank,Illinois,IL,,,2025,28578,304120.27,-0.12,-2.62,4.67,5.17,6.7,14,0.49,100.0,753.0,-3.34,64.42,1.98,3.19,99.58,12,36.7,48.92,79.17,51.59,46.73,49.79,46.44,48.64,1313,1816,1517,1824,1617.5,511,214.98,1313,1631,146,155,2026-09-19 22:18:21.483951+00:00
US-0614974,Commerce,California,CA,,,2025,11688,691362.14,-1.01,-5.12,-2.09,2.04,4.72,20,1.71,,102.0,13.33,7.0,5.0,2.63,101.21,12,9.36,81.84,64.53,48.52,39.38,57.5,47.49,48.22,1632,2297,809,1736,1618.5,1488,531.42,1632,1632,143,148,2026-09-19 22:18:21.483951+00:00
US-5183136,Warrenton,Virginia,VA,,,2025,10213,676345.2,-0.04,1.64,3.38,4.35,6.35,7,0.69,75.0,395.0,-9.4,31.5,57.5,2.87,99.98,12,51.24,47.2,46.55,48.66,49.33,48.32,48.96,48.81,1614,1603,1652,1611,1620.0,49,18.91,1614,1633,24,24,2026-09-19 22:18:21.483951+00:00
US-2746042,New Ulm,Minnesota,MN,,,2025,13863,245936.55,-0.18,-1.88,8.81,5.29,6.74,20,1.44,0.0,430.0,-7.33,21.17,10.92,1.91,99.2,12,40.1,52.37,61.72,49.8,47.03,50.09,47.78,48.68,1496,1789,1492,1709,1621.5,297,130.61,1496,1634,59,62,2026-09-19 22:18:21.483951+00:00
US-0636770,Irvine,California,CA,,,2025,318764,1516021.97,0.28,3.37,0.1,8.8,11.54,1746,5.48,-53.19,5940.0,-5.25,719.08,81.59,4.42,98.28,12,79.45,29.38,17.9,46.54,55.2,42.68,50.76,48.79,1846,1069,2107,1464,1621.5,1038,392.48,1846,1635,174,149,2026-09-19 22:18:21.483951+00:00
US-1982695,Waukee,Iowa,IA,,,2025,34890,351704.31,9.28,44.26,-1.25,-0.31,2.78,678,19.43,-48.28,2445.0,8.09,335.08,7.0,5.21,99.41,12,50.31,54.22,31.92,47.08,48.72,49.7,50.23,48.93,1792,1659,1523,1515,1622.25,277,113.49,1792,1636,20,18,2026-09-19 22:18:21.483951+00:00
US-3651055,Niagara Falls,New York,NY,,,2025,47255,171305.39,-0.44,-2.69,6.08,5.38,8.43,2,0.04,-50.0,2012.0,-6.11,222.33,13.29,4.04,98.69,12,51.93,32.91,79.32,52.12,50.33,45.57,46.11,48.53,1262,1501,1887,1845,1623.75,625,256.99,1262,1637,40,43,2026-09-19 22:18:21.483951+00:00
US-2937592,Joplin,Missouri,MO,,,2025,53930,203186.52,0.65,4.24,0.77,3.59,7.36,214,3.97,2.39,2677.0,-0.78,233.0,30.78,3.19,91.97,12,71.76,31.75,31.84,47.77,53.77,43.76,49.76,48.77,1712,1207,2035,1541,1623.75,828,298.93,1712,1638,54,50,2026-09-19 22:18:21.483951+00:00
US-1351670,Milton,Georgia,GA,,,2025,41266,938525.83,-0.35,-0.32,1.6,4.86,9.83,143,3.47,22.22,1607.0,4.55,187.75,34.03,4.36,97.09,12,64.13,39.48,32.44,47.58,51.98,45.82,49.87,48.81,1736,1377,1859,1534,1626.5,482,184.97,1736,1639,48,49,2026-09-19 22:18:21.483951+00:00
US-0649278,Morgan Hill,California,CA,,,2025,45625,1318034.47,0.3,-0.1,-1.08,1.82,5.43,296,6.49,55.79,1246.0,0.65,72.0,9.78,2.14,100.34,12,32.25,69.08,39.93,47.06,44.46,53.66,49.6,48.69,1796,2004,1156,1554,1627.5,848,315.38,1796,1640,163,150,2026-09-19 22:18:21.483951+00:00
US-0633798,Hillsborough,California,CA,,,2025,11206,5092668.78,0.73,-1.28,4.33,0.62,3.46,43,3.84,19.44,373.0,20.71,22.0,-10.51,2.45,99.16,12,16.27,77.02,59.19,48.26,40.93,56.12,47.9,48.3,1656,2212,944,1699,1627.75,1268,451.31,1656,1641,145,151,2026-09-19 22:18:21.483951+00:00
US-0177256,Tuscaloosa,Alabama,AL,,,2025,114316,244013.55,0.09,8.29,0.75,2.44,5.06,427,3.74,-1.39,3709.0,0.35,298.67,3.97,3.0,97.62,12,52.19,43.25,53.23,49.32,49.66,47.43,48.27,48.67,1544,1571,1734,1664,1628.25,190,75.56,1544,1642,18,21,2026-09-19 22:18:21.483951+00:00
US-0685446,Wildomar,California,CA,,,2025,37889,649007.29,0.45,2.62,-1.94,1.19,6.59,188,4.96,-49.73,773.0,-11.35,65.0,17.65,3.19,99.99,12,58.47,43.15,37.58,47.89,50.74,46.91,49.49,48.76,1703,1470,1773,1567,1628.25,303,117.62,1703,1643,151,152,2026-09-19 22:18:21.483951+00:00
US-3925704,Euclid,Ohio,OH,,,2025,47962,149332.22,-0.29,-3.28,3.26,4.24,7.23,3,0.06,-62.5,1874.0,-7.0,128.75,-0.45,2.52,98.24,12,40.74,40.4,89.11,52.71,47.89,47.81,45.42,48.46,1185,1720,1706,1903,1628.5,718,267.59,1185,1644,108,119,2026-09-19 22:18:21.483951+00:00
US-2062700,Salina,Kansas,KS,,,2025,46094,175822.01,0.23,-1.6,2.63,3.28,6.0,90,1.95,-67.86,2073.0,-1.38,100.17,-31.51,1.8,98.55,12,31.86,56.48,72.03,50.52,45.27,51.42,46.95,48.54,1425,1935,1369,1787,1629.0,566,238.65,1425,1645,24,23,2026-09-19 22:18:21.483951+00:00
US-2725118,Grand Rapids,Minnesota,MN,,,2025,11181,278875.34,-0.51,0.9,3.55,3.84,6.66,145,12.97,7150.0,388.0,1.31,29.08,12.94,3.05,99.11,12,51.89,53.66,28.76,46.73,48.95,49.39,50.37,48.86,1831,1637,1547,1502,1629.25,329,126.21,1831,1646,73,63,2026-09-19 22:18:21.483951+00:00
US-2606020,Bay City,Michigan,MI,,,2025,31868,125817.95,-0.48,-2.3,4.37,6.96,7.2,0,0.0,,1371.0,-7.61,85.5,27.77,2.28,98.44,12,44.27,43.62,72.53,51.11,48.31,48.15,46.8,48.6,1365,1689,1669,1807,1632.5,442,163.2,1365,1647,51,56,2026-09-19 22:18:21.483951+00:00
US-1245200,Miami Springs,Florida,FL,,,2025,13611,719851.4,-1.38,-1.33,-3.94,3.02,8.75,0,0.0,,288.0,-1.03,41.08,9.56,5.53,95.48,12,58.74,22.36,86.85,53.04,52.04,42.95,45.18,48.3,1150,1371,2087,1926,1633.5,937,385.32,1150,1648,30,55,2026-09-19 22:18:21.483951+00:00
US-2869280,Southaven,Mississippi,MS,,,2025,57819,271311.03,0.07,5.42,1.08,0.71,5.86,157,2.72,-37.7,2307.0,-10.79,171.92,-0.15,2.78,98.39,12,56.13,35.91,60.73,50.2,50.75,45.7,47.49,48.54,1461,1467,1872,1737,1634.25,411,176.83,1461,1649,7,8,2026-09-19 22:18:21.483951+00:00
US-1209725,Callaway,Florida,FL,,,2025,14369,261716.56,1.27,10.65,-2.16,-0.01,5.32,133,9.26,68.35,952.0,10.96,125.0,8.62,5.02,97.47,12,56.68,45.48,36.05,47.6,50.22,47.42,49.57,48.71,1732,1515,1736,1558,1635.25,221,99.92,1732,1650,69,56,2026-09-19 22:18:21.483951+00:00
US-2720330,Fairmont,Minnesota,MN,,,2025,10099,169922.87,-0.76,-3.3,4.76,3.08,6.37,2,0.2,-71.43,439.0,2.09,25.58,1.99,2.11,97.22,12,29.76,53.43,83.9,51.58,44.98,50.9,45.82,48.32,1314,1953,1419,1874,1640.0,639,277.42,1314,1651,49,64,2026-09-19 22:18:21.483951+00:00
US-4730980,Greeneville,Tennessee,TN,,,2025,16141,245446.12,0.98,4.03,1.31,5.85,9.02,78,4.83,-45.83,767.0,-3.4,109.42,29.74,5.23,96.62,12,81.07,22.09,29.47,47.53,55.64,40.89,49.37,48.36,1746,1030,2220,1576,1643.0,1190,425.38,1746,1652,42,39,2026-09-19 22:18:21.483951+00:00
US-5586925,Whitewater,Wisconsin,WI,,,2025,16038,339699.2,-0.34,-0.6,4.49,5.17,6.5,87,5.42,357.89,301.0,24.38,29.25,39.29,3.74,98.83,12,42.77,64.87,22.58,45.46,46.37,51.9,50.7,48.61,1939,1850,1317,1468,1643.5,622,258.54,1939,1653,87,84,2026-09-19 22:18:21.483951+00:00
US-0602000,Anaheim,California,CA,,,2025,341008,927501.59,-0.49,-1.63,-0.76,3.82,6.54,210,0.62,-67.89,4224.0,-4.8,315.25,22.94,2.73,100.13,12,38.55,53.67,61.07,49.47,46.47,50.25,47.61,48.45,1532,1843,1478,1724,1644.25,365,146.71,1532,1654,128,153,2026-09-19 22:18:21.483951+00:00
US-4838476,Katy,Texas,TX,,,2025,28373,339791.08,2.07,26.46,-3.26,-1.25,5.49,116,4.09,-31.76,18814.0,7.82,1936.58,42.4,3.77,95.39,12,62.86,42.9,25.95,46.64,51.33,46.34,50.18,48.63,1838,1414,1811,1516,1644.75,424,183.58,1838,1655,69,55,2026-09-19 22:18:21.483951+00:00
US-5186720,Winchester,Virginia,VA,,,2025,28272,399558.92,0.68,0.96,1.73,3.22,6.18,68,2.41,-25.27,1025.0,-2.94,71.83,10.94,2.58,98.75,12,45.77,48.83,54.57,49.04,48.01,48.77,48.03,48.46,1584,1713,1598,1685,1645.0,129,55.12,1584,1656,22,25,2026-09-19 22:18:21.483951+00:00
US-4733280,Hendersonville,Tennessee,TN,,,2025,64266,517674.05,0.25,3.47,0.6,-0.02,6.57,192,2.99,-34.02,2803.0,0.54,318.92,26.22,4.19,98.37,12,60.71,39.63,39.15,47.94,51.15,45.88,49.06,48.51,1698,1432,1853,1600,1645.75,421,152.86,1698,1657,41,40,2026-09-19 22:18:21.483951+00:00
US-0462000,Safford,Arizona,AZ,,,2025,10279,283759.75,0.02,1.31,3.18,3.54,6.18,47,4.57,370.0,146.0,0.69,9.67,-7.2,2.89,98.01,12,47.3,46.92,55.49,49.21,48.41,48.32,47.95,48.47,1560,1683,1651,1693,1646.75,133,52.43,1560,1658,13,16,2026-09-19 22:18:21.483951+00:00
US-5573725,Shorewood,Wisconsin,WI,,,2025,13474,535474.29,-0.27,-2.6,5.78,4.72,5.56,0,0.0,-100.0,431.0,-13.63,25.08,-8.51,2.27,101.27,12,22.91,54.56,97.01,52.51,43.52,51.43,44.56,48.01,1210,2056,1366,1980,1653.0,846,370.12,1210,1659,78,85,2026-09-19 22:18:21.483951+00:00
US-1880306,Warsaw,Indiana,IN,,,2025,16130,271451.01,-0.07,2.02,2.2,3.33,6.33,126,7.81,223.08,657.0,-3.38,46.17,1.09,2.63,98.53,12,52.62,46.02,43.84,48.12,49.32,47.67,48.77,48.47,1677,1605,1717,1624,1655.75,112,44.12,1677,1660,63,61,2026-09-19 22:18:21.483951+00:00
US-4728540,Gallatin,Tennessee,TN,,,2025,54590,433885.9,3.7,21.75,0.73,-0.48,6.33,2267,41.53,119.03,3749.0,-3.87,408.25,20.52,3.99,98.56,12,72.1,35.18,20.66,46.32,53.31,44.08,50.34,48.51,1868,1250,2006,1505,1657.25,756,297.94,1868,1661,46,41,2026-09-19 22:18:21.483951+00:00
US-0135896,Hoover,Alabama,AL,,,2025,93550,430591.45,0.51,1.0,1.55,1.92,5.41,724,7.74,70.35,4264.0,7.35,344.42,2.89,3.0,98.91,12,37.37,61.83,43.0,47.34,45.55,51.67,48.94,48.37,1765,1913,1340,1613,1657.75,573,211.91,1765,1662,27,22,2026-09-19 22:18:21.483951+00:00
US-0618996,Desert Hot Springs,California,CA,,,2025,34009,379216.01,0.42,4.49,-4.51,-0.69,6.98,216,6.35,83.05,1152.0,-0.52,176.58,25.61,5.77,98.87,12,68.23,36.3,27.63,46.9,52.56,44.58,49.8,48.46,1811,1319,1965,1538,1658.25,646,248.48,1811,1663,167,154,2026-09-19 22:18:21.483951+00:00
US-1355020,Newnan,Georgia,GA,,,2025,45867,366999.52,0.75,7.24,-2.2,1.02,6.95,141,3.07,-14.55,1775.0,-7.6,219.17,18.74,4.58,97.98,12,72.94,24.03,44.43,48.7,53.99,41.76,48.08,48.13,1610,1187,2160,1678,1658.75,973,345.16,1610,1664,43,50,2026-09-19 22:18:21.483951+00:00
US-4813552,Cedar Park,Texas,TX,,,2025,79032,474729.7,0.54,1.27,-5.63,-4.72,4.74,0,0.0,-100.0,2468.0,12.95,274.67,20.64,4.06,97.5,12,33.79,51.41,77.56,50.9,45.64,50.05,46.09,48.17,1392,1908,1495,1847,1660.5,516,221.09,1392,1665,35,56,2026-09-19 22:18:21.483951+00:00
US-0828745,Fruita,Colorado,CO,,,2025,14003,481697.48,0.52,4.27,3.5,3.48,7.18,141,10.07,-6.62,745.0,-3.25,63.33,66.3,3.19,98.58,12,69.93,41.75,9.37,44.93,52.39,45.35,51.19,48.47,1976,1332,1909,1426,1660.75,644,284.69,1976,1666,21,16,2026-09-19 22:18:21.483951+00:00
US-1216475,Davie,Florida,FL,,,2025,110851,521725.03,0.19,4.5,-4.37,1.2,6.9,41,0.37,-69.63,2088.0,1.66,381.5,38.64,6.73,95.8,12,67.26,25.67,55.46,49.75,53.01,42.62,47.37,48.19,1503,1282,2110,1749,1661.0,828,307.39,1503,1667,53,57,2026-09-19 22:18:21.483951+00:00
US-2758684,Sauk Rapids,Minnesota,MN,,,2025,13768,301548.09,-0.34,-0.96,3.54,3.84,6.61,95,6.9,313.04,457.0,-6.35,23.5,10.16,1.84,99.79,12,42.62,58.2,38.76,47.11,46.71,50.61,49.24,48.42,1789,1820,1449,1587,1661.25,371,151.73,1789,1668,70,65,2026-09-19 22:18:21.483951+00:00
US-3918000,Columbus,Ohio,OH,,,2025,938396,248972.89,0.83,3.5,-0.04,2.75,6.45,9116,9.71,49.84,29372.0,-2.86,2335.33,24.43,2.9,98.99,12,59.14,47.71,22.69,46.03,50.24,47.39,50.35,48.5,1893,1513,1739,1504,1662.25,389,163.14,1893,1669,131,120,2026-09-19 22:18:21.483951+00:00
US-1714026,Chicago Heights,Illinois,IL,,,2025,26508,172422.42,-0.22,-3.17,-2.03,2.52,7.82,0,0.0,,769.0,2.95,103.92,15.68,5.02,97.71,12,46.32,36.86,81.51,51.81,48.76,46.4,45.58,48.14,1292,1655,1808,1897,1663.0,605,231.02,1292,1670,145,156,2026-09-19 22:18:21.483951+00:00
US-0650076,Murrieta,California,CA,,,2025,114124,686366.25,0.84,2.66,-2.09,1.38,6.78,1666,14.6,1361.4,3277.0,-0.3,317.67,47.47,3.58,99.75,12,60.81,51.66,8.06,44.42,50.15,47.87,51.42,48.46,2020,1522,1700,1411,1663.25,609,230.33,2020,1671,204,155,2026-09-19 22:18:21.483951+00:00
US-3941664,Lakewood,Ohio,OH,,,2025,49027,290688.45,-0.44,-3.53,5.15,5.99,7.15,417,8.51,41600.0,1860.0,0.38,101.5,23.65,2.0,99.8,12,39.17,67.01,24.97,45.37,45.39,52.35,50.28,48.35,1946,1925,1273,1510,1663.5,673,284.71,1946,1672,132,121,2026-09-19 22:18:21.483951+00:00
US-0137864,Irondale,Alabama,AL,,,2025,13545,284376.87,-0.39,0.47,0.87,0.5,5.26,10,0.74,42.86,576.0,12.5,49.67,11.61,3.35,97.46,12,33.67,55.17,68.47,49.89,45.34,50.72,46.82,48.19,1484,1929,1440,1804,1664.25,489,207.61,1484,1673,14,23,2026-09-19 22:18:21.483951+00:00
US-1256625,Pinecrest,Florida,FL,,,2025,18635,2100904.33,-0.89,1.73,-2.53,3.82,14.42,34,1.82,6.25,661.0,2.32,164.83,32.66,9.35,92.88,12,73.92,23.39,42.91,48.48,54.11,41.48,48.08,48.04,1635,1175,2173,1676,1664.75,998,353.27,1635,1674,64,58,2026-09-19 22:18:21.483951+00:00
US-1747007,Markham,Illinois,IL,,,2025,11274,156617.8,-0.19,-2.97,-1.24,1.41,7.67,0,0.0,,497.0,0.61,80.58,53.74,6.15,99.93,12,46.09,44.81,62.71,49.8,48.2,47.88,47.18,48.26,1498,1698,1698,1774,1667.0,276,102.39,1498,1675,153,157,2026-09-19 22:18:21.483951+00:00
US-0203000,Anchorage,Alaska,AK,,,2025,287155,408296.33,-0.07,-1.28,3.39,3.15,3.69,218,0.76,-36.07,10093.0,1.05,444.25,7.74,1.62,99.79,12,16.9,70.32,71.51,49.25,41.12,54.48,46.4,47.81,1555,2201,1083,1829,1667.0,1118,407.74,1555,1676,2,2,2026-09-19 22:18:21.483951+00:00
US-4810768,Brownsville,Texas,TX,,,2025,192957,196840.81,0.28,3.42,1.25,3.77,8.47,1421,7.36,32.8,2776.0,-1.49,457.92,13.72,6.09,96.58,12,77.57,22.89,34.6,47.69,54.72,41.05,48.67,48.03,1723,1114,2207,1627,1667.75,1093,387.99,1723,1677,56,57,2026-09-19 22:18:21.483951+00:00
US-2939026,Kirksville,Missouri,MO,,,2025,17863,151634.99,0.28,1.91,2.86,2.68,3.88,9,0.5,-50.0,669.0,12.06,64.92,-1.27,3.66,96.92,12,32.79,50.87,80.78,51.12,45.41,49.93,45.73,48.05,1362,1923,1504,1886,1668.75,561,241.39,1362,1678,48,51,2026-09-19 22:18:21.483951+00:00
US-5356625,Pullman,Washington,WA,,,2025,33756,437056.0,1.65,2.71,-3.17,-0.08,4.31,11,0.33,-35.29,658.0,8.58,75.25,4.27,4.23,97.43,12,37.38,46.38,80.17,51.23,46.5,48.75,45.71,48.05,1356,1839,1603,1889,1671.75,533,211.89,1356,1679,43,60,2026-09-19 22:18:21.483951+00:00
US-0622804,Escondido,California,CA,,,2025,146030,838549.66,-1.24,-3.27,-3.09,2.37,6.73,376,2.57,-4.81,2968.0,8.44,222.42,45.45,2.74,99.37,12,34.56,68.52,32.18,45.85,44.39,52.88,49.6,48.18,1910,2008,1224,1553,1673.75,784,310.0,1910,1680,184,156,2026-09-19 22:18:21.483951+00:00
US-5307695,Bremerton,Washington,WA,,,2025,45482,483043.46,0.73,4.47,1.2,0.56,3.8,273,6.0,84.46,1644.0,-7.43,86.67,3.69,1.95,100.05,12,39.72,57.8,46.01,47.62,46.09,50.61,48.49,48.2,1729,1873,1448,1647,1674.25,425,153.65,1729,1681,61,61,2026-09-19 22:18:21.483951+00:00
US-1214125,Cooper City,Florida,FL,,,2025,35030,664597.05,-0.16,2.07,-3.82,2.48,8.47,7,0.2,40.0,701.0,-5.78,107.25,34.76,5.61,96.18,12,73.43,16.66,60.08,50.22,54.39,40.2,46.55,47.84,1457,1146,2274,1820,1674.25,1128,420.47,1457,1682,49,59,2026-09-19 22:18:21.483951+00:00
US-0604982,Bellflower,California,CA,,,2025,74719,795568.11,-0.99,-5.37,-1.48,2.13,4.99,92,1.23,-17.12,668.0,7.05,42.58,-3.04,2.41,100.13,12,10.86,75.33,73.3,49.04,39.57,55.69,46.12,47.6,1585,2285,989,1844,1675.75,1296,468.87,1585,1683,132,157,2026-09-19 22:18:21.483951+00:00
US-4708280,Brentwood,Tennessee,TN,,,2025,45313,1388952.01,-0.22,-0.27,2.18,2.56,10.08,132,2.91,9.09,2076.0,2.06,258.17,22.64,4.63,96.97,12,64.3,33.85,42.21,48.12,51.85,44.24,48.39,48.15,1675,1383,1994,1655,1676.75,611,216.46,1675,1684,40,42,2026-09-19 22:18:21.483951+00:00
US-4864064,Sachse,Texas,TX,,,2025,32834,437916.69,-0.49,21.24,-4.71,-1.41,6.3,4,0.12,-91.67,793.0,-19.0,99.0,28.99,4.57,97.88,12,71.58,16.33,65.32,50.68,54.07,40.25,46.09,47.77,1411,1181,2268,1848,1677.0,1087,416.92,1411,1685,37,58,2026-09-19 22:18:21.483951+00:00
US-1267325,South Daytona,Florida,FL,,,2025,13894,244731.02,0.24,7.11,-6.59,-2.42,5.74,27,1.94,-3.57,648.0,5.71,100.67,6.71,5.81,95.84,12,57.4,33.18,61.27,49.89,50.72,44.66,46.89,48.04,1485,1472,1956,1796,1677.25,484,206.69,1485,1686,52,60,2026-09-19 22:18:21.483951+00:00
US-4803264,Angleton,Texas,TX,,,2025,21295,253949.28,2.0,9.66,0.1,0.48,3.71,4,0.19,-98.39,1142.0,45.11,140.67,38.13,4.53,92.59,12,46.99,45.07,58.97,49.31,48.21,47.73,47.32,48.14,1549,1696,1710,1759,1678.5,210,78.34,1549,1687,46,59,2026-09-19 22:18:21.483951+00:00
US-4449960,Newport,Rhode Island,RI,,,2025,24251,919360.3,-0.66,-3.39,7.85,5.49,9.46,9,0.37,-25.0,818.0,2.76,85.42,28.61,3.88,97.3,12,51.38,39.75,60.67,49.63,49.28,46.37,47.07,48.09,1514,1611,1809,1780,1678.5,295,121.4,1514,1688,8,8,2026-09-19 22:18:21.483951+00:00
US-4285312,Williamsport,Pennsylvania,PA,,,2025,27384,206774.15,-0.4,-1.21,4.42,3.96,4.8,5,0.18,66.67,868.0,17.62,63.75,20.66,2.7,97.97,12,22.36,65.4,69.59,49.23,42.36,53.12,46.45,47.79,1558,2133,1204,1823,1679.5,929,341.73,1558,1689,36,35,2026-09-19 22:18:21.483951+00:00
US-3902736,Athens,Ohio,OH,,,2025,25313,240979.53,1.16,6.34,5.66,4.08,5.16,68,2.69,2166.67,371.0,-2.88,21.42,15.25,2.17,97.32,12,50.57,45.24,49.15,48.35,48.76,47.43,48.03,48.14,1645,1656,1735,1683,1679.75,90,34.77,1645,1690,123,122,2026-09-19 22:18:21.483951+00:00
US-4817960,Crowley,Texas,TX,,,2025,20954,318389.65,2.25,14.22,-4.25,-2.69,5.24,234,11.17,-8.95,1159.0,16.13,160.0,47.69,5.17,98.42,12,58.07,53.17,10.15,44.37,49.41,48.19,51.07,48.26,2028,1590,1664,1437,1679.75,591,217.09,2028,1691,85,60,2026-09-19 22:18:21.483951+00:00
US-2038900,Lawrence,Kansas,KS,,,2025,96367,328149.16,-0.08,1.51,3.01,4.95,7.03,176,1.83,0.0,1502.0,-7.91,200.33,-6.24,4.97,98.74,12,59.62,27.4,69.2,50.74,51.39,43.34,46.08,47.89,1400,1407,2065,1851,1680.75,665,287.4,1400,1692,22,24,2026-09-19 22:18:21.483951+00:00
US-5367000,Spokane,Washington,WA,,,2025,230783,401650.84,0.21,0.7,-0.22,0.07,5.55,692,3.0,-47.62,8879.0,3.78,669.0,20.78,2.72,99.18,12,37.28,61.24,43.05,47.11,45.33,51.32,48.64,48.1,1787,1930,1378,1629,1681.0,552,204.79,1787,1693,66,62,2026-09-19 22:18:21.483951+00:00
US-0141968,Leeds,Alabama,AL,,,2025,12831,247361.13,1.41,3.61,-0.2,0.75,5.63,144,11.22,27.43,634.0,3.76,61.17,-4.8,3.55,98.45,12,49.43,49.33,41.97,47.53,48.28,48.25,48.64,48.18,1745,1693,1660,1630,1682.0,115,42.66,1745,1694,26,24,2026-09-19 22:18:21.483951+00:00
US-1276582,Weston,Florida,FL,,,2025,69588,726244.87,-0.16,2.33,-3.72,1.65,8.14,1,0.01,-66.67,1670.0,-5.38,311.42,32.89,6.86,95.55,12,72.65,14.45,66.35,50.71,54.25,39.7,45.83,47.62,1407,1158,2304,1871,1685.0,1146,439.54,1407,1695,47,61,2026-09-19 22:18:21.483951+00:00
US-4723500,Elizabethton,Tennessee,TN,,,2025,14350,231944.65,-0.77,-1.16,0.74,5.24,8.72,31,2.16,29.17,607.0,-2.88,57.42,8.16,3.6,97.12,12,59.45,32.02,58.45,49.6,51.07,44.21,47.0,47.97,1521,1441,1998,1784,1686.0,557,220.34,1521,1696,34,43,2026-09-19 22:18:21.483951+00:00
US-0163288,Rainbow City,Alabama,AL,,,2025,10406,252027.1,0.41,1.9,2.44,3.34,6.85,20,1.92,17.65,280.0,-0.36,28.75,7.14,3.88,96.21,12,59.19,31.16,61.11,49.86,51.07,44.06,46.77,47.94,1491,1440,2007,1809,1686.75,567,232.76,1491,1697,15,25,2026-09-19 22:18:21.483951+00:00
US-5358235,Richland,Washington,WA,,,2025,65258,466744.61,1.03,7.17,0.47,1.11,5.08,777,11.91,73.05,2931.0,6.85,354.83,24.98,4.47,99.46,12,51.1,55.89,20.15,45.04,47.9,49.09,50.16,48.05,1964,1719,1564,1518,1691.25,446,174.19,1964,1698,72,63,2026-09-19 22:18:21.483951+00:00
US-1748892,Midlothian,Illinois,IL,,,2025,13841,234589.43,-0.18,-2.86,0.97,3.4,7.09,0,0.0,-100.0,466.0,-0.21,42.58,48.12,3.39,99.22,12,40.64,49.23,63.69,49.41,46.67,48.82,46.81,47.93,1539,1825,1596,1806,1691.5,286,125.81,1539,1699,156,158,2026-09-19 22:18:21.483951+00:00
US-0659962,Redlands,California,CA,,,2025,74128,632958.89,0.01,1.24,-1.3,1.67,5.6,203,2.74,-18.15,1853.0,11.83,181.0,50.21,3.61,99.11,12,40.52,62.83,30.21,45.75,45.66,51.24,49.53,48.05,1918,1906,1386,1562,1693.0,532,227.71,1918,1700,187,158,2026-09-19 22:18:21.483951+00:00
US-4827648,Friendswood,Texas,TX,,,2025,41319,454406.75,0.21,0.73,-0.68,1.13,5.7,92,2.23,-29.23,2207.0,19.1,197.33,30.11,3.34,97.76,12,39.23,59.75,41.12,46.88,45.67,50.8,48.65,48.0,1813,1904,1432,1628,1694.25,472,181.15,1813,1701,64,61,2026-09-19 22:18:21.483951+00:00
US-0668000,San Jose,California,CA,,,2025,989814,1403758.17,0.2,-1.96,-2.78,3.89,6.22,3313,3.35,65.82,16939.0,-6.06,783.25,19.22,1.68,103.21,12,32.87,65.45,42.74,46.74,44.13,52.27,48.52,47.91,1827,2026,1284,1643,1695.0,742,273.23,1827,1702,171,159,2026-09-19 22:18:21.483951+00:00
US-1230025,Hialeah Gardens,Florida,FL,,,2025,22777,417855.73,-1.22,-0.78,-4.67,2.78,8.29,0,0.0,,285.0,-12.58,33.67,-11.98,4.33,95.84,12,59.43,14.81,97.91,53.43,51.82,40.66,43.2,47.28,1100,1387,2231,2072,1697.5,1131,468.59,1100,1703,24,62,2026-09-19 22:18:21.483951+00:00
US-0651182,Newport Beach,California,CA,,,2025,81977,3449961.24,-0.81,-3.74,4.56,6.68,10.31,156,1.9,-6.02,3187.0,7.67,411.08,12.45,4.73,97.01,12,50.67,41.63,56.77,49.03,48.87,46.61,47.21,47.93,1586,1644,1794,1771,1698.75,208,86.61,1586,1704,133,160,2026-09-19 22:18:21.483951+00:00
US-1224300,Fort Pierce,Florida,FL,,,2025,51737,278546.8,1.49,8.75,-5.16,-0.99,7.83,409,7.91,2.51,1803.0,-4.04,397.58,3.99,8.3,94.64,12,82.82,13.16,41.96,48.22,55.79,38.38,47.39,47.45,1662,1012,2375,1746,1698.75,1363,482.84,1662,1705,65,63,2026-09-19 22:18:21.483951+00:00
US-2741696,Mendota Heights,Minnesota,MN,,,2025,11475,565443.28,-0.2,-1.81,4.18,2.47,4.64,85,7.41,844.44,447.0,37.12,26.42,23.35,2.25,99.95,12,18.8,85.14,26.96,44.06,39.92,56.51,49.47,47.49,2055,2269,899,1572,1698.75,1370,526.25,2055,1706,79,66,2026-09-19 22:18:21.483951+00:00
US-4985370,Woods Cross,Utah,UT,,,2025,11429,525551.6,-0.19,-0.06,1.99,1.88,6.28,40,3.5,344.44,307.0,5.86,23.0,87.76,2.78,99.11,12,42.07,63.07,25.05,45.16,45.81,51.06,49.81,47.96,1960,1890,1409,1537,1699.0,551,231.81,1960,1707,52,44,2026-09-19 22:18:21.483951+00:00
US-0457380,Prescott,Arizona,AZ,,,2025,48420,602367.47,0.39,4.96,-0.83,0.54,6.13,686,14.17,56.26,3255.0,15.63,440.42,22.17,5.03,97.46,12,58.09,48.39,20.84,45.38,49.59,47.17,50.0,48.04,1945,1576,1760,1527,1702.0,418,165.01,1945,1708,22,17,2026-09-19 22:18:21.483951+00:00
US-1938595,Iowa City,Iowa,IA,,,2025,76229,299998.93,0.08,1.73,4.58,3.78,5.12,161,2.11,21.05,2854.0,12.81,286.25,18.86,3.88,98.43,12,38.33,56.86,49.94,47.72,45.63,50.27,47.83,47.86,1719,1909,1475,1706,1702.25,434,153.85,1719,1709,15,19,2026-09-19 22:18:21.483951+00:00
US-5357745,Renton,Washington,WA,,,2025,104975,753995.45,0.38,-1.64,-1.95,1.76,6.1,70,0.67,-4.11,2725.0,0.22,158.58,52.61,2.09,99.48,12,32.43,63.73,47.59,47.17,44.09,51.92,48.03,47.8,1781,2030,1315,1684,1702.5,715,256.86,1781,1710,65,64,2026-09-19 22:18:21.483951+00:00
US-4872176,Temple,Texas,TX,,,2025,98412,251549.4,2.25,18.8,-2.7,-2.93,5.72,1220,12.4,-7.44,4328.0,7.31,744.33,16.94,6.48,97.67,12,64.27,39.88,25.8,46.11,51.18,45.08,49.45,47.96,1886,1426,1926,1573,1702.75,500,210.27,1886,1711,73,62,2026-09-19 22:18:21.483951+00:00
US-0611530,Carson,California,CA,,,2025,90808,790014.23,-0.64,-4.82,-1.97,2.04,4.96,37,0.41,1750.0,1279.0,12.69,91.08,25.49,2.61,100.39,12,10.64,79.4,61.94,47.53,38.96,56.15,46.71,47.34,1744,2318,938,1811,1702.75,1380,494.16,1744,1712,156,161,2026-09-19 22:18:21.483951+00:00
US-1916230,Coralville,Iowa,IA,,,2025,23960,258085.65,0.8,7.34,3.93,2.13,4.85,260,10.85,116.67,1178.0,5.84,124.42,-1.91,4.42,98.64,12,49.78,48.75,41.22,47.28,48.19,47.93,48.46,47.96,1771,1700,1693,1648,1703.0,123,44.04,1771,1713,19,20,2026-09-19 22:18:21.483951+00:00
US-1342425,Johns Creek,Georgia,GA,,,2025,80401,698085.18,-0.69,-2.64,1.41,3.83,8.94,483,6.01,274.42,2525.0,0.28,187.58,33.12,2.76,98.64,12,54.01,51.19,24.22,45.57,48.7,47.99,49.76,48.01,1931,1663,1689,1540,1705.75,391,141.7,1931,1714,54,51,2026-09-19 22:18:21.483951+00:00
US-1829718,Greensburg,Indiana,IN,,,2025,12315,259352.08,-0.25,-0.11,4.54,5.01,7.36,31,2.52,244.44,475.0,-7.23,29.17,12.9,2.23,97.14,12,55.37,38.32,52.06,48.57,49.76,45.49,47.37,47.8,1623,1557,1895,1750,1706.25,338,129.18,1623,1715,58,62,2026-09-19 22:18:21.483951+00:00
US-4961150,Pleasant View,Utah,UT,,,2025,11423,674317.46,0.15,2.93,5.61,2.27,7.32,30,2.63,11.11,232.0,-1.28,34.0,32.04,6.31,98.39,12,68.19,30.77,37.68,47.47,52.39,43.03,48.3,47.8,1750,1334,2080,1662,1706.5,746,265.58,1750,1716,42,45,2026-09-19 22:18:21.483951+00:00
US-1271000,Tampa,Florida,FL,,,2025,413554,376435.06,0.14,6.41,-4.44,-0.81,7.07,2818,6.81,10.68,16024.0,0.82,2133.58,22.47,4.88,96.5,12,73.05,29.3,28.75,46.66,53.28,42.34,48.93,47.8,1836,1252,2125,1614,1706.75,873,319.0,1836,1717,77,64,2026-09-19 22:18:21.483951+00:00
US-5613900,Cheyenne,Wyoming,WY,,,2025,66507,386188.84,1.12,1.57,3.15,2.34,3.0,394,5.92,21.98,3826.0,4.71,231.75,-2.93,2.22,98.95,12,28.81,66.27,49.8,47.17,43.2,52.56,47.77,47.67,1782,2083,1253,1711,1707.25,830,297.12,1782,1718,6,6,2026-09-19 22:18:21.483951+00:00
US-4115800,Corvallis,Oregon,OR,,,2025,61499,562460.83,0.4,5.39,0.46,2.16,5.68,401,6.52,383.13,1307.0,-16.54,113.67,-13.18,3.23,99.74,12,54.11,39.1,53.16,48.62,49.47,45.72,47.26,47.77,1620,1583,1868,1764,1708.75,285,114.13,1620,1719,14,14,2026-09-19 22:18:21.483951+00:00
US-2714158,Crystal,Minnesota,MN,,,2025,22239,318302.77,0.35,-4.32,2.43,1.8,4.03,0,0.0,-100.0,955.0,4.71,43.92,37.6,1.7,101.39,12,6.14,81.28,67.24,47.72,37.85,56.63,46.07,47.07,1720,2378,885,1853,1709.0,1493,535.58,1720,1720,66,67,2026-09-19 22:18:21.483951+00:00
US-2947648,Mexico,Missouri,MO,,,2025,11558,178896.67,0.41,1.06,10.05,6.75,8.37,20,1.73,-16.67,495.0,-0.4,50.42,32.1,3.85,93.82,12,68.4,27.85,43.89,48.08,52.56,42.42,47.7,47.69,1681,1320,2122,1719,1710.5,802,284.06,1681,1721,51,52,2026-09-19 22:18:21.483951+00:00
US-1884014,Whitestown,Indiana,IN,,,2025,15767,358808.73,7.94,51.85,1.75,0.71,5.77,884,56.07,88.09,1275.0,-21.54,82.75,10.7,2.42,98.7,12,65.82,36.78,28.94,46.44,51.58,44.32,49.06,47.85,1854,1398,1990,1601,1710.75,592,228.23,1854,1722,66,63,2026-09-19 22:18:21.483951+00:00
US-0681554,Vacaville,California,CA,,,2025,103850,605249.39,-0.19,1.7,-1.58,-0.02,3.32,333,3.21,-25.84,2925.0,11.26,224.33,35.89,2.84,99.57,12,29.91,71.77,32.69,45.26,42.89,53.35,49.03,47.63,1955,2104,1183,1605,1711.75,921,354.97,1955,1723,191,162,2026-09-19 22:18:21.483951+00:00
US-2745430,New Brighton,Minnesota,MN,,,2025,22159,379527.83,-0.04,-4.9,0.75,1.22,3.76,18,0.81,0.0,744.0,11.04,34.92,20.75,1.74,100.36,12,4.96,85.37,59.88,46.83,37.32,57.42,46.64,47.05,1816,2398,820,1815,1712.25,1578,567.38,1816,1724,72,68,2026-09-19 22:18:21.483951+00:00
US-2930610,Harrisonville,Missouri,MO,,,2025,10040,292255.1,0.6,-0.89,5.08,4.02,6.64,11,1.1,0.0,442.0,-3.7,25.92,34.05,2.24,98.88,12,43.37,51.96,48.41,47.64,46.71,48.85,47.74,47.74,1728,1822,1589,1715,1713.5,233,82.89,1728,1725,55,53,2026-09-19 22:18:21.483951+00:00
US-3755000,Raleigh,North Carolina,NC,,,2025,506306,433908.87,1.46,8.58,-2.86,-0.15,6.32,4738,9.36,-6.07,15736.0,-0.1,1479.25,45.49,3.44,98.37,12,65.87,43.15,12.51,44.58,51.05,45.37,50.31,47.83,2008,1444,1908,1506,1716.5,564,245.06,2008,1726,45,42,2026-09-19 22:18:21.483951+00:00
US-1747774,Maywood,Illinois,IL,,,2025,23330,244434.06,-0.13,-0.38,3.0,2.09,5.35,6,0.26,-57.14,677.0,-0.88,68.67,-5.5,3.78,99.81,12,30.1,49.99,86.38,51.13,44.51,49.48,44.68,47.45,1361,2000,1540,1968,1717.25,639,274.39,1361,1727,148,159,2026-09-19 22:18:21.483951+00:00
US-0639290,La Habra,California,CA,,,2025,60908,886571.03,-0.46,-3.28,-1.22,3.63,6.29,46,0.76,-34.29,1042.0,0.39,70.08,32.86,2.47,100.29,12,28.52,65.02,53.05,47.43,43.15,52.28,47.4,47.56,1753,2088,1283,1745,1717.25,805,286.39,1753,1728,158,163,2026-09-19 22:18:21.483951+00:00
US-4101000,Albany,Oregon,OR,,,2025,56894,435120.6,-0.36,0.63,0.6,1.96,5.96,28,0.49,21.74,1928.0,1.26,211.83,29.83,4.0,99.48,12,41.57,49.87,57.93,48.56,46.51,48.59,46.94,47.65,1625,1837,1620,1789,1717.75,217,96.77,1625,1729,15,15,2026-09-19 22:18:21.483951+00:00
US-1221350,Eustis,Florida,FL,,,2025,25483,338383.45,1.71,9.69,-2.37,-0.04,7.09,166,6.51,-5.68,1047.0,-6.43,125.5,14.87,4.48,96.96,12,77.02,21.71,35.39,47.26,54.18,40.36,47.97,47.44,1776,1166,2254,1690,1721.5,1088,386.04,1776,1730,72,65,2026-09-19 22:18:21.483951+00:00
US-4801924,Allen,Texas,TX,,,2025,113447,505888.67,-0.25,7.48,-5.33,-1.21,6.97,1028,9.06,406.4,3411.0,-1.84,364.67,42.22,3.88,97.87,12,73.27,34.58,13.93,44.89,52.76,43.09,49.93,47.67,1980,1301,2078,1530,1722.25,777,319.14,1980,1731,81,63,2026-09-19 22:18:21.483951+00:00
US-0603064,Atascadero,California,CA,,,2025,29464,775543.51,-0.59,-0.95,2.96,2.98,6.2,29,0.98,-73.39,860.0,1.9,72.75,41.95,3.15,99.87,12,36.9,59.36,45.99,47.04,45.0,50.62,47.92,47.64,1799,1950,1446,1695,1722.5,504,183.59,1799,1732,165,164,2026-09-19 22:18:21.483951+00:00
US-2931276,Hazelwood,Missouri,MO,,,2025,24849,161359.54,-0.3,-2.2,0.8,2.96,6.62,1,0.04,0.0,824.0,-17.27,38.92,3.32,1.74,98.32,12,37.59,41.73,87.66,51.56,46.34,47.38,44.46,47.43,1317,1854,1740,1984,1723.75,667,250.2,1317,1733,46,54,2026-09-19 22:18:21.483951+00:00
US-1249675,North Port,Florida,FL,,,2025,96551,306198.92,4.04,27.55,-9.62,-6.68,5.15,2688,27.84,4.27,8015.0,10.64,1249.08,7.48,5.78,97.06,12,59.71,41.77,31.5,46.38,50.09,45.61,48.81,47.72,1863,1527,1885,1621,1724.0,358,153.83,1863,1734,79,66,2026-09-19 22:18:21.483951+00:00
US-1911755,Cedar Falls,Iowa,IA,,,2025,41240,268618.29,0.1,1.33,3.79,4.74,5.57,112,2.72,23.08,1560.0,-2.5,100.25,17.6,2.38,99.27,12,40.6,55.06,47.09,47.28,45.91,49.53,47.76,47.62,1770,1883,1535,1713,1725.25,348,125.73,1770,1735,18,21,2026-09-19 22:18:21.483951+00:00
US-0563800,Sherwood,Arkansas,AR,,,2025,33620,235049.58,0.53,2.45,2.98,2.14,5.02,153,4.55,33.04,1863.0,19.12,159.42,32.66,3.22,98.13,12,40.29,62.61,28.87,45.25,45.27,50.85,49.19,47.64,1958,1933,1424,1589,1726.0,534,227.29,1958,1736,19,18,2026-09-19 22:18:21.483951+00:00
US-1202400,Atlantic Beach,Florida,FL,,,2025,13245,695830.88,-0.28,-1.89,-4.12,0.3,8.31,32,2.42,60.0,669.0,13.78,85.5,20.28,4.8,94.68,12,54.6,40.7,46.77,47.78,49.25,45.78,47.56,47.59,1711,1614,1861,1727,1728.25,247,88.0,1711,1737,68,67,2026-09-19 22:18:21.483951+00:00
US-4052500,Norman,Oklahoma,OK,,,2025,130943,262602.67,0.06,2.16,2.45,2.81,6.57,408,3.12,-5.77,4890.0,-0.95,440.92,16.52,3.37,97.79,12,56.51,39.13,45.85,47.76,49.69,45.35,47.62,47.6,1714,1567,1910,1722,1728.25,343,121.73,1714,1738,24,25,2026-09-19 22:18:21.483951+00:00
US-4950150,Millcreek,Utah,UT,,,2025,63926,627000.26,-0.42,0.4,2.64,1.75,6.06,61,0.95,-34.41,2039.0,3.03,174.08,30.81,3.15,98.59,12,41.48,52.25,51.48,47.75,46.21,48.9,47.33,47.55,1715,1863,1585,1757,1730.0,278,99.58,1715,1739,40,46,2026-09-19 22:18:21.483951+00:00
US-0471510,Surprise,Arizona,AZ,,,2025,175304,421970.27,4.6,21.41,-3.4,-2.66,5.32,3355,19.14,-3.87,10853.0,7.54,1493.25,37.84,5.06,98.68,12,60.83,48.95,10.1,43.99,49.65,46.69,50.41,47.68,2067,1572,1788,1499,1731.5,568,220.93,2067,1740,28,18,2026-09-19 22:18:21.483951+00:00
US-5101000,Alexandria,Virginia,VA,,,2025,160662,664309.92,0.81,0.95,0.34,3.07,3.11,17,0.11,-32.0,6376.0,-0.44,378.83,40.18,2.16,99.78,12,26.04,64.2,60.07,47.9,42.59,52.13,46.62,47.31,1700,2118,1295,1817,1732.5,823,295.05,1700,1741,25,26,2026-09-19 22:18:21.483951+00:00
US-0628000,Fullerton,California,CA,,,2025,138675,1019535.25,-0.67,-3.34,-0.83,3.88,6.75,293,2.11,236.78,2438.0,0.04,171.0,29.71,2.57,100.16,12,34.7,62.78,42.29,46.43,44.26,51.28,48.1,47.52,1857,2016,1384,1674,1732.75,632,234.92,1857,1742,178,165,2026-09-19 22:18:21.483951+00:00
US-0617988,Danville,California,CA,,,2025,43302,1837613.21,-0.14,-0.6,-5.43,-0.56,5.71,114,2.63,-1.72,1408.0,2.7,87.83,84.59,2.3,100.0,12,33.12,69.17,29.55,44.84,43.4,52.41,48.98,47.41,1984,2068,1270,1610,1733.0,798,318.09,1984,1743,199,166,2026-09-19 22:18:21.483951+00:00
US-4716540,Columbia,Tennessee,TN,,,2025,50072,370046.98,3.14,19.69,1.24,1.25,8.04,548,10.94,-29.47,2887.0,-15.49,398.83,37.33,5.08,97.56,12,89.85,15.93,13.99,45.01,56.29,37.81,49.0,47.03,1967,962,2406,1609,1736.0,1444,528.55,1967,1744,48,44,2026-09-19 22:18:21.483951+00:00
US-4123850,Eugene,Oregon,OR,,,2025,178618,474371.72,-0.09,0.04,-0.36,0.9,5.14,850,4.76,-15.17,5141.0,9.8,360.92,19.91,2.57,99.0,12,30.64,68.81,36.52,45.47,42.97,52.51,48.4,47.34,1937,2098,1257,1653,1736.25,841,319.29,1937,1745,23,16,2026-09-19 22:18:21.483951+00:00
US-4825224,Fairview,Texas,TX,,,2025,10913,679459.47,-0.09,4.68,-4.27,-0.28,6.91,33,3.02,3.13,465.0,-9.0,53.08,10.4,4.16,97.8,12,67.95,24.24,51.62,48.57,52.39,41.46,46.65,47.27,1624,1333,2177,1814,1737.0,844,306.4,1624,1746,53,64,2026-09-19 22:18:21.483951+00:00
US-5303736,Bainbridge Island,Washington,WA,,,2025,24691,1184230.72,0.55,-0.58,0.14,0.04,5.49,67,2.71,55.81,1229.0,2.85,70.67,11.58,2.16,98.79,12,30.67,62.75,52.14,47.27,43.52,51.54,47.25,47.39,1773,2057,1357,1766,1738.25,700,249.46,1773,1747,64,65,2026-09-19 22:18:21.483951+00:00
US-2128900,Frankfort,Kentucky,KY,,,2025,28657,250526.33,0.03,0.14,3.79,6.31,7.26,7,0.24,-12.5,1032.0,-6.44,79.33,20.81,2.88,96.5,12,55.63,30.61,68.01,49.97,49.98,43.73,45.61,47.32,1481,1540,2038,1896,1738.75,557,234.64,1481,1748,12,14,2026-09-19 22:18:21.483951+00:00
US-2616160,Clawson,Michigan,MI,,,2025,11312,287151.83,-0.06,-0.48,3.19,4.44,5.55,44,3.89,4300.0,553.0,-5.31,15.42,18.59,1.07,100.54,12,31.76,65.93,40.9,46.0,43.38,51.92,48.05,47.34,1896,2069,1314,1681,1740.0,755,281.75,1896,1749,62,57,2026-09-19 22:18:21.483951+00:00
US-2539835,Medford,Massachusetts,MA,,,2025,59834,828119.58,-0.07,0.45,0.87,4.28,4.63,8,0.13,-27.27,1415.0,-10.1,75.25,34.98,1.96,102.14,12,29.02,60.34,61.76,48.16,43.32,51.15,46.39,47.26,1668,2073,1397,1830,1742.0,676,245.87,1668,1750,38,38,2026-09-19 22:18:21.483951+00:00
US-0833035,Greenwood Village,Colorado,CO,,,2025,15323,1379731.48,-1.03,-1.98,0.82,3.24,7.45,5,0.33,-50.0,602.0,5.99,60.58,60.84,3.65,97.06,12,48.19,45.26,51.19,47.92,47.76,47.03,47.17,47.47,1699,1730,1766,1775,1742.5,76,30.24,1699,1751,17,17,2026-09-19 22:18:21.483951+00:00
US-0825280,Evans,Colorado,CO,,,2025,22500,395459.76,-0.02,0.93,-1.91,-0.35,4.45,0,0.0,-100.0,935.0,-2.3,77.17,14.75,3.09,99.48,12,30.52,50.46,82.35,50.46,44.28,49.26,44.68,47.17,1433,2014,1553,1970,1742.5,581,253.56,1433,1752,10,18,2026-09-19 22:18:21.483951+00:00
US-2754808,Robbinsdale,Minnesota,MN,,,2025,14030,313864.67,-0.12,-3.81,2.12,1.61,3.63,0,0.0,-100.0,666.0,-4.17,25.5,0.99,1.39,101.11,12,7.5,68.57,92.92,50.23,38.64,53.9,43.53,46.57,1456,2341,1127,2046,1742.5,1214,477.29,1456,1753,56,69,2026-09-19 22:18:21.483951+00:00
US-3454360,Ocean City,New Jersey,NJ,,,2025,11101,1056399.56,-1.18,-1.09,2.1,1.48,7.58,150,13.51,-8.54,2039.0,12.53,276.17,-1.72,5.11,97.05,12,53.01,45.01,39.24,46.77,48.55,46.55,48.04,47.47,1824,1671,1800,1682,1744.25,153,68.39,1824,1754,105,102,2026-09-19 22:18:21.483951+00:00
US-4714000,Chattanooga,Tennessee,TN,,,2025,194144,321466.72,1.11,6.52,-1.13,2.25,6.86,893,4.6,-13.89,8080.0,-5.39,970.92,14.6,4.41,97.53,12,70.76,25.43,41.22,47.51,52.73,41.4,47.41,47.26,1747,1303,2183,1744,1744.25,880,311.13,1747,1755,43,45,2026-09-19 22:18:21.483951+00:00
US-4065400,Sapulpa,Oklahoma,OK,,,2025,23695,213368.9,2.01,8.09,2.86,3.62,5.72,168,7.09,19.15,827.0,-4.06,59.0,19.59,2.65,98.29,12,58.19,43.08,30.49,45.98,49.5,45.73,48.62,47.46,1899,1580,1866,1634,1744.75,319,139.56,1899,1756,28,26,2026-09-19 22:18:21.483951+00:00
US-0613756,Claremont,California,CA,,,2025,35838,1017616.19,-0.51,-4.22,0.42,3.15,5.8,16,0.45,433.33,940.0,9.94,67.83,39.15,2.77,99.91,12,18.8,73.32,54.04,46.69,40.44,54.07,46.86,47.02,1833,2234,1117,1799,1745.75,1117,401.3,1833,1757,172,167,2026-09-19 22:18:21.483951+00:00
US-1232275,Homestead,Florida,FL,,,2025,86242,442233.07,1.62,7.14,-4.31,2.39,9.49,935,10.84,15.01,3058.0,-8.74,714.42,28.36,8.56,97.75,12,86.97,16.83,18.82,45.39,55.71,38.17,48.59,46.96,1943,1024,2383,1636,1746.5,1359,494.46,1943,1758,86,68,2026-09-19 22:18:21.483951+00:00
US-3224900,Fernley,Nevada,NV,,,2025,26214,392488.1,2.72,13.84,-0.59,-0.13,4.9,303,11.56,67.4,1285.0,-7.29,107.25,-5.65,3.06,99.17,12,55.16,41.59,41.98,47.12,49.12,45.72,47.74,47.42,1784,1627,1867,1717,1748.75,240,88.11,1784,1759,4,4,2026-09-19 22:18:21.483951+00:00
US-1735307,Hinsdale,Illinois,IL,,,2025,17573,1218920.34,0.23,1.14,8.03,6.47,6.61,30,1.71,11.11,731.0,-11.61,63.58,-10.76,3.4,98.65,12,52.46,32.15,71.66,50.15,49.25,44.17,45.24,47.21,1466,1615,1999,1917,1749.25,533,217.24,1466,1760,152,160,2026-09-19 22:18:21.483951+00:00
US-2740382,Maplewood,Minnesota,MN,,,2025,40717,342387.02,1.75,-3.06,1.15,1.51,3.78,5,0.12,-98.54,1251.0,3.9,63.67,26.28,1.84,100.33,12,10.12,76.5,66.9,47.55,38.55,55.15,45.67,46.73,1740,2347,1022,1893,1750.5,1325,476.17,1740,1761,67,70,2026-09-19 22:18:21.483951+00:00
US-5511200,Burlington,Wisconsin,WI,,,2025,10951,353061.21,0.2,-0.86,3.96,4.7,6.54,13,1.19,0.0,264.0,-20.96,16.92,-21.32,2.48,99.24,12,42.17,39.81,78.6,50.45,46.93,46.34,44.75,47.12,1435,1799,1813,1961,1752.0,526,193.71,1435,1762,83,86,2026-09-19 22:18:21.483951+00:00
US-1707744,Bradley,Illinois,IL,,,2025,15214,182491.47,-0.35,-1.12,2.87,6.01,6.27,18,1.18,5.88,544.0,-3.03,36.33,5.83,2.51,98.72,12,37.13,49.14,68.52,49.18,45.44,48.44,45.67,47.18,1564,1922,1641,1891,1754.5,358,154.81,1564,1763,157,161,2026-09-19 22:18:21.483951+00:00
US-5333805,Issaquah,Washington,WA,,,2025,39423,1144974.67,0.3,-1.66,-0.57,2.05,7.23,28,0.71,27.27,1427.0,-19.51,85.92,41.62,2.2,99.82,12,46.87,47.0,49.54,47.58,47.31,47.34,47.19,47.35,1735,1768,1744,1772,1754.75,37,15.64,1735,1764,63,66,2026-09-19 22:18:21.483951+00:00
US-3421300,Elmwood Park,New Jersey,NJ,,,2025,21534,604814.17,-0.07,0.87,2.3,5.05,5.63,7,0.33,,331.0,-20.43,30.25,-3.97,3.63,102.8,12,39.24,40.36,84.69,50.99,46.39,46.67,44.29,47.09,1382,1849,1790,2002,1755.75,620,229.24,1382,1765,98,103,2026-09-19 22:18:21.483951+00:00
US-3980990,Warrensville Heights,Ohio,OH,,,2025,13353,138428.04,-0.21,-2.84,6.29,7.1,9.21,8,0.6,166.67,309.0,-4.33,24.25,8.58,2.99,95.48,12,53.48,30.26,73.16,50.27,49.46,43.66,45.0,47.1,1452,1585,2042,1944,1755.75,590,244.33,1452,1766,116,123,2026-09-19 22:18:21.483951+00:00
US-4807300,Bellaire,Texas,TX,,,2025,17434,1159637.83,0.09,1.43,4.41,5.54,6.3,48,2.75,4.35,607.0,-2.1,45.08,2.27,2.82,97.32,12,49.67,39.93,59.14,48.63,48.17,45.74,46.24,47.19,1619,1701,1865,1840,1756.25,246,100.91,1619,1767,52,65,2026-09-19 22:18:21.483951+00:00
US-1313492,Carrollton,Georgia,GA,,,2025,27925,287547.85,1.01,4.84,-1.57,1.37,7.52,116,4.15,0.87,750.0,-20.47,90.33,-7.82,4.51,97.24,12,74.68,13.93,57.44,49.11,53.87,38.68,45.62,46.82,1575,1201,2355,1895,1756.5,1154,423.94,1575,1768,42,52,2026-09-19 22:18:21.483951+00:00
US-5346685,Monroe,Washington,WA,,,2025,20025,724599.76,0.76,0.0,-0.1,2.84,6.89,83,4.14,-5.68,731.0,-12.77,37.17,51.7,1.87,99.78,12,50.69,53.21,23.66,44.81,47.39,48.02,49.12,47.34,1986,1762,1685,1595,1757.0,391,144.82,1986,1769,74,67,2026-09-19 22:18:21.483951+00:00
US-0671225,Shasta Lake,California,CA,,,2025,10208,293433.98,-0.4,-1.49,-2.89,-0.73,3.2,9,0.88,50.0,382.0,8.22,27.25,0.62,2.69,99.32,12,14.91,68.39,74.63,48.55,39.91,53.28,44.94,46.67,1627,2270,1186,1947,1757.5,1084,400.69,1627,1770,142,168,2026-09-19 22:18:21.483951+00:00
US-4767120,Sevierville,Tennessee,TN,,,2025,19010,422075.73,2.99,2.87,-3.77,-1.21,6.75,121,6.37,-78.51,897.0,13.11,206.92,25.34,8.76,96.65,12,61.17,40.68,27.86,45.67,50.03,44.9,48.62,47.3,1923,1536,1938,1635,1758.0,402,176.1,1923,1771,47,46,2026-09-19 22:18:21.483951+00:00
US-3629443,Gloversville,New York,NY,,,2025,14782,174582.28,-0.37,-2.03,2.32,4.31,7.73,0,0.0,-100.0,454.0,-21.59,36.08,-8.84,3.0,97.21,12,50.41,23.28,97.07,52.58,49.27,42.49,42.87,46.8,1202,1613,2120,2100,1758.75,918,380.19,1202,1772,38,44,2026-09-19 22:18:21.483951+00:00
US-0854330,Northglenn,Colorado,CO,,,2025,38893,462780.19,0.43,2.26,-3.51,-0.72,3.88,0,0.0,-100.0,1007.0,-17.46,55.0,23.13,1.97,99.53,12,34.1,49.02,75.67,49.71,44.81,48.54,44.97,47.01,1506,1963,1626,1946,1760.25,457,198.92,1506,1773,12,19,2026-09-19 22:18:21.483951+00:00
US-4550695,North Augusta,South Carolina,SC,,,2025,26982,276181.42,2.74,10.25,1.81,2.12,5.79,517,19.16,-0.19,1305.0,-3.26,133.0,4.52,3.76,98.62,12,61.27,38.02,33.77,46.26,50.17,44.36,48.06,47.21,1872,1520,1983,1680,1763.75,463,177.63,1872,1774,30,30,2026-09-19 22:18:21.483951+00:00
US-0846465,Loveland,Colorado,CO,,,2025,81387,501830.3,0.51,6.61,-1.86,-0.53,4.2,366,4.5,-5.18,3702.0,6.47,392.25,29.31,3.86,99.04,12,45.49,55.41,30.88,45.31,46.27,48.76,48.49,47.21,1951,1859,1602,1646,1764.5,349,145.05,1951,1775,19,20,2026-09-19 22:18:21.483951+00:00
US-4134100,Hillsboro,Oregon,OR,,,2025,111126,524057.88,1.15,3.78,-3.39,-0.61,3.92,313,2.82,-47.31,3616.0,6.48,335.75,44.67,3.38,99.52,12,38.81,62.12,30.97,45.01,44.63,50.45,48.52,47.15,1968,1983,1463,1644,1764.5,520,220.55,1968,1776,24,17,2026-09-19 22:18:21.483951+00:00
US-4833146,Helotes,Texas,TX,,,2025,10387,465912.94,2.15,15.07,-0.44,-0.7,4.97,40,3.85,-47.37,331.0,16.96,45.42,38.68,5.42,96.85,12,56.09,45.54,28.51,45.5,48.79,46.15,48.59,47.26,1934,1652,1835,1638,1764.75,296,124.86,1934,1777,76,66,2026-09-19 22:18:21.483951+00:00
US-1254450,Palm Springs,Florida,FL,,,2025,28303,268542.46,-0.44,5.24,-5.84,-0.29,7.56,2,0.07,-75.0,632.0,-25.12,148.17,16.97,8.87,95.65,12,75.89,4.25,75.49,50.72,54.34,36.43,43.61,46.27,1403,1150,2466,2042,1765.25,1316,518.99,1403,1778,46,69,2026-09-19 22:18:21.483951+00:00
US-0681204,Union City,California,CA,,,2025,65282,1221422.07,-0.63,-6.65,-5.85,2.33,5.62,142,2.18,246.34,1014.0,4.43,46.08,42.89,1.65,103.13,12,16.75,81.81,35.45,44.2,39.07,55.34,47.9,46.63,2043,2314,1009,1698,1766.0,1305,488.55,2043,1779,208,169,2026-09-19 22:18:21.483951+00:00
US-1852740,New Castle,Indiana,IN,,,2025,17390,168665.0,0.06,-0.02,2.6,4.74,8.04,8,0.46,-42.86,645.0,-13.77,48.17,18.2,2.73,94.95,12,61.27,24.1,66.84,49.66,50.96,41.66,45.1,46.84,1510,1452,2165,1938,1766.25,713,297.03,1510,1780,57,64,2026-09-19 22:18:21.483951+00:00
US-2743000,Minneapolis,Minnesota,MN,,,2025,430324,329516.28,0.05,-0.1,1.46,1.27,1.96,412,0.96,-8.85,14067.0,1.14,954.92,0.86,2.51,100.22,12,17.85,65.58,73.82,48.55,40.56,52.5,44.93,46.63,1628,2230,1259,1948,1766.25,971,362.12,1628,1781,64,71,2026-09-19 22:18:21.483951+00:00
US-5301990,Anacortes,Washington,WA,,,2025,18080,719913.96,0.05,2.31,-0.02,1.04,5.49,29,1.6,26.09,756.0,-6.9,51.17,5.14,2.44,98.51,12,43.92,43.16,65.23,48.98,46.89,46.7,45.71,47.07,1589,1802,1787,1888,1766.5,299,109.49,1589,1782,54,68,2026-09-19 22:18:21.483951+00:00
US-2855760,Pearl,Mississippi,MS,,,2025,28864,205551.4,1.22,6.55,3.17,3.08,5.92,118,4.09,-29.34,1035.0,-11.16,77.0,5.84,2.83,98.17,12,58.67,33.86,50.6,47.97,50.02,43.82,46.7,47.13,1695,1537,2024,1812,1767.0,487,177.59,1695,1783,9,9,2026-09-19 22:18:21.483951+00:00
US-0627000,Fresno,California,CA,,,2025,555549,388444.14,0.09,2.37,-0.43,1.67,6.06,1300,2.34,15.66,10557.0,-2.17,876.58,43.74,3.02,99.23,12,50.36,49.18,34.17,45.9,47.58,47.28,48.21,47.24,1907,1748,1750,1665,1767.5,242,87.54,1907,1784,183,170,2026-09-19 22:18:21.483951+00:00
US-4669300,Watertown,South Dakota,SD,,,2025,23736,305925.53,1.09,4.67,0.74,1.2,5.57,133,5.6,-6.34,922.0,6.59,92.67,16.08,3.83,97.63,12,51.22,47.18,36.74,46.19,47.84,46.83,47.96,47.2,1879,1725,1778,1692,1768.5,187,70.79,1879,1785,8,8,2026-09-19 22:18:21.483951+00:00
US-1239875,Leesburg,Florida,FL,,,2025,38905,279999.92,3.13,43.31,-5.68,-2.49,5.72,225,5.78,-58.41,1658.0,4.02,261.0,26.19,5.78,97.47,12,65.3,35.65,28.62,45.75,50.9,43.49,48.29,47.11,1917,1454,2050,1663,1771.0,596,229.84,1917,1786,82,70,2026-09-19 22:18:21.483951+00:00
US-4827876,Fulshear,Texas,TX,,,2025,64630,517004.72,20.95,276.08,0.23,1.12,6.88,3264,50.5,-17.78,1769.0,-18.4,179.08,-6.69,3.82,96.62,12,79.86,15.48,39.41,47.22,54.48,38.39,46.85,46.73,1780,1134,2374,1801,1772.25,1240,438.85,1780,1787,61,67,2026-09-19 22:18:21.483951+00:00
US-3643335,Long Beach,New York,NY,,,2025,34918,790544.96,0.03,0.33,2.94,3.18,5.48,15,0.43,-16.67,1124.0,7.25,135.75,12.5,4.5,98.55,12,34.7,49.68,71.9,49.24,44.77,48.52,45.16,46.92,1556,1971,1633,1930,1772.5,415,180.65,1556,1788,48,45,2026-09-19 22:18:21.483951+00:00
US-3602066,Amsterdam,New York,NY,,,2025,18093,238276.42,-0.08,-0.54,-0.38,,,0,0.0,,533.0,0.76,36.67,3.29,2.6,99.57,12,15.59,60.3,91.68,50.26,40.42,51.59,43.32,46.4,1453,2236,1346,2063,1774.5,890,381.83,1453,1789,44,46,2026-09-19 22:18:21.483951+00:00
US-0845955,Lone Tree,Colorado,CO,,,2025,15278,892603.68,8.92,7.49,-2.78,0.0,5.05,233,15.25,-61.49,662.0,27.31,66.67,71.31,3.7,97.95,12,51.12,59.27,5.73,42.62,46.76,48.79,50.25,47.1,2175,1815,1597,1514,1775.25,661,255.64,2175,1790,30,21,2026-09-19 22:18:21.483951+00:00
US-4955100,North Ogden,Utah,UT,,,2025,21689,532403.43,0.29,3.76,3.87,1.76,6.72,105,4.84,-52.27,864.0,-2.81,103.33,34.05,4.42,99.08,12,63.17,38.35,27.1,45.47,50.31,44.11,48.39,47.07,1938,1508,2004,1654,1776.0,496,203.06,1938,1791,51,47,2026-09-19 22:18:21.483951+00:00
US-2670040,Royal Oak,Michigan,MI,,,2025,57583,329949.45,-0.04,-0.8,2.17,4.19,5.24,140,2.43,1.45,3422.0,0.97,189.83,29.58,2.01,100.01,12,27.62,69.13,40.25,45.31,41.97,52.35,47.57,46.8,1950,2153,1276,1726,1776.25,877,325.92,1950,1792,66,58,2026-09-19 22:18:21.483951+00:00
US-4126200,Forest Grove,Oregon,OR,,,2025,27252,526711.11,1.16,4.55,-1.19,-0.21,3.96,135,4.95,-9.4,985.0,18.53,114.17,81.22,4.37,99.45,12,40.67,64.42,19.68,43.74,44.65,50.59,49.26,47.06,2098,1980,1450,1586,1778.5,648,268.17,2098,1793,29,18,2026-09-19 22:18:21.483951+00:00
US-2556585,Revere,Massachusetts,MA,,,2025,60141,611394.81,-0.39,-2.86,0.49,4.18,4.68,131,2.18,42.39,1105.0,12.76,78.58,25.57,2.74,101.0,12,14.99,79.69,44.35,44.98,38.81,54.98,47.04,46.45,1969,2330,1035,1783,1779.25,1295,472.56,1969,1794,39,39,2026-09-19 22:18:21.483951+00:00
US-1373256,Statesboro,Georgia,GA,,,2025,35366,275025.24,0.25,5.67,1.47,6.44,10.04,766,21.66,355.95,656.0,-3.81,77.33,78.12,4.35,96.45,12,84.85,24.01,4.99,43.59,54.62,39.41,49.49,46.78,2110,1122,2323,1567,1780.5,1201,469.6,2110,1795,58,53,2026-09-19 22:18:21.483951+00:00
US-5345005,Mercer Island,Washington,WA,,,2025,25422,2302429.62,1.45,-1.25,-0.89,1.71,6.79,23,0.9,-11.54,763.0,-3.78,45.92,47.72,2.26,98.84,12,43.51,51.54,45.15,46.73,46.16,48.17,47.29,47.09,1829,1866,1667,1762,1781.0,199,75.64,1829,1796,69,69,2026-09-19 22:18:21.483951+00:00
US-0616350,Corona,California,CA,,,2025,161734,757185.45,0.1,2.72,-1.95,2.22,6.71,227,1.4,-19.5,3041.0,-12.99,283.83,46.49,3.4,99.31,12,60.14,36.11,40.45,46.81,49.98,43.97,47.36,47.03,1820,1541,2013,1751,1781.25,472,168.7,1820,1797,169,171,2026-09-19 22:18:21.483951+00:00
US-4833428,Hewitt,Texas,TX,,,2025,16754,301366.55,0.21,4.28,-0.56,-0.14,6.0,36,2.15,2.86,505.0,-2.13,58.0,-4.0,4.72,97.99,12,55.01,30.79,66.04,49.29,49.4,43.34,45.21,46.81,1550,1593,2064,1921,1782.0,514,217.02,1550,1798,47,68,2026-09-19 22:18:21.483951+00:00
US-1710487,Calumet City,Illinois,IL,,,2025,34798,158859.2,-0.2,-3.1,-3.29,1.08,7.06,0,0.0,,1114.0,11.85,206.25,34.51,6.88,98.12,12,39.45,45.93,68.74,49.04,45.79,47.41,45.3,46.88,1583,1894,1738,1914,1782.25,331,133.7,1583,1799,160,162,2026-09-19 22:18:21.483951+00:00
US-3667638,Sleepy Hollow,New York,NY,,,2025,11474,1008293.47,0.3,15.12,4.47,-0.54,2.01,23,2.0,666.67,132.0,-12.0,16.33,-22.53,4.96,102.18,12,45.65,38.17,71.87,49.58,47.34,45.47,44.9,46.82,1522,1764,1897,1950,1783.25,428,165.35,1522,1800,47,47,2026-09-19 22:18:21.483951+00:00
US-4972280,Springville,Utah,UT,,,2025,35670,505655.5,-0.62,0.91,3.19,1.52,6.61,63,1.77,-22.22,896.0,-0.99,91.25,39.31,3.79,99.21,12,51.41,45.25,40.04,46.41,47.86,46.32,47.5,47.02,1859,1724,1817,1735,1783.75,135,56.38,1859,1801,45,48,2026-09-19 22:18:21.483951+00:00
US-0664224,Salinas,California,CA,,,2025,159134,739932.05,-0.41,-2.6,-1.3,2.18,5.45,220,1.38,57.14,1358.0,-1.88,67.67,-10.96,1.83,99.33,12,21.72,61.15,74.39,48.69,41.45,51.31,44.73,46.55,1611,2182,1381,1963,1784.25,801,309.35,1611,1802,140,172,2026-09-19 22:18:21.483951+00:00
US-2635540,Grosse Pointe Park,Michigan,MI,,,2025,11095,510988.39,-0.22,-4.03,6.61,5.19,5.99,0,0.0,-100.0,459.0,-11.9,19.0,-21.38,1.52,98.68,12,23.51,48.86,100.0,51.5,42.59,48.92,42.57,46.4,1322,2119,1580,2117,1784.5,797,345.75,1322,1803,49,59,2026-09-19 22:18:21.483951+00:00
US-1221150,Estero,Florida,FL,,,2025,38365,491145.96,-0.24,3.57,-8.05,-3.23,7.44,428,11.16,10.59,3147.0,8.67,614.17,32.72,7.31,95.34,12,71.03,34.15,16.17,44.41,51.74,42.52,48.95,46.9,2024,1390,2117,1612,1785.75,727,297.19,2024,1804,91,71,2026-09-19 22:18:21.483951+00:00
US-1742028,Lansing,Illinois,IL,,,2025,28068,200974.48,-0.19,-3.09,-0.67,2.65,7.66,0,0.0,,1044.0,2.55,145.67,36.14,5.12,98.42,12,45.56,39.71,68.03,49.13,47.18,45.71,45.18,46.8,1570,1779,1869,1927,1786.25,357,135.53,1570,1805,158,163,2026-09-19 22:18:21.483951+00:00
US-0158896,Pell City,Alabama,AL,,,2025,14320,281602.85,1.59,10.38,1.5,0.11,3.91,63,4.4,-52.99,692.0,6.13,95.0,-4.68,5.05,97.77,12,48.47,41.93,55.27,47.88,47.53,45.89,46.21,46.88,1704,1754,1851,1841,1787.5,147,61.21,1704,1806,23,26,2026-09-19 22:18:21.483951+00:00
US-0661068,Riverbank,California,CA,,,2025,26557,481801.27,2.75,6.48,-1.12,1.24,5.24,183,6.89,-30.94,643.0,-1.08,58.67,43.38,3.36,100.16,12,51.55,54.08,17.44,43.91,47.19,47.83,49.28,47.05,2084,1778,1705,1584,1787.75,500,184.54,2084,1807,216,173,2026-09-19 22:18:21.483951+00:00
US-0641152,Lemoore,California,CA,,,2025,27291,378395.31,0.46,0.59,1.94,2.15,5.82,29,1.06,-89.64,622.0,-10.76,39.83,15.18,2.42,99.57,12,39.9,48.2,61.64,48.24,45.65,47.73,45.81,46.86,1658,1907,1711,1879,1788.75,249,106.38,1658,1808,146,174,2026-09-19 22:18:21.483951+00:00
US-4817060,Corsicana,Texas,TX,,,2025,25487,177944.23,-0.39,1.37,-2.7,0.7,6.59,64,2.51,-22.89,716.0,9.48,117.83,8.19,6.24,95.61,12,53.43,36.33,56.25,48.15,48.72,44.45,46.01,46.83,1670,1660,1976,1856,1790.5,316,132.52,1670,1809,55,69,2026-09-19 22:18:21.483951+00:00
US-3976778,Tiffin,Ohio,OH,,,2025,17803,189174.74,-0.07,-1.24,4.2,4.12,5.97,44,2.47,266.67,500.0,21.36,36.67,44.74,2.75,97.98,12,33.1,66.28,32.9,44.66,43.02,51.32,48.01,46.75,2001,2095,1380,1688,1791.0,715,281.09,2001,1810,133,124,2026-09-19 22:18:21.483951+00:00
US-2158836,Paducah,Kentucky,KY,,,2025,26730,193971.55,-0.28,-1.49,6.73,6.28,7.27,84,3.14,-8.7,1183.0,8.83,116.75,16.46,3.64,96.16,12,48.31,45.93,45.79,46.85,47.22,46.62,46.99,46.92,1815,1775,1792,1785,1791.75,40,14.72,1815,1811,14,15,2026-09-19 22:18:21.483951+00:00
US-0642524,Lompoc,California,CA,,,2025,43315,580806.8,-0.48,-2.42,0.15,3.64,7.19,36,0.83,-20.0,665.0,-17.9,47.75,14.14,2.66,99.89,12,43.82,42.67,64.71,48.64,46.61,46.32,45.39,46.74,1617,1830,1816,1907,1792.5,290,107.09,1617,1812,141,175,2026-09-19 22:18:21.483951+00:00
US-0812815,Centennial,Colorado,CO,,,2025,108658,641085.56,-1.05,0.86,-3.06,-0.06,4.37,194,1.79,646.15,4404.0,6.25,283.5,43.42,2.34,98.99,12,29.83,67.26,38.22,45.03,42.31,51.67,47.51,46.63,1965,2135,1339,1732,1792.75,796,298.49,1965,1813,20,22,2026-09-19 22:18:21.483951+00:00
US-4832312,Harker Heights,Texas,TX,,,2025,35195,298943.7,0.04,5.91,-0.57,-1.51,5.32,85,2.42,-10.53,1172.0,6.55,163.5,26.42,5.19,98.17,12,51.64,43.94,42.25,46.6,47.92,46.0,47.24,46.94,1842,1718,1845,1768,1793.25,127,53.28,1843,1814,70,70,2026-09-19 22:18:21.483951+00:00
US-1922395,Dubuque,Iowa,IA,,,2025,59148,245982.25,0.55,-0.83,6.5,4.63,6.24,216,3.65,-39.66,2192.0,0.37,127.25,10.97,2.13,98.31,12,38.02,55.48,47.89,46.6,44.74,49.1,46.86,46.83,1842,1973,1563,1798,1794.0,410,148.09,1842,1815,22,22,2026-09-19 22:18:21.483951+00:00
US-0616378,Coronado,California,CA,,,2025,21094,2457637.05,3.64,-5.98,0.78,3.57,7.72,15,0.71,-58.33,815.0,11.64,101.83,12.63,4.67,96.58,12,41.07,44.1,68.08,48.88,46.03,46.79,45.13,46.71,1594,1875,1779,1933,1795.25,339,128.55,1594,1816,136,176,2026-09-19 22:18:21.483951+00:00
US-4281824,Waynesboro,Pennsylvania,PA,,,2025,11190,273093.26,0.88,1.58,1.88,3.4,5.7,48,4.29,-18.64,503.0,6.34,43.33,78.08,3.28,99.2,12,43.3,60.35,21.93,43.93,45.21,49.47,48.84,46.86,2082,1943,1542,1618,1796.25,540,223.39,2082,1817,42,36,2026-09-19 22:18:21.483951+00:00
US-4870208,Stephenville,Texas,TX,,,2025,21793,324670.91,0.15,3.25,-1.05,2.13,8.0,27,1.24,-74.77,636.0,-2.9,99.92,41.39,5.96,95.51,12,74.44,18.85,43.9,47.35,53.18,39.29,46.37,46.55,1762,1266,2327,1831,1796.5,1061,375.91,1762,1818,58,71,2026-09-19 22:18:21.483951+00:00
US-0617498,Cudahy,California,CA,,,2025,21445,671860.57,-1.04,-5.61,-1.23,2.94,5.5,2,0.09,-66.67,43.0,86.96,4.92,0.0,5.01,99.2,12,15.46,61.34,87.85,49.61,40.08,51.55,43.34,46.15,1517,2259,1352,2061,1797.25,907,374.02,1517,1819,126,177,2026-09-19 22:18:21.483951+00:00
US-0672996,South El Monte,California,CA,,,2025,18963,760208.54,-0.72,-2.97,-1.36,3.06,6.37,34,1.79,-5.56,155.0,43.52,18.67,166.67,5.48,100.4,12,30.95,67.3,35.15,44.72,42.48,51.57,47.73,46.63,1995,2128,1349,1718,1797.5,779,298.21,1995,1820,201,178,2026-09-19 22:18:21.483951+00:00
US-2735180,Lakeville,Minnesota,MN,,,2025,79270,485440.28,1.54,13.2,1.02,0.9,4.3,604,7.62,15.49,3083.0,-8.43,252.42,7.41,3.03,99.68,12,51.67,44.68,39.83,46.26,47.8,46.05,47.34,46.86,1871,1726,1842,1755,1798.5,145,59.79,1871,1821,77,72,2026-09-19 22:18:21.483951+00:00
US-0653000,Oakland,California,CA,,,2025,440838,705075.68,0.15,-0.07,-9.31,-5.97,-2.8,362,0.82,-9.95,8518.0,4.32,845.0,6.23,3.64,106.43,12,18.11,65.25,71.79,48.03,40.3,52.09,44.69,46.28,1686,2245,1298,1967,1799.0,947,350.32,1686,1822,149,179,2026-09-19 22:18:21.483951+00:00
US-1247625,Naples,Florida,FL,,,2025,20114,549427.88,-0.49,5.06,-7.29,-2.93,8.1,179,8.9,2.87,2832.0,0.32,927.42,19.46,12.5,92.08,12,79.48,19.99,27.59,45.69,53.85,38.98,47.52,46.51,1922,1203,2343,1730,1799.5,1140,409.59,1922,1823,84,72,2026-09-19 22:18:21.483951+00:00
US-1217935,Doral,Florida,FL,,,2025,81634,545501.9,-1.21,7.14,-2.94,1.85,8.53,414,5.07,41300.0,2322.0,-13.65,519.0,13.73,8.18,95.95,12,85.22,8.08,40.17,46.95,55.32,36.03,46.0,46.07,1805,1059,2485,1858,1801.75,1426,505.39,1805,1824,75,73,2026-09-19 22:18:21.483951+00:00
US-2131114,Glasgow,Kentucky,KY,,,2025,15302,217764.09,-0.24,1.83,1.64,4.24,6.36,31,2.03,-42.59,450.0,16.58,62.67,27.24,5.22,94.77,12,52.27,42.13,44.54,46.79,48.07,45.54,46.94,46.83,1822,1706,1889,1791,1802.0,183,65.78,1822,1825,15,16,2026-09-19 22:18:21.483951+00:00
US-1735879,Homewood,Illinois,IL,,,2025,18773,244550.05,-0.23,-3.12,1.81,3.25,6.92,0,0.0,,814.0,0.0,90.17,22.12,4.25,99.2,12,37.62,44.06,76.39,49.57,45.37,46.98,44.4,46.58,1525,1927,1770,1990,1803.0,465,179.39,1525,1826,155,164,2026-09-19 22:18:21.483951+00:00
US-1264400,Satellite Beach,Florida,FL,,,2025,11365,510492.77,-0.11,0.92,-4.32,-1.24,7.05,49,4.31,157.89,682.0,6.9,91.5,15.34,5.22,96.77,12,57.07,38.39,41.54,46.65,49.14,44.46,47.11,46.84,1837,1625,1974,1777,1803.25,349,125.26,1837,1827,78,74,2026-09-19 22:18:21.483951+00:00
US-1701010,Alsip,Illinois,IL,,,2025,18483,266430.69,-0.11,-2.76,3.28,3.91,6.85,7,0.38,40.0,558.0,2.39,48.75,20.87,3.22,98.16,12,38.38,47.64,65.69,48.45,45.26,47.57,45.28,46.64,1639,1937,1723,1915,1803.5,298,126.29,1639,1828,166,165,2026-09-19 22:18:21.483951+00:00
US-2755852,Roseville,Minnesota,MN,,,2025,35663,373518.98,0.3,-1.54,1.79,2.03,3.53,17,0.48,-81.91,1258.0,-1.72,61.0,16.19,1.8,100.94,12,15.4,69.18,68.12,47.4,39.44,52.89,44.87,46.15,1756,2292,1223,1953,1806.0,1069,387.36,1756,1829,69,73,2026-09-19 22:18:21.483951+00:00
US-3413570,Cliffside Park,New Jersey,NJ,,,2025,26539,648622.68,1.87,3.45,2.71,5.44,5.11,36,1.36,-40.0,752.0,0.8,93.92,1.17,4.58,98.61,12,44.1,39.92,69.87,49.08,46.71,45.67,44.8,46.56,1577,1821,1877,1958,1808.25,381,142.12,1577,1830,102,104,2026-09-19 22:18:21.483951+00:00
US-0660102,Redwood City,California,CA,,,2025,82178,1814095.1,-0.34,-2.04,0.93,1.34,3.16,236,2.87,159.34,1486.0,0.61,67.0,-0.12,1.73,102.82,12,12.67,75.12,59.86,46.32,38.48,54.09,45.49,46.1,1867,2351,1113,1902,1808.25,1238,444.46,1867,1831,179,180,2026-09-19 22:18:21.483951+00:00
US-0667000,San Francisco,California,CA,,,2025,826079,1297299.46,0.63,-5.61,2.11,-0.76,-0.73,1444,1.75,87.53,16061.0,11.12,1060.0,-9.11,2.46,106.25,12,0.24,82.76,70.91,46.79,35.6,56.23,44.44,45.76,1823,2500,931,1986,1810.0,1569,565.66,1823,1832,170,181,2026-09-19 22:18:21.483951+00:00
US-1331908,Gainesville,Georgia,GA,,,2025,49221,374907.07,2.41,16.79,-1.79,1.7,7.95,413,8.39,-46.98,1210.0,-6.2,214.75,70.32,6.63,96.74,12,88.42,15.99,11.97,43.95,55.22,37.11,48.18,46.12,2075,1068,2438,1666,1811.75,1370,508.9,2075,1833,57,54,2026-09-19 22:18:21.483951+00:00
US-0652526,Norwalk,California,CA,,,2025,97104,755374.89,-1.0,-5.18,-1.91,2.28,5.62,0,0.0,-100.0,1102.0,-9.67,63.08,1.47,2.13,101.07,12,16.71,57.84,92.73,50.11,40.45,50.74,42.82,46.03,1472,2233,1439,2104,1812.0,794,359.59,1472,1834,125,182,2026-09-19 22:18:21.483951+00:00
US-0111416,Calera,Alabama,AL,,,2025,18992,256101.09,2.4,14.22,0.64,0.16,5.58,244,12.85,34.07,1279.0,4.15,183.25,35.66,5.36,98.9,12,61.2,44.99,13.33,43.56,49.16,45.11,49.12,46.74,2113,1623,1924,1594,1813.5,519,215.86,2113,1835,33,27,2026-09-19 22:18:21.483951+00:00
US-4846500,Manvel,Texas,TX,,,2025,20699,447793.46,8.49,104.17,-1.93,-0.38,4.94,745,35.99,18.25,2288.0,19.17,314.17,23.24,5.05,96.29,12,58.04,46.04,18.58,43.98,48.52,45.52,48.69,46.68,2069,1673,1893,1626,1815.25,443,177.82,2069,1836,89,72,2026-09-19 22:18:21.483951+00:00
US-0408220,Bullhead City,Arizona,AZ,,,2025,43987,297456.06,1.09,6.03,0.33,-0.28,5.43,273,6.21,-34.22,2226.0,6.51,268.42,12.23,4.52,97.69,12,52.63,43.76,38.62,46.02,47.87,45.65,47.24,46.69,1895,1723,1881,1767,1816.5,172,73.34,1895,1837,19,19,2026-09-19 22:18:21.483951+00:00
US-0602252,Antioch,California,CA,,,2025,118958,596365.14,0.55,3.09,-4.78,-1.54,2.83,109,0.92,-65.83,2840.0,-3.5,210.08,33.74,2.7,100.57,12,34.1,57.7,50.57,46.47,43.65,49.55,46.36,46.51,1849,2054,1533,1832,1817.0,521,185.79,1849,1838,177,183,2026-09-19 22:18:21.483951+00:00
US-5483500,Vienna,West Virginia,WV,,,2025,10321,188704.01,-0.57,-2.88,0.35,2.63,5.28,3,0.29,-57.14,489.0,68.62,38.17,3.85,2.94,96.63,12,19.16,59.96,81.12,48.93,40.69,50.89,43.71,46.06,1591,2224,1420,2033,1817.0,804,324.42,1591,1839,4,4,2026-09-19 22:18:21.483951+00:00
US-5551150,Mequon,Wisconsin,WI,,,2025,25120,636510.33,-0.46,-0.08,1.51,1.3,3.66,85,3.38,112.5,961.0,-0.52,60.0,-6.01,2.34,100.46,12,22.39,65.42,59.9,46.83,40.93,51.68,45.5,46.24,1818,2213,1338,1901,1817.5,875,313.57,1818,1840,85,87,2026-09-19 22:18:21.483951+00:00
US-3744320,Morehead City,North Carolina,NC,,,2025,10434,412676.84,4.66,8.81,-0.25,2.59,7.77,52,4.98,-87.25,439.0,-5.18,60.58,65.6,5.13,96.35,12,82.63,19.16,19.49,44.63,54.12,38.25,47.76,46.19,2006,1173,2379,1712,1817.5,1206,440.83,2006,1841,44,43,2026-09-19 22:18:21.483951+00:00
US-4820092,DeSoto,Texas,TX,,,2025,56681,324474.78,-0.24,1.16,-3.21,-1.8,5.42,147,2.59,-20.97,1517.0,14.84,184.0,7.92,4.46,97.75,12,38.19,51.36,56.03,47.26,44.82,48.11,45.9,46.52,1774,1962,1672,1864,1818.0,290,107.36,1774,1842,59,73,2026-09-19 22:18:21.483951+00:00
US-0157048,Opelika,Alabama,AL,,,2025,35765,303247.89,2.1,15.05,2.86,3.63,5.89,568,15.88,4.6,2127.0,-8.79,227.33,-4.91,3.94,98.64,12,65.03,30.33,39.19,46.42,50.74,42.07,46.83,46.51,1858,1469,2143,1803,1818.25,674,239.4,1858,1843,29,28,2026-09-19 22:18:21.483951+00:00
US-5335415,Kent,Washington,WA,,,2025,134871,648972.14,0.55,-0.36,-1.89,1.36,5.56,117,0.87,-36.41,3107.0,-6.7,182.75,25.1,2.13,100.02,12,32.38,57.1,56.08,46.96,43.35,49.53,45.87,46.43,1804,2070,1534,1868,1819.0,536,191.61,1804,1844,68,70,2026-09-19 22:18:21.483951+00:00
US-0608058,Brawley,California,CA,,,2025,28008,355400.86,-0.61,5.71,4.99,5.1,6.24,54,1.93,-21.74,358.0,-9.37,36.17,34.37,3.91,99.15,12,61.15,33.67,41.07,46.52,49.9,43.03,46.78,46.55,1847,1546,2081,1808,1820.5,535,189.78,1847,1845,175,184,2026-09-19 22:18:21.483951+00:00
US-0642202,Lodi,California,CA,,,2025,69100,517148.6,0.51,4.02,-2.95,-0.11,3.79,179,2.59,-31.68,1672.0,8.64,147.92,64.96,3.22,98.87,12,38.66,61.15,29.84,44.33,44.08,49.71,47.9,46.5,2033,2031,1522,1697,1820.75,511,220.13,2033,1846,205,185,2026-09-19 22:18:21.483951+00:00
US-4803000,Amarillo,Texas,TX,,,2025,205130,205878.7,0.79,2.28,1.56,1.93,6.15,865,4.22,-28.75,7127.0,4.3,804.25,-1.82,4.17,96.63,12,51.19,38.37,54.78,47.6,47.88,44.68,45.78,46.48,1733,1722,1954,1881,1822.5,232,98.52,1733,1847,57,74,2026-09-19 22:18:21.483951+00:00
US-4281328,Washington,Pennsylvania,PA,,,2025,13377,236319.08,-0.38,1.87,2.99,2.89,4.32,0,0.0,-100.0,435.0,9.57,49.08,1.9,4.16,94.31,12,34.32,40.13,92.45,50.89,44.78,46.24,42.75,46.17,1393,1968,1827,2106,1823.5,713,267.41,1393,1848,34,37,2026-09-19 22:18:21.483951+00:00
US-1718823,Decatur,Illinois,IL,,,2025,67884,105214.74,-0.77,-4.69,7.18,8.27,6.24,3,0.04,0.0,3007.0,3.58,160.75,11.44,1.97,96.74,12,23.84,55.25,80.95,49.11,41.83,49.68,43.68,46.08,1574,2160,1525,2036,1823.75,635,278.27,1574,1849,159,166,2026-09-19 22:18:21.483951+00:00
US-3915000,Cincinnati,Ohio,OH,,,2025,314367,249962.32,-0.15,1.52,1.96,4.01,6.06,600,1.91,167.86,9941.0,1.78,997.0,24.47,3.66,98.5,12,46.94,45.77,47.22,46.6,46.63,46.34,46.44,46.5,1841,1827,1812,1825,1826.25,29,10.28,1841,1850,129,125,2026-09-19 22:18:21.483951+00:00
US-0603204,Auburn,California,CA,,,2025,13847,623202.79,0.44,0.47,-1.16,-0.75,3.0,18,1.3,80.0,515.0,8.19,40.33,10.5,2.89,98.78,12,23.53,62.65,63.65,47.25,41.28,51.07,45.15,46.19,1777,2190,1407,1932,1826.5,783,283.59,1777,1851,161,186,2026-09-19 22:18:21.483951+00:00
US-3776220,Zebulon,North Carolina,NC,,,2025,11933,342140.65,13.93,69.55,-1.25,-0.55,6.48,533,44.67,-16.59,714.0,-11.3,72.33,18.9,3.73,98.1,12,74.68,26.6,21.94,44.67,52.35,40.33,47.77,46.28,1998,1339,2259,1710,1826.5,920,341.94,1998,1852,43,44,2026-09-19 22:18:21.483951+00:00
US-2669020,Rochester,Michigan,MI,,,2025,12824,486894.35,-0.02,-1.26,3.53,4.39,6.22,20,1.56,53.85,522.0,-7.28,29.75,-13.35,2.13,98.51,12,35.59,45.97,75.28,49.14,44.66,47.25,44.23,46.32,1569,1979,1753,2006,1826.75,437,178.31,1569,1853,57,60,2026-09-19 22:18:21.483951+00:00
US-1708225,Bridgeview,Illinois,IL,,,2025,16521,308051.55,-0.1,-2.6,2.57,3.84,6.08,0,0.0,,369.0,10.15,34.5,67.61,3.42,98.49,12,28.67,58.21,62.0,47.34,42.53,49.92,45.3,46.27,1764,2125,1506,1912,1826.75,619,225.3,1764,1854,173,167,2026-09-19 22:18:21.483951+00:00
US-3970380,Sandusky,Ohio,OH,,,2025,24001,152290.37,-0.68,-4.32,-0.2,5.33,8.19,24,1.0,84.62,858.0,4.89,81.42,16.45,3.48,96.42,12,44.04,43.03,61.13,47.96,46.3,46.05,45.3,46.4,1697,1856,1843,1913,1827.25,216,79.68,1697,1855,124,126,2026-09-19 22:18:21.483951+00:00
US-0640704,Lathrop,California,CA,,,2025,42783,644883.09,4.68,46.9,-4.33,-0.51,5.19,835,19.52,15.17,1170.0,7.54,142.92,71.84,4.56,98.43,12,60.1,48.87,4.99,42.4,48.47,45.66,49.54,46.52,2192,1678,1879,1561,1827.5,631,239.21,2192,1856,236,187,2026-09-19 22:18:21.483951+00:00
US-1300408,Acworth,Georgia,GA,,,2025,22925,412379.1,1.25,2.17,-2.93,0.32,7.03,64,2.79,-43.36,957.0,-10.31,90.92,28.66,3.5,98.75,12,62.36,33.13,38.72,46.22,50.04,42.74,46.84,46.46,1877,1534,2103,1802,1829.0,569,203.18,1877,1857,52,55,2026-09-19 22:18:21.483951+00:00
US-1271900,Titusville,Florida,FL,,,2025,49800,271738.42,0.05,1.97,-5.37,-1.42,6.35,112,2.25,-12.5,2686.0,4.84,355.58,13.48,4.92,96.99,12,52.62,37.37,53.22,47.43,48.13,44.32,45.82,46.43,1752,1703,1989,1877,1830.25,286,111.47,1752,1858,70,75,2026-09-19 22:18:21.483951+00:00
US-0437620,Kingman,Arizona,AZ,,,2025,35829,271720.6,0.69,8.91,1.39,-0.04,5.93,141,3.94,-28.06,1753.0,-4.83,155.42,29.87,3.29,98.29,12,61.45,36.57,32.43,45.49,49.63,43.41,47.35,46.47,1936,1575,2057,1753,1830.25,482,182.84,1936,1859,21,20,2026-09-19 22:18:21.483951+00:00
US-1243083,Marco Island,Florida,FL,,,2025,16421,839951.11,-0.86,4.17,-5.54,-4.12,7.91,90,5.48,-9.09,2614.0,-2.5,639.42,7.18,9.2,92.74,12,76.04,15.65,44.66,47.06,53.22,38.12,45.73,46.03,1797,1260,2385,1885,1831.75,1125,399.07,1797,1860,73,76,2026-09-19 22:18:21.483951+00:00
US-0416410,Cottonwood,Arizona,AZ,,,2025,12709,393671.44,-0.19,5.01,-0.19,1.49,6.89,82,6.45,34.43,388.0,-10.8,47.92,-1.2,4.63,98.19,12,68.36,22.82,47.54,47.22,51.58,40.19,45.79,46.19,1779,1395,2277,1880,1832.75,882,313.89,1779,1861,16,21,2026-09-19 22:18:21.483951+00:00
US-0657764,Pleasant Hill,California,CA,,,2025,34017,970246.95,-0.19,-1.63,-2.36,0.42,3.52,0,0.0,,893.0,-2.83,47.42,26.73,1.96,100.98,12,14.89,66.92,73.11,47.65,39.23,52.24,44.12,45.81,1727,2305,1290,2010,1833.0,1015,374.23,1727,1862,154,188,2026-09-19 22:18:21.483951+00:00
US-0622020,Elk Grove,California,CA,,,2025,185007,636411.95,1.22,4.77,-3.67,-0.15,5.0,1573,8.5,29.25,4074.0,1.22,293.08,41.42,2.63,99.32,12,46.23,58.77,15.43,42.92,45.37,48.51,48.8,46.4,2152,1926,1634,1623,1833.75,529,220.29,2152,1863,225,189,2026-09-19 22:18:21.483951+00:00
US-2717288,Eagan,Minnesota,MN,,,2025,67109,399576.18,-0.33,-2.37,1.32,1.33,3.78,46,0.69,557.14,2205.0,0.92,106.5,12.01,1.79,100.03,12,12.87,70.47,69.03,47.07,38.58,52.98,44.41,45.76,1795,2344,1215,1988,1835.5,1129,408.81,1795,1864,71,74,2026-09-19 22:18:21.483951+00:00
US-3912000,Canton,Ohio,OH,,,2025,69001,170483.22,-0.18,-2.23,4.92,6.12,7.04,13,0.19,-55.17,2282.0,-2.56,150.42,47.47,2.47,98.12,12,42.77,46.32,55.82,47.27,45.79,46.68,45.67,46.35,1772,1892,1789,1891,1836.0,120,55.83,1772,1865,127,127,2026-09-19 22:18:21.483951+00:00
US-2853520,Ocean Springs,Mississippi,MS,,,2025,18993,271737.46,0.15,3.37,1.51,2.43,6.48,114,6.0,115.09,951.0,2.04,120.33,3.14,4.83,96.95,12,59.17,33.01,46.43,46.83,49.41,42.87,46.13,46.31,1817,1589,2095,1843,1836.0,506,179.23,1817,1866,10,10,2026-09-19 22:18:21.483951+00:00
US-1724582,Evanston,Illinois,IL,,,2025,76380,469792.35,-0.07,-1.87,5.7,3.96,4.47,44,0.58,-32.31,2316.0,-2.65,154.25,1.98,2.52,101.1,12,17.73,62.0,78.02,48.3,40.05,51.12,43.68,45.79,1650,2260,1401,2037,1837.0,859,333.16,1650,1867,167,168,2026-09-19 22:18:21.483951+00:00
US-0444270,Marana,Arizona,AZ,,,2025,65523,422039.41,5.72,24.51,-2.26,-0.37,5.91,918,14.01,-40.54,4274.0,-1.18,573.83,24.01,4.97,98.57,12,67.42,34.94,19.64,44.1,50.51,42.39,48.02,46.26,2049,1491,2123,1686,1837.25,632,259.45,2049,1868,27,22,2026-09-19 22:18:21.483951+00:00
US-4526305,Forest Acres,South Carolina,SC,,,2025,10390,328930.76,-0.69,-2.25,5.93,5.85,7.9,2,0.19,-75.0,592.0,-6.77,47.83,14.34,2.96,96.8,12,50.5,30.41,74.35,49.43,48.05,43.03,43.84,46.09,1536,1709,2082,2025,1838.0,546,224.92,1536,1869,26,31,2026-09-19 22:18:21.483951+00:00
US-1819486,East Chicago,Indiana,IN,,,2025,25610,135987.81,-0.49,-2.79,-4.35,1.85,9.16,0,0.0,-100.0,357.0,-16.39,30.58,5.46,3.19,95.69,12,53.67,20.31,90.15,51.11,49.13,40.79,42.3,45.84,1363,1626,2227,2138,1838.5,864,357.73,1363,1870,46,65,2026-09-19 22:18:21.483951+00:00
US-3455770,Palisades Park,New Jersey,NJ,,,2025,20317,953787.47,-0.49,0.12,7.72,6.67,6.55,28,1.38,-31.71,380.0,-15.74,39.83,-35.75,3.99,99.57,12,46.76,33.32,76.74,49.55,47.23,43.87,43.71,46.09,1527,1774,2021,2034,1839.0,507,207.8,1527,1871,101,105,2026-09-19 22:18:21.483951+00:00
US-1261500,Rockledge,Florida,FL,,,2025,31343,397558.69,0.05,13.1,-2.64,-1.06,6.48,139,4.43,104.41,1415.0,-22.89,167.75,-11.59,4.42,97.33,12,71.76,14.65,57.23,48.14,52.45,38.17,44.61,45.84,1672,1326,2384,1976,1839.5,1058,389.5,1672,1872,66,77,2026-09-19 22:18:21.483951+00:00
US-0100988,Albertville,Alabama,AL,,,2025,23710,210392.16,0.8,5.82,-1.81,2.03,5.97,101,4.26,68.33,657.0,-5.87,56.83,-7.96,3.33,97.08,12,58.21,29.47,56.96,47.84,49.4,42.22,45.15,46.15,1705,1591,2132,1931,1839.75,541,208.43,1705,1873,24,29,2026-09-19 22:18:21.483951+00:00
US-5358410,Ridgefield,Washington,WA,,,2025,16132,674406.18,5.34,48.34,-0.41,0.62,5.87,399,24.73,6.68,1139.0,-8.66,144.5,15.06,4.63,99.46,12,66.95,33.16,25.04,44.65,50.53,42.08,47.55,46.2,2004,1486,2141,1728,1839.75,655,252.66,2004,1874,75,71,2026-09-19 22:18:21.483951+00:00
US-3622876,East Rockaway,New York,NY,,,2025,10096,723442.95,-0.11,0.02,1.58,3.54,5.37,2,0.2,,242.0,-17.41,19.17,2.68,2.93,100.66,12,32.34,45.4,83.59,49.73,43.95,47.21,43.34,46.06,1505,2039,1756,2060,1840.0,555,227.64,1505,1875,46,48,2026-09-19 22:18:21.483951+00:00
US-5350360,Oak Harbor,Washington,WA,,,2025,24083,531307.02,0.0,-2.2,1.17,1.79,5.14,49,2.03,-59.5,948.0,6.64,58.17,29.5,2.24,99.53,12,20.74,72.67,43.2,44.53,39.69,52.67,46.35,45.81,2012,2280,1237,1833,1840.5,1043,383.03,2012,1876,77,72,2026-09-19 22:18:21.483951+00:00
US-5308850,Burien,Washington,WA,,,2025,51859,639362.26,0.62,-0.27,-2.45,1.3,4.3,179,3.45,2.87,1487.0,0.34,77.5,16.1,1.89,100.04,12,23.99,69.0,44.64,44.91,40.59,51.84,46.31,45.91,1978,2227,1323,1838,1841.5,904,330.19,1978,1877,73,73,2026-09-19 22:18:21.483951+00:00
US-3910030,Bucyrus,Ohio,OH,,,2025,11631,159995.82,0.88,-0.41,2.93,3.31,5.8,0,0.0,-100.0,440.0,2.56,35.67,8.91,3.03,95.72,12,34.82,41.25,87.3,50.19,44.62,46.23,42.96,46.0,1463,1985,1828,2091,1841.75,628,237.85,1463,1878,117,128,2026-09-19 22:18:21.483951+00:00
US-0465000,Scottsdale,Arizona,AZ,,,2025,243006,835172.77,-0.69,0.48,0.01,1.19,7.69,2061,8.48,56.14,16322.0,6.84,2300.33,18.29,5.19,96.46,12,61.34,37.42,29.31,44.96,49.36,43.38,47.38,46.27,1970,1595,2059,1748,1843.0,464,182.56,1970,1879,23,23,2026-09-19 22:18:21.483951+00:00
US-0452930,Paradise Valley,Arizona,AZ,,,2025,12251,3309583.68,-2.0,-3.41,11.02,7.89,14.01,75,6.12,1.35,889.0,32.49,165.67,3.92,7.22,95.02,12,51.36,41.43,45.58,46.44,47.51,45.03,46.31,46.33,1852,1756,1930,1836,1843.5,174,61.78,1852,1880,18,24,2026-09-19 22:18:21.483951+00:00
US-4836092,Iowa Colony,Texas,TX,,,2025,20503,341392.65,19.61,139.8,-2.42,-2.03,3.67,743,36.24,-37.03,1925.0,75.48,195.5,19.21,3.89,94.95,12,52.15,49.93,21.76,43.78,46.93,46.37,48.11,46.3,2095,1798,1810,1672,1843.75,423,154.8,2095,1881,91,75,2026-09-19 22:18:21.483951+00:00
US-2050475,Newton,Kansas,KS,,,2025,18353,169202.32,0.23,-1.2,1.45,4.51,6.95,76,4.14,-36.67,800.0,4.17,58.08,65.17,2.7,98.33,12,45.9,56.12,22.65,43.67,45.48,48.04,48.18,46.34,2105,1920,1683,1667,1843.75,438,181.07,2105,1882,26,25,2026-09-19 22:18:21.483951+00:00
US-0664000,Sacramento,California,CA,,,2025,536449,476893.39,0.3,2.06,-3.21,-0.82,3.62,2297,4.28,12.43,11649.0,5.49,815.75,39.92,2.54,99.56,12,32.31,68.1,26.26,43.32,42.14,51.08,47.81,46.09,2128,2146,1405,1708,1846.75,741,309.45,2128,1883,222,190,2026-09-19 22:18:21.483951+00:00
US-4843012,Little Elm,Texas,TX,,,2025,62727,409593.83,3.13,34.08,-7.2,-3.83,5.4,414,6.6,-51.29,2629.0,6.05,353.25,29.79,4.91,96.96,12,61.86,38.88,24.23,44.41,49.32,43.58,47.75,46.27,2023,1606,2046,1714,1847.25,440,191.28,2023,1884,84,76,2026-09-19 22:18:21.483951+00:00
US-0657288,Pinole,California,CA,,,2025,18543,714798.87,-0.41,-2.4,-6.32,-2.17,1.69,42,2.27,281.82,448.0,18.21,25.33,85.37,2.13,101.32,12,8.02,89.23,31.78,42.38,35.95,56.25,46.94,45.38,2193,2479,928,1790,1847.5,1551,584.58,2193,1885,237,191,2026-09-19 22:18:21.483951+00:00
US-1271400,Temple Terrace,Florida,FL,,,2025,27075,324699.83,-1.05,1.41,-5.51,-0.93,7.44,7,0.26,-53.33,783.0,-16.44,89.33,13.2,4.19,96.74,12,63.55,16.14,73.91,49.54,50.88,39.03,43.25,45.67,1528,1459,2340,2067,1848.5,881,368.7,1528,1886,56,78,2026-09-19 22:18:21.483951+00:00
US-4850100,Murphy,Texas,TX,,,2025,20985,587537.6,-0.59,-0.46,-3.39,-0.01,7.49,58,2.76,544.44,486.0,5.65,57.25,36.85,4.3,97.32,12,54.91,41.97,34.51,45.28,47.96,44.73,47.04,46.25,1953,1715,1948,1782,1849.5,238,103.76,1953,1887,79,77,2026-09-19 22:18:21.483951+00:00
US-2689140,Ypsilanti,Michigan,MI,,,2025,19766,284685.53,-0.57,-3.94,1.07,3.41,6.09,17,0.86,-92.61,522.0,1.95,36.25,20.5,2.65,99.67,12,24.7,62.51,59.44,46.62,41.25,50.71,45.19,45.94,1839,2193,1442,1925,1849.75,751,269.19,1839,1888,61,61,2026-09-19 22:18:21.483951+00:00
US-0454050,Peoria,Arizona,AZ,,,2025,200881,484180.54,1.08,4.64,-2.89,-1.17,5.96,1184,5.89,-37.72,8023.0,4.89,930.42,31.48,4.25,98.13,12,55.47,45.03,25.15,44.24,47.79,45.18,47.74,46.24,2039,1728,1919,1716,1850.5,323,135.39,2039,1889,25,25,2026-09-19 22:18:21.483951+00:00
US-5355855,Port Townsend,Washington,WA,,,2025,10678,639234.32,0.38,4.92,1.62,0.62,6.0,115,10.77,238.24,427.0,-5.53,30.67,39.39,2.57,99.22,12,56.59,48.53,13.19,42.92,47.66,45.65,48.62,46.21,2153,1739,1882,1632,1851.5,521,195.36,2153,1890,80,74,2026-09-19 22:18:21.483951+00:00
US-1724634,Evergreen Park,Illinois,IL,,,2025,19283,286739.58,-0.22,-2.93,4.56,4.52,7.06,20,1.04,,585.0,-14.35,52.17,-3.25,3.31,99.96,12,40.15,40.61,75.02,49.03,45.52,45.64,43.85,46.01,1587,1917,1883,2024,1852.75,437,162.01,1587,1891,161,169,2026-09-19 22:18:21.483951+00:00
US-4703440,Bartlett,Tennessee,TN,,,2025,56416,323188.34,-1.01,-2.18,-0.64,-0.27,5.53,37,0.66,-5.13,2139.0,0.23,139.25,-13.06,2.38,98.24,12,24.39,52.22,84.8,49.23,41.8,48.76,42.95,45.68,1557,2163,1601,2093,1853.5,606,276.05,1557,1892,36,47,2026-09-19 22:18:21.483951+00:00
US-3764180,Spring Lake,North Carolina,NC,,,2025,11252,260089.12,0.7,-2.3,0.38,3.64,7.96,34,3.02,-49.25,215.0,-19.48,15.17,-17.27,2.77,98.74,12,50.69,33.49,65.47,48.36,47.75,43.45,44.43,46.0,1644,1731,2054,1987,1854.0,410,170.97,1644,1893,38,45,2026-09-19 22:18:21.483951+00:00
US-0640032,La Mirada,California,CA,,,2025,45952,873787.18,-0.83,-5.32,-0.57,2.75,5.55,77,1.68,250.0,958.0,3.12,53.33,25.98,2.04,100.69,12,15.85,75.18,47.99,44.65,38.47,53.3,45.76,45.55,2003,2353,1185,1882,1855.75,1168,424.13,2003,1894,203,192,2026-09-19 22:18:21.483951+00:00
US-4140350,La Grande,Oregon,OR,,,2025,12985,295178.24,-0.26,-0.7,5.9,4.54,8.07,25,1.93,47.06,367.0,-8.71,29.58,10.94,3.02,96.93,12,58.24,28.59,57.87,47.77,49.29,41.88,44.86,45.95,1713,1609,2151,1954,1856.75,542,211.0,1713,1895,17,19,2026-09-19 22:18:21.483951+00:00
US-5372625,Tukwila,Washington,WA,,,2025,22003,571124.43,2.66,1.18,-1.87,1.7,4.96,18,0.82,-93.84,370.0,5.11,31.42,37.59,3.12,98.71,12,34.44,56.53,49.56,45.95,43.33,48.86,45.89,46.01,1902,2072,1588,1866,1857.0,484,173.7,1902,1896,70,75,2026-09-19 22:18:21.483951+00:00
US-2401600,Annapolis,Maryland,MD,,,2025,40634,613726.54,0.35,-0.38,1.77,3.34,5.02,254,6.25,144.23,1678.0,13.92,111.17,66.33,2.47,99.41,12,27.38,76.12,15.94,41.58,40.29,52.47,48.17,45.63,2252,2247,1264,1668,1857.75,988,416.98,2252,1897,10,7,2026-09-19 22:18:21.483951+00:00
US-2467675,Rockville,Maryland,MD,,,2025,67563,609825.79,1.23,0.44,-0.09,3.22,3.5,99,1.47,-82.66,2009.0,5.18,159.17,76.69,2.94,101.29,12,24.27,70.95,37.81,43.99,40.31,51.98,46.63,45.73,2065,2244,1309,1816,1858.5,935,351.78,2065,1898,7,8,2026-09-19 22:18:21.483951+00:00
US-0678148,Temple City,California,CA,,,2025,35125,1095802.05,0.13,-3.41,1.06,2.73,4.85,124,3.53,-27.91,523.0,7.84,36.58,15.22,2.63,103.41,12,13.91,78.03,44.84,44.08,37.78,53.81,45.85,45.38,2051,2380,1137,1869,1859.25,1243,455.44,2051,1899,209,193,2026-09-19 22:18:21.483951+00:00
US-5377665,West Richland,Washington,WA,,,2025,19257,496019.44,2.14,17.68,0.02,0.85,4.82,101,5.24,-63.93,679.0,-1.74,69.5,44.54,3.78,99.42,12,55.99,45.91,21.05,43.73,47.72,45.2,47.96,46.15,2100,1735,1916,1691,1860.5,409,161.96,2100,1900,78,76,2026-09-19 22:18:21.483951+00:00
US-3901420,Alliance,Ohio,OH,,,2025,21582,162279.64,0.64,-0.25,3.3,6.18,6.9,3,0.14,-70.0,641.0,-1.08,48.0,38.8,2.86,95.81,12,49.52,36.92,59.92,47.71,47.3,44.15,44.89,46.01,1722,1769,2002,1951,1861.0,280,118.07,1722,1901,126,129,2026-09-19 22:18:21.483951+00:00
US-0830835,Golden,Colorado,CO,,,2025,20390,862079.59,0.94,-0.02,-0.15,1.53,6.02,36,1.77,227.27,549.0,4.37,43.83,160.4,2.94,98.73,12,39.35,57.09,35.54,44.6,44.1,48.53,46.95,46.05,2007,2029,1629,1788,1863.25,400,164.83,2007,1902,23,23,2026-09-19 22:18:21.483951+00:00
US-4164900,Salem,Oregon,OR,,,2025,181779,436592.25,0.72,3.29,0.44,0.89,5.11,778,4.28,-14.03,5986.0,-2.89,605.83,-2.32,3.69,99.47,12,43.56,45.11,54.79,46.91,45.71,46.1,45.38,46.03,1810,1901,1840,1908,1864.75,98,41.22,1810,1903,21,20,2026-09-19 22:18:21.483951+00:00
US-0877290,Thornton,Colorado,CO,,,2025,147766,503325.25,-0.41,3.94,-2.98,-0.82,4.21,395,2.67,59.92,5236.0,2.53,405.33,61.81,2.85,99.26,12,40.24,58.57,29.38,43.94,44.11,48.7,47.41,46.04,2080,2028,1609,1743,1865.0,471,195.71,2080,1904,27,24,2026-09-19 22:18:21.483951+00:00
US-5303180,Auburn,Washington,WA,,,2025,86301,607204.84,0.32,-2.25,-0.97,1.51,5.62,26,0.3,,2366.0,-1.91,150.75,24.59,2.29,99.65,12,25.13,59.64,64.41,47.03,41.37,50.0,44.58,45.75,1800,2188,1499,1978,1866.25,689,252.62,1800,1905,67,77,2026-09-19 22:18:21.483951+00:00
US-3825700,Fargo,North Dakota,ND,,,2025,136275,318875.6,0.8,8.16,4.01,3.56,4.68,860,6.31,32.1,3980.0,-2.83,371.92,-0.71,3.53,98.8,12,49.67,41.56,47.75,46.35,46.95,44.92,45.83,46.01,1865,1795,1936,1872,1867.0,141,49.93,1865,1906,5,5,2026-09-19 22:18:21.483951+00:00
US-5372905,Tumwater,Washington,WA,,,2025,28010,525434.73,1.0,7.18,0.52,1.38,5.43,250,8.93,-3.85,975.0,-10.39,72.5,36.15,2.69,100.16,12,54.13,49.01,16.96,43.05,47.02,45.74,48.11,45.98,2146,1791,1864,1673,1868.5,473,174.11,2146,1907,79,78,2026-09-19 22:18:21.483951+00:00
US-4839124,Kilgore,Texas,TX,,,2025,13531,215231.53,-0.1,1.4,-0.45,1.97,4.89,24,1.77,14.29,438.0,11.17,61.83,12.08,5.38,98.83,12,35.08,52.4,58.04,46.88,43.72,48.05,45.17,45.95,1814,2051,1681,1929,1868.75,370,137.02,1814,1908,65,78,2026-09-19 22:18:21.483951+00:00
US-4136150,Independence,Oregon,OR,,,2025,10195,422980.66,-0.53,1.98,1.41,2.36,6.22,2,0.2,-89.47,225.0,-16.97,27.0,-10.0,5.18,98.86,12,50.79,22.81,89.11,50.58,48.15,41.15,42.03,45.48,1418,1702,2199,2159,1869.5,781,325.69,1418,1909,12,21,2026-09-19 22:18:21.483951+00:00
US-1956505,Newton,Iowa,IA,,,2025,15741,202417.35,0.18,-0.04,4.2,3.85,6.89,75,4.76,400.0,797.0,4.87,67.75,23.74,3.13,96.73,12,50.38,46.48,33.46,44.79,46.67,45.7,46.93,46.02,1989,1824,1873,1793,1869.75,196,74.52,1989,1910,25,23,2026-09-19 22:18:21.483951+00:00
US-4169600,Springfield,Oregon,OR,,,2025,61431,415204.04,0.44,-0.73,-0.23,0.95,5.04,329,5.36,-13.87,2020.0,1.92,122.5,11.87,2.19,99.74,12,26.2,67.52,41.07,44.38,40.83,51.16,46.28,45.66,2027,2220,1396,1839,1870.5,824,305.28,2027,1911,26,22,2026-09-19 22:18:21.483951+00:00
US-3638264,Jamestown,New York,NY,,,2025,27663,126037.22,-0.55,-3.5,3.72,5.37,8.36,1,0.04,-50.0,926.0,0.65,89.58,34.71,3.51,96.21,12,48.69,35.37,64.87,48.07,47.12,43.79,44.31,45.83,1682,1783,2027,1998,1872.5,345,144.85,1682,1912,49,49,2026-09-19 22:18:21.483951+00:00
US-1245060,Miami Gardens,Florida,FL,,,2025,113579,469567.31,-1.28,2.06,-3.66,4.29,9.49,79,0.7,426.67,2244.0,-11.02,382.5,34.49,6.33,96.39,12,75.37,11.36,53.03,47.38,52.81,36.81,44.33,45.33,1759,1298,2443,1994,1873.5,1145,413.27,1759,1913,71,79,2026-09-19 22:18:21.483951+00:00
US-4962470,Provo,Utah,UT,,,2025,114527,482164.69,-0.52,-0.54,2.7,1.43,6.38,351,3.06,22.73,2358.0,4.01,199.58,30.59,3.1,98.65,12,41.43,54.57,36.07,44.69,44.57,47.86,46.81,45.98,1997,1992,1701,1805,1873.75,296,126.24,1997,1914,54,49,2026-09-19 22:18:21.483951+00:00
US-1258575,Port Orange,Florida,FL,,,2025,66395,340066.92,0.19,5.84,-5.89,-2.69,5.19,84,1.27,-6.67,2542.0,10.28,383.92,25.63,5.58,96.12,12,50.33,39.06,51.79,46.75,47.16,44.35,45.4,45.92,1826,1781,1985,1905,1874.25,204,77.84,1826,1915,76,80,2026-09-19 22:18:21.483951+00:00
US-1639700,Idaho Falls,Idaho,ID,,,2025,71785,395657.81,3.19,8.92,0.75,0.56,6.35,710,9.89,-58.94,2709.0,1.84,248.5,26.68,3.43,94.07,12,66.63,34.36,20.63,43.84,50.05,41.98,47.51,45.84,2089,1530,2145,1734,1874.5,615,253.77,2089,1916,25,25,2026-09-19 22:18:21.483951+00:00
US-4021900,Duncan,Oklahoma,OK,,,2025,23238,132031.18,0.05,2.71,-1.7,3.39,8.18,41,1.76,241.67,861.0,-7.91,116.42,23.96,4.98,95.36,12,74.13,14.64,48.69,46.95,52.47,37.59,44.81,45.46,1806,1325,2413,1957,1875.25,1088,388.4,1806,1917,27,27,2026-09-19 22:18:21.483951+00:00
US-1717497,Crestwood,Illinois,IL,,,2025,10529,206293.32,-0.11,-2.34,-6.56,-2.9,1.36,2,0.19,-33.33,609.0,15.78,39.42,24.47,2.43,99.05,12,8.19,74.63,66.66,46.06,36.89,53.5,43.94,45.1,1889,2424,1175,2022,1877.5,1249,450.88,1889,1918,180,170,2026-09-19 22:18:21.483951+00:00
US-5613150,Casper,Wyoming,WY,,,2025,58771,307850.46,0.07,-0.92,2.07,4.16,5.83,73,1.24,-56.02,2799.0,4.36,186.0,47.91,2.42,98.45,12,33.1,60.05,41.87,44.72,42.5,49.24,46.1,45.64,1994,2127,1554,1846,1880.25,573,212.98,1994,1919,8,7,2026-09-19 22:18:21.483951+00:00
US-4975360,Taylorsville,Utah,UT,,,2025,57484,496459.53,-0.63,-4.81,2.04,1.49,6.38,141,2.45,729.41,1343.0,12.67,104.92,55.24,2.85,99.39,12,25.78,71.46,31.11,43.1,40.29,51.7,46.87,45.49,2143,2248,1335,1797,1880.75,913,356.55,2143,1920,56,50,2026-09-19 22:18:21.483951+00:00
US-0646114,Martinez,California,CA,,,2025,36849,763445.23,-0.2,-0.87,-4.51,-0.74,2.26,12,0.33,33.33,1076.0,-0.83,56.08,24.86,1.89,100.76,12,14.41,69.85,63.74,46.14,38.44,52.3,44.29,45.29,1884,2356,1280,2003,1880.75,1076,387.85,1884,1921,180,194,2026-09-19 22:18:21.483951+00:00
US-0668252,San Mateo,California,CA,,,2025,103337,1620691.65,0.47,-2.21,-0.17,1.16,2.45,197,1.91,95.05,2474.0,2.27,122.83,10.66,1.89,102.99,12,8.8,77.04,58.44,45.09,36.71,53.78,44.47,45.01,1962,2435,1145,1983,1881.25,1290,465.18,1962,1922,194,195,2026-09-19 22:18:21.483951+00:00
US-1230000,Hialeah,Florida,FL,,,2025,230968,442778.81,-0.95,3.84,-3.39,3.67,8.3,1053,4.56,245.25,3109.0,-6.16,547.67,19.84,6.49,96.29,12,77.97,15.05,37.21,45.76,52.98,37.25,45.58,45.39,1915,1286,2428,1898,1881.75,1142,404.56,1916,1923,81,81,2026-09-19 22:18:21.483951+00:00
US-1882862,West Lafayette,Indiana,IN,,,2025,45747,366445.06,-0.6,2.45,1.73,4.64,6.69,2307,50.43,1661.07,613.0,-3.01,41.5,81.09,2.5,98.61,12,58.97,48.42,4.99,41.78,47.71,45.07,48.82,45.85,2243,1738,1927,1620,1882.0,623,235.44,2243,1924,72,66,2026-09-19 22:18:21.483951+00:00
US-0657456,Pittsburg,California,CA,,,2025,77542,564015.48,0.67,1.55,-5.28,-1.46,2.34,15,0.19,-79.73,1204.0,-4.6,83.92,25.56,2.57,100.82,12,25.82,57.91,65.8,47.04,41.44,49.46,44.26,45.55,1798,2183,1544,2005,1882.5,639,238.24,1798,1925,164,196,2026-09-19 22:18:21.483951+00:00
US-1207950,Bradenton,Florida,FL,,,2025,58014,356392.95,-0.55,3.94,-7.85,-3.77,6.53,12,0.21,-94.34,2810.0,-2.06,508.83,18.15,6.71,95.37,12,61.24,18.92,71.02,48.87,50.01,39.43,43.17,45.37,1595,1539,2321,2075,1882.5,782,327.87,1595,1926,60,82,2026-09-19 22:18:21.483951+00:00
US-3922456,Dover,Ohio,OH,,,2025,12947,230328.1,-0.03,-1.69,8.27,5.64,7.04,18,1.39,500.0,346.0,-30.38,15.33,-28.12,1.63,97.04,12,44.68,34.33,76.62,49.04,46.37,43.78,43.22,45.6,1582,1851,2030,2070,1883.25,488,192.49,1582,1927,121,130,2026-09-19 22:18:21.483951+00:00
US-0606000,Berkeley,California,CA,,,2025,121911,1376942.86,1.03,-1.8,-2.93,-1.79,0.98,364,2.99,18.57,1915.0,6.57,94.58,28.98,1.87,117.99,12,10.21,83.67,37.58,42.76,36.35,54.71,46.0,44.96,2164,2454,1059,1857,1883.5,1395,520.73,2164,1928,228,197,2026-09-19 22:18:21.483951+00:00
US-1301696,Alpharetta,Georgia,GA,,,2025,66921,724231.33,-0.3,1.45,-0.23,3.94,9.29,340,5.08,50.44,2504.0,-5.08,302.92,44.25,4.4,97.87,12,72.58,27.28,21.73,44.01,51.36,40.04,47.11,45.63,2059,1409,2289,1778,1883.75,880,328.45,2059,1929,56,56,2026-09-19 22:18:21.483951+00:00
US-4760280,Portland,Tennessee,TN,,,2025,13658,330969.64,-0.03,3.55,0.73,1.75,6.93,120,8.79,224.32,646.0,-3.44,84.17,21.98,4.79,98.7,12,65.44,33.26,25.66,44.23,49.82,41.78,46.98,45.7,2040,1552,2159,1786,1884.25,607,234.41,2040,1930,52,48,2026-09-19 22:18:21.483951+00:00
US-3632754,Haverstraw,New York,NY,,,2025,12791,453898.5,0.91,4.32,3.44,,,83,6.49,207.41,154.0,15.79,14.92,44.35,3.83,99.75,12,34.13,68.24,17.91,42.01,41.93,50.46,47.86,45.56,2221,2155,1462,1703,1885.25,759,315.38,2221,1931,59,50,2026-09-19 22:18:21.483951+00:00
US-4155200,Oregon City,Oregon,OR,,,2025,38175,600556.84,-0.26,1.05,-0.49,1.11,4.72,287,7.52,1147.83,1206.0,7.77,92.42,48.46,2.8,99.86,12,32.67,70.69,15.02,41.56,41.43,50.93,48.01,45.49,2253,2184,1417,1687,1885.25,836,347.51,2253,1932,33,23,2026-09-19 22:18:21.483951+00:00
US-1763706,Richton Park,Illinois,IL,,,2025,12483,216092.6,-0.16,-1.99,2.08,3.02,7.22,1,0.08,,409.0,-7.05,56.5,34.52,5.39,100.85,12,45.73,38.64,63.59,47.71,46.28,44.51,44.33,45.71,1721,1857,1970,1995,1885.75,274,108.4,1721,1933,171,171,2026-09-19 22:18:21.483951+00:00
US-0544180,Marion,Arkansas,AR,,,2025,13378,236246.36,-1.2,-2.78,4.73,3.05,6.15,45,3.36,87.5,499.0,5.27,36.42,0.0,2.69,98.37,12,28.85,58.04,57.31,46.18,41.87,49.17,44.83,45.51,1881,2158,1559,1955,1888.25,599,215.45,1881,1934,18,19,2026-09-19 22:18:21.483951+00:00
US-5168000,Roanoke,Virginia,VA,,,2025,99111,277303.77,0.43,-0.79,3.45,5.04,7.78,410,4.14,262.83,3805.0,-0.83,293.0,74.06,2.81,97.92,12,56.06,44.42,22.67,43.64,47.56,44.65,47.48,45.83,2108,1750,1960,1739,1889.25,369,153.97,2108,1935,30,27,2026-09-19 22:18:21.483951+00:00
US-1747540,Matteson,Illinois,IL,,,2025,18543,267189.63,-0.12,-2.51,2.13,1.29,5.83,1,0.05,,615.0,4.95,75.08,23.09,4.48,99.62,12,26.52,54.62,71.23,47.53,41.66,48.68,43.64,45.38,1743,2169,1610,2039,1890.25,559,223.64,1743,1936,172,172,2026-09-19 22:18:21.483951+00:00
US-2718188,Edina,Minnesota,MN,,,2025,54356,610634.2,1.17,1.88,2.77,3.03,4.77,210,3.86,-35.78,2330.0,1.44,180.0,1.31,2.89,98.57,12,36.7,51.6,54.4,46.34,43.82,47.55,45.17,45.72,1866,2043,1725,1928,1890.5,318,114.73,1866,1937,76,75,2026-09-19 22:18:21.483951+00:00
US-2924778,Florissant,Missouri,MO,,,2025,51124,193223.88,-0.21,-2.52,-0.17,2.1,6.08,25,0.49,-10.71,2467.0,-13.29,133.42,9.36,1.98,99.61,12,29.07,51.16,73.87,48.0,42.42,47.94,43.49,45.46,1693,2131,1692,2050,1891.5,439,201.05,1693,1938,53,55,2026-09-19 22:18:21.483951+00:00
US-4906810,Bluffdale,Utah,UT,,,2025,19506,619107.07,0.53,12.34,1.3,0.36,5.98,13,0.67,-82.89,444.0,-23.05,50.42,34.44,4.52,98.81,12,64.61,22.51,53.55,47.11,50.32,39.8,44.56,45.45,1786,1504,2296,1981,1891.75,792,288.49,1786,1939,44,51,2026-09-19 22:18:21.483951+00:00
US-5148968,Manassas Park,Virginia,VA,,,2025,16560,458895.43,0.8,-3.5,1.77,4.23,5.82,8,0.48,-93.22,644.0,-1.98,31.67,51.39,1.84,100.29,12,22.65,66.77,50.0,44.93,39.99,51.02,45.24,45.29,1977,2266,1413,1918,1893.5,853,307.09,1977,1940,29,28,2026-09-19 22:18:21.483951+00:00
US-1812934,Clarksville,Indiana,IN,,,2025,22253,201852.01,0.83,-0.35,4.13,4.73,6.96,34,1.53,9.68,682.0,-2.99,56.92,102.67,3.04,98.77,12,49.86,44.74,37.4,44.95,46.46,45.18,46.31,45.73,1972,1847,1920,1837,1894.0,135,55.27,1972,1941,68,67,2026-09-19 22:18:21.483951+00:00
US-1263650,Sanford,Florida,FL,,,2025,67483,343243.49,1.67,10.25,-5.13,-0.66,6.17,598,8.86,-6.85,2383.0,-3.44,248.5,17.87,3.84,97.64,12,65.49,31.53,28.92,44.46,49.82,41.33,46.55,45.54,2017,1553,2189,1819,1894.5,636,236.67,2017,1942,90,83,2026-09-19 22:18:21.483951+00:00
US-4865726,Santa Fe,Texas,TX,,,2025,13913,329816.87,6.04,9.27,-1.15,0.37,4.4,261,18.76,-28.3,596.0,18.96,81.67,9.13,5.07,96.95,12,49.47,47.95,30.19,44.12,46.12,45.74,46.86,45.71,2048,1870,1862,1799,1894.75,249,92.65,2048,1943,87,79,2026-09-19 22:18:21.483951+00:00
US-0628168,Gardena,California,CA,,,2025,58460,777731.75,-0.55,-3.88,-1.97,1.57,4.55,20,0.34,-20.0,853.0,20.14,72.33,55.83,3.13,100.17,12,11.14,77.2,51.35,44.31,36.99,53.5,44.89,44.92,2034,2420,1174,1952,1895.0,1246,452.23,2034,1944,206,198,2026-09-19 22:18:21.483951+00:00
US-2744530,Mounds View,Minnesota,MN,,,2025,12786,340296.1,-0.2,-3.78,0.18,1.31,4.14,4,0.31,,315.0,-6.53,11.42,-14.38,1.34,100.31,12,9.64,63.48,89.53,48.45,37.77,51.23,41.85,44.83,1637,2381,1389,2174,1895.25,992,398.95,1637,1945,65,76,2026-09-19 22:18:21.483951+00:00
US-4876816,Waxahachie,Texas,TX,,,2025,50090,372651.11,2.89,20.4,-1.89,-1.06,5.47,900,17.97,52.03,2317.0,2.57,338.25,17.65,5.36,98.27,12,61.89,38.07,22.93,43.81,48.9,42.95,47.28,45.73,2092,1640,2088,1763,1895.75,452,199.06,2092,1946,90,80,2026-09-19 22:18:21.483951+00:00
US-2601740,Alpena,Michigan,MI,,,2025,10088,189023.7,-0.41,-1.36,2.68,4.22,7.42,41,4.06,,439.0,-3.94,31.75,14.76,2.76,98.24,12,50.22,42.01,43.17,45.59,46.7,44.65,45.82,45.69,1929,1823,1959,1875,1896.5,136,52.03,1929,1947,63,62,2026-09-19 22:18:21.483951+00:00
US-0646870,Menlo Park,California,CA,,,2025,32713,2722692.18,-0.01,-2.86,4.41,2.68,3.5,66,2.02,-21.43,873.0,-2.89,34.58,-21.55,1.62,102.78,12,9.98,70.17,71.75,46.49,37.3,52.35,43.24,44.85,1848,2401,1274,2068,1897.75,1127,410.42,1848,1948,176,199,2026-09-19 22:18:21.483951+00:00
US-4212536,Chambersburg,Pennsylvania,PA,,,2025,23376,285627.52,1.48,6.83,2.21,3.34,5.6,236,10.1,32.58,566.0,-17.97,30.0,28.11,1.97,99.37,12,55.51,45.7,19.72,43.13,47.2,44.74,47.51,45.64,2139,1777,1946,1731,1898.25,408,160.4,2139,1949,43,38,2026-09-19 22:18:21.483951+00:00
US-4149550,Monmouth,Oregon,OR,,,2025,11543,473173.66,-0.81,3.57,0.83,1.89,5.9,37,3.21,0.0,228.0,-14.93,26.0,-7.69,4.45,99.75,12,52.27,32.31,61.34,47.55,47.64,42.65,44.19,45.51,1739,1741,2108,2007,1898.75,369,162.72,1739,1950,19,24,2026-09-19 22:18:21.483951+00:00
US-3973264,South Euclid,Ohio,OH,,,2025,21248,186246.54,-0.04,-2.73,1.33,4.6,7.0,35,1.65,9.38,1083.0,-7.99,68.33,19.36,2.32,99.2,12,40.29,48.15,53.18,46.27,44.59,46.55,45.12,45.63,1870,1991,1799,1936,1899.0,192,71.89,1870,1951,130,131,2026-09-19 22:18:21.483951+00:00
US-4031700,Guthrie,Oklahoma,OK,,,2025,12257,255315.02,3.96,12.72,0.08,-0.01,3.88,138,11.26,45.26,729.0,8.0,74.67,9.67,3.75,96.85,12,49.85,46.42,32.91,44.41,46.28,45.42,46.61,45.68,2022,1858,1901,1818,1899.75,204,76.44,2022,1952,30,28,2026-09-19 22:18:21.483951+00:00
US-4931120,Grantsville,Utah,UT,,,2025,16472,532599.13,4.64,29.3,2.22,2.32,6.8,118,7.16,-50.0,657.0,-15.23,96.17,54.07,5.49,98.9,12,78.9,22.83,14.53,43.18,52.42,38.4,47.23,45.31,2135,1329,2373,1769,1901.5,1044,394.38,2135,1953,55,52,2026-09-19 22:18:21.483951+00:00
US-4967000,Salt Lake City,Utah,UT,,,2025,218428,570368.53,0.27,8.82,2.04,1.14,5.35,3217,14.73,150.74,5837.0,0.55,531.75,23.07,3.31,98.49,12,55.15,45.99,19.75,43.09,47.09,44.8,47.49,45.62,2145,1784,1943,1738,1902.5,407,159.33,2145,1954,57,53,2026-09-19 22:18:21.483951+00:00
US-0668378,San Ramon,California,CA,,,2025,86209,1492208.64,0.21,-0.34,-7.09,0.12,6.41,101,1.17,-17.89,1816.0,-8.0,109.75,64.63,2.3,99.44,12,42.74,50.25,40.78,44.88,44.7,46.58,45.92,45.52,1982,1976,1796,1863,1904.25,186,78.44,1982,1955,198,200,2026-09-19 22:18:21.483951+00:00
US-4907690,Bountiful,Utah,UT,,,2025,44988,572010.3,-0.11,-1.82,3.02,2.16,6.31,41,0.91,-24.07,1272.0,2.25,100.08,22.55,2.95,98.53,12,34.51,52.07,57.45,46.39,43.22,47.61,44.7,45.48,1861,2082,1720,1966,1907.25,362,133.41,1861,1956,46,54,2026-09-19 22:18:21.483951+00:00
US-4811080,Buda,Texas,TX,,,2025,16166,360676.0,-0.04,5.65,-6.03,-6.26,3.8,72,4.45,5.88,577.0,8.46,74.25,1.83,4.77,97.97,12,42.43,46.2,51.81,46.09,44.97,45.91,45.06,45.51,1887,1957,1850,1941,1908.75,107,42.7,1887,1957,74,81,2026-09-19 22:18:21.483951+00:00
US-5377105,Wenatchee,Washington,WA,,,2025,35547,496827.93,0.18,-0.17,1.28,1.39,5.02,553,15.56,657.53,1118.0,17.31,74.5,37.12,2.45,99.09,12,28.42,75.43,11.15,40.55,39.93,51.68,47.85,45.0,2329,2268,1337,1704,1909.5,992,410.64,2329,1958,85,79,2026-09-19 22:18:21.483951+00:00
US-4982950,West Jordan,Utah,UT,,,2025,116812,558947.88,0.04,-0.21,1.99,1.65,6.58,760,6.51,156.76,2990.0,1.49,246.42,45.02,3.04,99.39,12,45.71,56.28,17.56,42.37,44.66,47.3,47.65,45.5,2194,1978,1748,1721,1910.25,473,191.86,2194,1959,59,55,2026-09-19 22:18:21.483951+00:00
US-2754214,Richfield,Minnesota,MN,,,2025,36593,346224.7,-0.11,-0.89,3.33,2.39,3.92,42,1.15,,1155.0,-6.85,51.5,9.77,1.7,101.02,12,19.86,62.87,65.69,46.37,39.64,50.39,43.8,45.05,1864,2282,1467,2028,1910.25,815,296.09,1864,1960,75,77,2026-09-19 22:18:21.483951+00:00
US-4152100,Newberg,Oregon,OR,,,2025,26896,533028.8,1.33,5.56,-0.28,0.58,4.28,51,1.9,-56.03,840.0,-12.04,71.0,3.78,3.13,99.4,12,44.17,39.39,63.96,47.44,45.7,44.51,44.0,45.41,1751,1902,1971,2018,1910.5,267,100.91,1751,1961,20,25,2026-09-19 22:18:21.483951+00:00
US-4852356,North Richland Hills,Texas,TX,,,2025,70843,369011.98,-0.78,0.79,-1.72,-0.32,5.83,83,1.17,-51.46,2444.0,-1.65,215.17,12.65,3.22,98.47,12,41.22,42.9,62.86,47.22,44.97,45.39,44.14,45.43,1778,1955,1904,2009,1911.5,231,85.55,1778,1962,60,82,2026-09-19 22:18:21.483951+00:00
US-1245000,Miami,Florida,FL,,,2025,489812,576656.55,1.32,10.59,-2.67,3.06,9.03,7219,14.74,19.86,12116.0,-9.79,4256.08,23.44,12.86,94.25,12,90.43,7.31,19.42,43.59,54.84,34.06,45.92,44.6,2112,1103,2575,1862,1913.0,1472,533.04,2112,1963,100,84,2026-09-19 22:18:21.483951+00:00
US-0670224,Santee,California,CA,,,2025,58205,803634.3,-1.1,-2.77,-3.82,2.73,6.29,39,0.67,-80.4,1530.0,-6.13,87.42,52.47,2.08,100.28,12,30.65,59.23,47.55,44.88,41.76,48.91,45.2,45.19,1981,2164,1584,1924,1913.25,580,209.75,1981,1964,197,201,2026-09-19 22:18:21.483951+00:00
US-2977092,Warrensburg,Missouri,MO,,,2025,20283,265588.75,1.74,4.96,3.58,2.97,5.21,93,4.59,45.31,922.0,5.37,80.25,27.72,3.34,97.45,12,48.52,47.94,31.41,44.04,45.78,45.63,46.55,45.5,2057,1896,1884,1821,1914.5,236,87.06,2057,1965,59,56,2026-09-19 22:18:21.483951+00:00
US-2283335,Youngsville,Louisiana,LA,,,2025,19980,275272.69,5.24,24.68,0.41,-0.79,2.53,388,19.42,0.26,1235.0,4.66,159.33,5.75,4.83,98.99,12,47.75,48.05,32.96,44.15,45.62,45.69,46.4,45.47,2046,1910,1875,1828,1914.75,218,81.17,2046,1966,4,3,2026-09-19 22:18:21.483951+00:00
US-0602364,Apple Valley,California,CA,,,2025,75247,430015.07,-0.21,-0.8,-2.05,1.1,6.45,96,1.28,-5.88,2845.0,3.04,337.5,35.0,4.34,99.22,12,41.33,49.18,46.33,45.33,44.43,46.4,45.36,45.38,1948,2006,1807,1910,1917.75,199,72.51,1948,1967,189,202,2026-09-19 22:18:21.483951+00:00
US-4182800,Wilsonville,Oregon,OR,,,2025,27833,637511.93,-0.09,4.2,-0.32,0.98,5.25,68,2.44,17.24,1061.0,1.24,107.17,35.23,3.66,98.81,12,46.95,47.09,37.03,44.52,45.51,45.54,46.02,45.4,2013,1918,1888,1854,1918.25,159,59.2,2013,1968,25,26,2026-09-19 22:18:21.483951+00:00
US-4843096,Live Oak,Texas,TX,,,2025,16426,248309.39,0.77,3.84,-1.59,-1.73,4.46,46,2.8,-17.86,534.0,18.67,71.83,12.39,5.2,97.08,12,41.05,47.76,50.97,45.88,44.55,46.23,45.06,45.43,1909,1995,1829,1940,1918.25,166,60.03,1909,1969,75,83,2026-09-19 22:18:21.483951+00:00
US-4843888,Longview,Texas,TX,,,2025,83236,233562.69,-0.22,1.81,1.58,2.55,5.53,148,1.78,-5.73,2375.0,0.34,316.25,14.97,4.87,99.5,12,42.36,44.56,55.45,46.4,44.98,45.53,44.66,45.39,1860,1952,1890,1972,1918.5,112,45.33,1860,1970,71,84,2026-09-19 22:18:21.483951+00:00
US-1845990,Madison,Indiana,IN,,,2025,12304,241596.72,0.8,-0.19,5.56,6.01,8.48,19,1.54,-5.0,504.0,-4.36,46.58,43.33,3.31,96.23,12,62.86,29.01,40.36,45.39,49.33,40.87,45.38,45.24,1944,1601,2222,1909,1919.0,621,220.03,1944,1971,67,68,2026-09-19 22:18:21.483951+00:00
US-2608640,Birmingham,Michigan,MI,,,2025,21923,722411.71,0.37,0.73,3.63,4.8,6.15,55,2.51,-50.89,1342.0,-3.24,93.83,18.9,2.55,98.32,12,44.29,45.68,47.26,45.52,45.15,45.5,45.21,45.34,1933,1945,1894,1922,1923.5,51,18.87,1933,1972,64,63,2026-09-19 22:18:21.483951+00:00
US-2163912,Radcliff,Kentucky,KY,,,2025,22576,210985.97,-0.29,-1.93,1.78,4.02,7.61,116,5.14,58.9,876.0,9.64,94.42,61.63,3.97,98.01,12,49.76,51.16,18.81,42.51,45.54,45.89,47.29,45.31,2186,1915,1852,1761,1928.5,425,158.43,2186,1973,19,17,2026-09-19 22:18:21.483951+00:00
US-2917272,Creve Coeur,Missouri,MO,,,2025,18480,608652.8,-0.15,-1.76,4.09,4.65,5.81,13,0.7,0.0,815.0,-1.69,51.25,28.93,2.41,99.41,12,28.95,57.29,55.93,45.62,41.5,48.59,44.4,45.03,1928,2177,1622,1989,1929.0,555,199.6,1928,1974,57,57,2026-09-19 22:18:21.483951+00:00
US-4174850,Troutdale,Oregon,OR,,,2025,15776,489575.1,0.22,-3.24,-1.05,0.8,4.09,18,1.14,-78.82,410.0,8.47,20.92,23.04,1.91,99.19,12,10.81,75.01,54.81,44.28,36.67,52.72,44.1,44.44,2036,2437,1231,2012,1929.0,1206,436.92,2036,1975,27,27,2026-09-19 22:18:21.483951+00:00
US-1722736,Effingham,Illinois,IL,,,2025,12406,233362.69,-0.06,0.62,4.94,2.56,5.23,43,3.47,207.14,452.0,7.36,29.42,3.22,2.7,96.54,12,33.92,52.94,55.14,45.88,42.81,47.56,44.6,45.21,1908,2109,1724,1977,1929.5,385,138.9,1908,1976,183,173,2026-09-19 22:18:21.483951+00:00
US-0804000,Aurora,Colorado,CO,,,2025,410053,463824.31,0.42,6.04,-4.52,-1.63,3.52,1561,3.81,-34.25,17105.0,2.77,1639.92,27.45,3.51,99.07,12,42.36,52.51,34.52,43.95,44.23,46.76,46.14,45.27,2077,2017,1784,1842,1930.0,293,120.66,2077,1977,26,25,2026-09-19 22:18:21.483951+00:00
US-4055000,Oklahoma City,Oklahoma,OK,,,2025,719849,207569.7,0.86,5.4,-0.64,1.42,5.75,5236,7.27,19.05,29993.0,0.84,2998.0,20.86,3.67,98.14,12,54.89,41.78,29.05,43.84,47.08,43.8,46.41,45.28,2088,1786,2025,1827,1931.5,302,127.79,2088,1978,33,29,2026-09-19 22:18:21.483951+00:00
US-2674900,Southfield,Michigan,MI,,,2025,76111,251673.21,0.09,-0.39,0.99,2.2,5.12,31,0.41,138.46,2072.0,-1.52,136.58,17.07,2.39,98.79,12,28.18,53.14,68.21,46.92,41.67,47.91,43.41,44.98,1808,2167,1694,2058,1931.75,473,189.16,1808,1979,60,64,2026-09-19 22:18:21.483951+00:00
US-1723724,Elmwood Park,Illinois,IL,,,2025,23675,343982.65,-0.24,-3.09,2.07,4.31,5.29,1,0.04,,890.0,1.48,78.92,5.69,3.3,99.53,12,18.54,55.12,85.88,48.18,39.61,48.76,41.73,44.57,1665,2284,1600,2181,1932.5,684,303.07,1665,1980,169,174,2026-09-19 22:18:21.483951+00:00
US-0155200,Northport,Alabama,AL,,,2025,31648,284853.9,0.57,1.42,0.96,1.41,4.59,86,2.72,-38.13,1438.0,0.42,91.5,13.9,2.36,98.62,12,33.49,55.2,49.97,45.21,42.48,47.9,44.91,45.12,1959,2129,1696,1949,1933.25,433,154.53,1959,1981,30,30,2026-09-19 22:18:21.483951+00:00
US-0626000,Fremont,California,CA,,,2025,226442,1484743.75,-0.13,-1.74,-3.75,3.73,6.23,435,1.92,232.06,3842.0,-10.42,189.33,58.0,1.81,102.71,12,33.56,60.95,34.46,43.37,41.91,48.76,45.98,45.0,2124,2156,1599,1859,1934.5,557,225.41,2124,1982,220,203,2026-09-19 22:18:21.483951+00:00
US-1973335,Sioux City,Iowa,IA,,,2025,86356,198699.54,-0.1,0.54,2.41,3.65,5.5,202,2.34,44.29,2610.0,-4.11,150.17,-0.5,2.1,98.06,12,36.11,47.18,63.17,46.75,43.49,46.26,43.8,45.07,1825,2061,1825,2029,1935.0,236,110.58,1825,1983,21,24,2026-09-19 22:18:21.483951+00:00
US-4964340,Riverton,Utah,UT,,,2025,47395,624143.03,1.48,4.59,1.93,1.64,6.52,364,7.68,12.69,1361.0,-22.18,125.83,-7.36,3.53,98.52,12,62.53,25.86,47.85,46.02,49.33,40.16,44.56,45.02,1894,1602,2279,1982,1939.25,677,241.37,1894,1984,48,56,2026-09-19 22:18:21.483951+00:00
US-0656000,Pasadena,California,CA,,,2025,135804,1191370.72,-0.44,-2.55,-1.54,2.43,5.17,428,3.15,187.25,3140.0,9.79,286.58,29.29,3.38,103.19,12,19.62,73.5,36.59,42.72,38.33,51.8,45.56,44.6,2169,2364,1328,1900,1940.25,1036,389.99,2169,1985,231,204,2026-09-19 22:18:21.483951+00:00
US-5380220,Yelm,Washington,WA,,,2025,12043,486840.87,3.17,12.55,0.08,1.61,5.25,187,15.53,78.1,626.0,-21.95,50.58,24.13,2.93,100.59,12,57.3,43.1,18.65,42.67,47.24,43.69,47.05,45.16,2170,1773,2041,1781,1941.25,397,170.49,2170,1986,81,80,2026-09-19 22:18:21.483951+00:00
US-1827000,Gary,Indiana,IN,,,2025,67289,92237.73,-0.4,-2.45,-6.53,-0.36,7.47,9,0.13,12.5,2384.0,-2.42,262.25,-5.41,4.07,94.88,12,46.47,25.13,89.11,49.66,46.46,41.13,41.13,44.6,1509,1845,2201,2222,1944.25,713,292.56,1509,1987,56,69,2026-09-19 22:18:21.483951+00:00
US-0616742,Covina,California,CA,,,2025,49404,798457.36,0.16,-3.45,-0.6,2.53,5.53,139,2.81,69.51,832.0,10.2,63.33,40.22,2.75,100.17,12,19.45,74.96,32.69,42.19,38.09,51.96,45.75,44.5,2210,2373,1310,1884,1944.25,1063,406.31,2210,1988,243,205,2026-09-19 22:18:21.483951+00:00
US-1278275,Winter Haven,Florida,FL,,,2025,62313,277015.97,3.8,22.92,-4.7,-2.37,6.16,1036,16.63,-2.36,3482.0,-3.44,523.75,13.92,5.52,97.91,12,70.24,26.12,26.02,43.74,50.37,39.34,45.97,44.86,2097,1497,2326,1860,1945.0,829,306.67,2097,1989,96,85,2026-09-19 22:18:21.483951+00:00
US-4250528,Monroeville,Pennsylvania,PA,,,2025,27685,229893.84,-0.61,-3.35,2.02,2.77,5.28,0,0.0,-100.0,915.0,5.17,76.33,7.01,3.09,98.39,12,17.44,54.57,88.89,48.3,39.29,48.58,41.29,44.36,1651,2304,1623,2205,1945.75,681,310.89,1651,1990,37,39,2026-09-19 22:18:21.483951+00:00
US-1859328,Peru,Indiana,IN,,,2025,10962,148321.35,-0.59,0.23,9.68,7.07,8.45,47,4.29,,361.0,-3.22,31.5,29.9,3.3,95.81,12,64.58,30.11,31.14,44.15,49.22,40.6,45.72,44.92,2047,1620,2234,1887,1947.0,614,225.22,2047,1991,69,70,2026-09-19 22:18:21.483951+00:00
US-5336745,Lacey,Washington,WA,,,2025,58833,514852.93,0.52,3.61,0.19,1.63,5.55,630,10.71,253.93,2035.0,-14.6,97.25,41.63,1.72,99.98,12,48.4,54.33,12.43,41.48,44.78,46.27,47.47,45.0,2257,1969,1823,1741,1947.5,516,196.47,2257,1992,82,81,2026-09-19 22:18:21.483951+00:00
US-0107912,Boaz,Alabama,AL,,,2025,10619,210684.01,0.59,4.98,0.83,3.17,5.92,31,2.92,47.62,261.0,-5.09,25.67,-1.6,3.77,96.98,12,55.92,27.27,60.45,47.02,48.0,40.84,43.48,44.84,1801,1714,2225,2052,1948.0,511,202.43,1801,1993,28,31,2026-09-19 22:18:21.483951+00:00
US-1276500,West Melbourne,Florida,FL,,,2025,31285,373810.95,0.02,17.69,-4.49,-2.49,5.7,160,5.11,171.19,1223.0,-1.21,154.75,15.27,4.83,97.05,12,63.79,27.86,38.73,44.95,49.25,40.27,45.11,44.89,1974,1617,2266,1937,1948.5,649,229.94,1974,1994,87,86,2026-09-19 22:18:21.483951+00:00
US-3974608,Steubenville,Ohio,OH,,,2025,17922,127327.49,-0.49,-1.17,6.44,5.62,7.31,2,0.11,,572.0,-0.52,64.25,13.38,4.09,93.39,12,50.1,26.22,77.15,48.5,46.99,41.02,42.06,44.65,1634,1793,2214,2155,1949.0,580,243.01,1634,1995,122,132,2026-09-19 22:18:21.483951+00:00
US-1268875,Stuart,Florida,FL,,,2025,19451,372850.45,-0.12,11.22,-6.71,-2.3,6.42,9,0.46,125.0,1046.0,-9.83,221.25,13.66,7.73,94.21,12,69.88,7.28,70.39,48.1,51.18,35.53,41.76,44.14,1679,1429,2509,2179,1949.0,1080,421.25,1679,1996,67,87,2026-09-19 22:18:21.483951+00:00
US-1754820,Oak Lawn,Illinois,IL,,,2025,56450,290364.77,-0.18,-2.88,4.0,4.37,6.54,11,0.19,1000.0,2060.0,-6.24,168.67,5.2,3.02,98.94,12,33.61,41.46,82.07,48.47,43.23,45.2,41.99,44.72,1636,2080,1918,2165,1949.75,529,201.71,1636,1997,165,175,2026-09-19 22:18:21.483951+00:00
US-0451600,Oro Valley,Arizona,AZ,,,2025,48085,504906.69,-0.93,1.84,-1.81,0.12,6.02,423,8.8,162.73,3018.0,18.77,365.5,30.26,4.63,97.65,12,48.04,51.72,20.1,42.34,44.95,45.87,46.9,45.02,2197,1958,1855,1794,1951.0,403,153.65,2197,1998,30,26,2026-09-19 22:18:21.483951+00:00
US-0602476,Arcata,California,CA,,,2025,19047,503234.34,1.49,1.11,-5.62,-4.25,0.39,30,1.58,3.45,343.0,31.42,27.5,-3.23,3.07,95.19,12,23.77,56.02,70.24,46.68,40.42,48.48,42.93,44.63,1835,2237,1638,2095,1951.25,599,231.28,1835,1999,173,206,2026-09-19 22:18:21.483951+00:00
US-4807492,Belton,Texas,TX,,,2025,25964,317787.61,1.84,12.31,-2.91,-2.62,5.0,295,11.36,4.24,896.0,44.75,153.75,45.16,6.38,97.55,12,54.8,48.46,10.38,41.48,46.24,44.65,47.51,44.97,2258,1860,1958,1733,1952.25,525,193.71,2258,2000,112,85,2026-09-19 22:18:21.483951+00:00
US-4206064,Bethel Park,Pennsylvania,PA,,,2025,32074,300259.93,-0.64,-4.39,2.37,3.38,5.08,3,0.09,200.0,969.0,7.07,70.25,21.65,2.72,99.35,12,11.67,67.26,71.04,45.97,37.25,51.15,42.62,44.25,1900,2405,1399,2114,1954.5,1006,367.4,1900,2001,39,40,2026-09-19 22:18:21.483951+00:00
US-2437600,Havre de Grace,Maryland,MD,,,2025,15630,404206.56,2.18,5.27,-0.15,2.34,4.71,141,9.02,-15.06,825.0,0.61,72.58,30.78,3.24,99.55,12,45.73,54.27,19.33,42.12,44.33,46.47,46.93,44.96,2215,2012,1804,1792,1955.75,423,173.36,2215,2002,9,9,2026-09-19 22:18:21.483951+00:00
US-1864260,Richmond,Indiana,IN,,,2025,35376,156123.3,-0.39,-0.96,6.44,5.92,8.09,230,6.5,5650.0,1423.0,0.42,112.75,19.84,2.94,95.18,12,57.23,37.6,31.54,43.94,47.49,42.58,45.83,44.96,2081,1757,2114,1873,1956.25,357,147.55,2081,2003,70,71,2026-09-19 22:18:21.483951+00:00
US-4722720,East Ridge,Tennessee,TN,,,2025,21921,260369.33,-0.55,-1.3,-1.05,3.24,7.74,53,2.42,10.42,903.0,0.44,99.25,28.48,4.06,97.96,12,53.29,37.76,41.03,44.79,46.79,42.91,45.07,44.89,1988,1810,2094,1939,1957.75,284,102.05,1988,2004,49,49,2026-09-19 22:18:21.483951+00:00
US-4115550,Cornelius,Oregon,OR,,,2025,15520,488638.14,1.49,21.05,-1.94,-0.45,3.86,88,5.67,-1.12,488.0,-9.46,39.0,31.09,2.97,99.74,12,52.56,44.69,25.82,43.12,46.19,44.22,46.35,44.97,2140,1864,1995,1834,1958.25,306,121.15,2140,2005,30,28,2026-09-19 22:18:21.483951+00:00
US-0119648,Daphne,Alabama,AL,,,2025,31396,327597.41,1.83,13.07,0.22,1.08,6.13,293,9.33,-14.33,1866.0,-2.71,222.17,21.96,4.42,97.71,12,66.78,29.95,24.84,43.41,49.44,40.23,46.01,44.77,2122,1588,2270,1855,1958.75,682,260.65,2122,2006,34,32,2026-09-19 22:18:21.483951+00:00
US-4819432,Dayton,Texas,TX,,,2025,10226,311692.46,4.23,21.0,2.06,2.19,5.18,119,11.64,-11.85,476.0,16.67,89.08,39.01,6.93,96.67,12,59.52,42.62,12.57,41.87,47.41,43.18,47.22,44.92,2238,1759,2074,1770,1960.25,479,204.19,2238,2007,110,86,2026-09-19 22:18:21.483951+00:00
US-1239081,Lake Worth Beach,Florida,FL,,,2025,43970,436126.87,-0.31,4.09,-5.47,0.17,8.21,108,2.46,151.16,1225.0,-8.38,261.17,20.26,7.83,94.32,12,77.93,8.41,46.46,45.73,52.36,34.98,43.5,44.14,1921,1338,2533,2049,1960.25,1195,425.63,1921,2008,83,88,2026-09-19 22:18:21.483951+00:00
US-2627760,Fenton,Michigan,MI,,,2025,11774,358976.38,-0.14,-1.63,4.08,3.89,6.0,17,1.44,70.0,487.0,5.64,41.67,109.21,3.0,99.11,12,31.5,60.8,38.06,43.39,41.27,48.6,45.34,44.65,2123,2192,1617,1911,1960.75,575,223.85,2123,2009,70,65,2026-09-19 22:18:21.483951+00:00
US-1319336,Conyers,Georgia,GA,,,2025,20377,299726.34,1.87,17.64,-3.68,-1.1,7.14,163,8.0,-8.94,616.0,-34.54,106.5,7.04,6.55,96.67,12,81.46,7.17,39.42,44.95,52.87,34.29,43.83,43.98,1973,1293,2564,2026,1964.0,1271,451.16,1973,2010,55,57,2026-09-19 22:18:21.483951+00:00
US-5321240,Ellensburg,Washington,WA,,,2025,21308,453057.58,1.49,-1.58,-0.81,0.56,5.08,55,2.58,-39.56,697.0,1.9,47.08,-4.56,2.46,98.98,12,22.53,59.34,63.54,45.66,39.72,48.92,43.19,44.38,1924,2278,1581,2074,1964.25,697,254.45,1924,2011,71,82,2026-09-19 22:18:21.483951+00:00
US-0828360,Frederick,Colorado,CO,,,2025,18241,546119.74,1.28,23.96,-3.12,-1.39,4.0,56,3.07,-45.1,840.0,-3.78,88.5,35.81,3.98,99.28,12,53.58,40.47,33.44,43.96,46.63,43.35,45.67,44.9,2074,1828,2063,1894,1964.75,246,106.41,2074,2012,25,26,2026-09-19 22:18:21.483951+00:00
US-0619766,Downey,California,CA,,,2025,108468,873538.68,-0.7,-4.82,-0.85,2.83,5.08,178,1.64,27.14,1112.0,7.65,87.33,15.93,2.86,100.41,12,11.65,72.63,55.97,44.07,36.59,51.84,43.53,44.01,2053,2440,1325,2047,1966.25,1115,403.02,2053,2013,210,207,2026-09-19 22:18:21.483951+00:00
US-4862588,Robinson,Texas,TX,,,2025,13028,302819.33,0.54,4.5,-0.94,-0.41,5.88,55,4.22,22.22,446.0,-1.55,55.17,-17.56,4.58,97.17,12,54.13,28.64,60.2,46.73,47.4,41.02,43.27,44.6,1830,1760,2213,2066,1967.25,453,181.61,1830,2014,66,87,2026-09-19 22:18:21.483951+00:00
US-4549075,Myrtle Beach,South Carolina,SC,,,2025,40937,320983.28,0.66,13.8,-3.24,-1.57,6.56,189,4.62,-4.55,5405.0,-6.46,1356.5,6.18,9.22,95.65,12,72.99,12.76,48.29,45.74,51.22,36.16,43.42,44.13,1920,1420,2479,2055,1968.5,1059,377.92,1920,2015,32,32,2026-09-19 22:18:21.483951+00:00
US-4561405,Rock Hill,South Carolina,SC,,,2025,75911,327330.7,0.15,1.72,-2.46,1.3,6.61,664,8.75,106.85,3036.0,5.67,336.0,34.4,4.07,97.65,12,55.32,44.53,18.1,42.24,46.5,43.8,46.74,44.82,2205,1840,2026,1810,1970.25,395,158.79,2205,2016,35,33,2026-09-19 22:18:21.483951+00:00
US-4720620,Dickson,Tennessee,TN,,,2025,17051,341012.87,0.76,6.09,0.56,2.21,6.9,320,18.77,357.14,765.0,-5.44,89.33,17.8,4.27,97.52,12,70.76,25.99,22.85,43.11,50.14,38.95,45.82,44.5,2141,1523,2345,1876,1971.25,822,307.61,2141,2017,53,50,2026-09-19 22:18:21.483951+00:00
US-0646492,Maywood,California,CA,,,2025,23600,642086.46,-0.91,-5.73,-1.6,1.96,4.77,8,0.34,-33.33,92.0,16.46,10.0,1.69,4.49,99.63,12,9.67,64.42,81.6,46.82,36.89,50.57,41.5,43.94,1819,2425,1452,2192,1972.0,973,369.94,1819,2018,168,208,2026-09-19 22:18:21.483951+00:00
US-0622230,El Monte,California,CA,,,2025,105075,758221.82,0.13,-3.73,-0.21,2.28,5.32,191,1.82,85.44,821.0,22.9,85.33,47.55,3.83,100.72,12,16.88,74.87,36.92,42.19,37.28,51.78,44.98,44.06,2211,2403,1330,1945,1972.25,1073,404.9,2211,2019,244,209,2026-09-19 22:18:21.483951+00:00
US-0869150,Severance,Colorado,CO,,,2025,11841,505760.08,2.0,47.81,-3.95,-1.76,3.81,82,6.93,1.23,809.0,-3.0,97.33,9.36,4.49,99.19,12,52.75,38.53,39.38,44.43,46.48,42.93,45.02,44.71,2019,1842,2091,1943,1973.75,249,92.33,2019,2020,24,27,2026-09-19 22:18:21.483951+00:00
US-4957300,Orem,Utah,UT,,,2025,95214,500219.06,-1.17,-3.24,3.66,1.46,6.45,26,0.27,-35.0,1933.0,-0.36,160.42,23.64,3.01,98.88,12,31.19,49.81,65.38,46.25,41.9,46.56,42.99,44.43,1874,2157,1798,2085,1978.5,359,147.23,1874,2021,47,57,2026-09-19 22:18:21.483951+00:00
US-3626264,Floral Park,New York,NY,,,2025,16105,844097.79,0.53,-0.1,4.98,5.1,5.06,1,0.06,-97.44,300.0,-9.37,20.33,12.96,2.76,99.64,12,29.1,46.12,79.14,47.57,41.71,45.97,41.77,44.25,1737,2165,1848,2178,1982.0,441,193.58,1737,2022,51,51,2026-09-19 22:18:21.483951+00:00
US-4115250,Coos Bay,Oregon,OR,,,2025,15686,326848.43,-0.54,-1.9,-2.61,-0.26,5.1,6,0.38,-75.0,674.0,5.97,59.08,-3.54,3.22,97.9,12,21.48,51.76,83.64,47.62,39.89,47.46,41.32,44.07,1730,2272,1729,2201,1983.0,543,254.74,1730,2023,18,29,2026-09-19 22:18:21.483951+00:00
US-0664434,San Anselmo,California,CA,,,2025,12555,1602834.51,-0.41,-1.98,-0.54,-0.48,3.26,19,1.51,11.76,341.0,-3.94,18.83,-5.83,2.19,102.71,12,13.01,64.73,71.6,45.76,37.31,50.24,42.14,43.86,1915,2400,1479,2150,1986.0,921,339.26,1915,2024,186,210,2026-09-19 22:18:21.483951+00:00
US-1729639,Glen Carbon,Illinois,IL,,,2025,13898,329400.57,-0.01,0.26,4.93,4.25,5.7,22,1.58,10.0,422.0,-19.92,28.67,3.61,2.45,99.67,12,37.01,43.39,66.49,46.61,43.34,44.94,42.83,44.43,1840,2071,1935,2103,1987.25,263,105.86,1840,2025,177,176,2026-09-19 22:18:21.483951+00:00
US-4813684,Celina,Texas,TX,,,2025,64427,548851.85,24.58,257.27,-7.12,-1.94,7.88,2803,43.51,-35.67,2228.0,-9.91,466.17,66.19,7.67,96.56,12,89.64,11.67,4.99,41.19,53.55,34.06,46.09,43.72,2298,1227,2576,1849,1987.5,1349,509.97,2298,2026,119,88,2026-09-19 22:18:21.483951+00:00
US-2752594,Prior Lake,Minnesota,MN,,,2025,28140,525882.23,0.25,1.84,2.27,1.51,4.54,33,1.17,-35.29,1131.0,-4.8,83.83,13.16,2.79,99.18,12,35.13,46.92,62.33,46.06,42.75,45.7,43.16,44.41,1890,2112,1874,2076,1988.0,238,106.91,1890,2027,78,78,2026-09-19 22:18:21.483951+00:00
US-1219825,Edgewater,Florida,FL,,,2025,24795,293455.44,2.42,7.15,-4.1,-1.59,6.55,173,6.98,-42.72,1579.0,-8.78,182.25,5.19,4.31,97.12,12,67.56,20.71,42.51,44.9,49.74,38.03,43.97,44.16,1979,1561,2393,2020,1988.25,832,294.73,1979,2028,88,89,2026-09-19 22:18:21.483951+00:00
US-1714351,Cicero,Illinois,IL,,,2025,81858,268178.3,-0.32,-3.63,2.95,3.97,6.03,2,0.02,,957.0,5.16,104.92,18.33,4.11,98.95,12,24.68,51.69,76.02,46.97,40.49,47.24,41.97,44.17,1803,2232,1755,2168,1989.5,477,212.39,1803,2029,175,177,2026-09-19 22:18:21.483951+00:00
US-0410530,Casa Grande,Arizona,AZ,,,2025,69753,319012.07,3.8,28.78,-3.3,-3.1,5.88,322,4.62,-73.14,2732.0,-23.96,386.42,0.22,5.23,98.4,12,67.07,17.11,52.1,45.84,49.84,37.35,43.09,44.03,1911,1550,2424,2078,1990.75,874,314.62,1911,2030,20,27,2026-09-19 22:18:21.483951+00:00
US-1782985,Wood Dale,Illinois,IL,,,2025,14081,349569.35,-0.09,-0.96,5.34,5.5,5.58,4,0.28,-20.0,427.0,-10.86,31.08,-6.52,2.83,99.31,12,30.1,41.89,86.27,48.27,42.06,45.01,41.02,44.09,1654,2150,1931,2229,1991.0,575,223.1,1654,2031,168,178,2026-09-19 22:18:21.483951+00:00
US-1279225,Zephyrhills,Florida,FL,,,2025,22447,308765.51,1.27,29.52,-5.0,-1.32,6.84,172,7.66,84.95,1066.0,-35.04,153.83,16.61,5.29,97.46,12,79.33,12.12,31.89,43.95,52.05,35.25,44.34,43.9,2079,1370,2523,1993,1991.25,1153,411.22,2079,2032,92,90,2026-09-19 22:18:21.483951+00:00
US-3402080,Atlantic City,New Jersey,NJ,,,2025,38787,217455.73,-0.16,1.0,0.33,9.05,11.25,48,1.24,-15.79,1244.0,-6.04,309.5,22.7,9.12,94.89,12,70.48,12.31,54.22,46.06,50.59,36.05,42.68,43.84,1891,1481,2483,2111,1991.5,1002,362.82,1891,2033,107,106,2026-09-19 22:18:21.483951+00:00
US-4775940,Union City,Tennessee,TN,,,2025,10814,167143.66,-0.72,-3.2,4.79,3.7,7.17,3,0.28,0.0,237.0,6.28,30.33,4.3,4.81,93.99,12,40.28,33.79,80.93,48.17,44.43,42.81,41.42,44.21,1667,2007,2098,2196,1992.0,529,199.19,1667,2034,39,51,2026-09-19 22:18:21.483951+00:00
US-1335324,Griffin,Georgia,GA,,,2025,23896,244862.69,-0.41,2.0,-2.47,0.81,7.29,22,0.92,0.0,918.0,-14.53,128.0,6.74,5.17,96.29,12,64.7,11.79,70.2,47.56,49.65,36.42,41.44,43.77,1738,1573,2467,2195,1993.25,894,355.99,1738,2035,49,58,2026-09-19 22:18:21.483951+00:00
US-4132050,Happy Valley,Oregon,OR,,,2025,28916,685988.15,1.23,21.96,-0.45,0.51,4.54,350,12.1,112.12,1376.0,-4.11,134.5,19.29,3.57,99.11,12,55.39,41.23,24.21,42.64,46.46,42.93,45.9,44.48,2174,1844,2092,1865,1993.75,330,142.43,2174,2036,31,30,2026-09-19 22:18:21.483951+00:00
US-4059850,Ponca City,Oklahoma,OK,,,2025,24225,133469.14,-0.47,-0.53,5.04,1.54,5.54,18,0.74,800.0,986.0,5.91,87.33,-13.46,3.28,94.72,12,31.43,41.68,83.41,48.01,42.3,44.86,41.24,44.1,1689,2136,1941,2210,1994.0,521,201.65,1689,2037,23,30,2026-09-19 22:18:21.483951+00:00
US-4822660,Edinburg,Texas,TX,,,2025,110700,216617.6,1.66,9.87,-0.19,2.32,6.94,1431,12.93,10.5,1935.0,-4.44,481.58,19.11,9.18,97.26,12,75.52,19.45,23.82,42.97,50.95,36.93,45.12,43.99,2151,1453,2442,1935,1995.25,989,361.08,2151,2038,99,89,2026-09-19 22:18:21.483951+00:00
US-5340805,Lynden,Washington,WA,,,2025,16881,619273.85,0.73,6.73,1.49,2.73,6.12,53,3.14,-59.54,604.0,-16.57,57.17,22.28,3.61,98.57,12,61.2,28.12,41.28,44.65,48.29,40.02,44.33,44.32,2005,1692,2290,1995,1995.5,598,211.5,2005,2039,76,83,2026-09-19 22:18:21.483951+00:00
US-2914572,Clayton,Missouri,MO,,,2025,17807,845816.23,1.74,2.57,3.71,4.17,4.34,8,0.45,-95.92,569.0,-16.2,36.5,8.68,2.41,98.72,12,37.04,39.6,74.97,47.42,43.5,44.14,41.99,44.26,1754,2059,2003,2167,1995.75,413,151.51,1754,2040,56,58,2026-09-19 22:18:21.483951+00:00
US-2975220,University City,Missouri,MO,,,2025,34657,265013.84,1.0,-1.44,1.17,2.23,4.38,345,9.95,31.68,1382.0,2.6,70.92,14.38,1.93,100.53,12,19.23,74.59,29.98,41.29,37.45,51.29,45.21,43.81,2287,2393,1383,1920,1995.75,1010,394.92,2287,2041,62,59,2026-09-19 22:18:21.483951+00:00
US-0647766,Milpitas,California,CA,,,2025,78596,1432422.44,-0.18,-1.52,-3.19,4.18,6.1,228,2.9,196.1,1156.0,-13.41,53.92,36.79,1.73,103.73,12,33.27,59.65,33.93,42.67,41.28,47.88,45.21,44.26,2171,2191,1699,1923,1996.0,492,201.36,2171,2042,232,211,2026-09-19 22:18:21.483951+00:00
US-3633139,Hempstead,New York,NY,,,2025,59819,625814.78,0.02,1.58,3.53,,,12,0.2,-29.41,663.0,-6.49,66.25,-1.85,3.67,100.66,12,25.73,46.19,86.05,47.97,40.92,46.03,40.97,43.97,1696,2215,1844,2234,1997.25,538,233.29,1696,2043,50,52,2026-09-19 22:18:21.483951+00:00
US-5640120,Jackson,Wyoming,WY,,,2025,10720,1927418.3,-0.15,-0.78,-1.46,3.08,11.76,87,8.12,141.67,314.0,4.32,55.83,5.85,6.48,89.47,12,62.2,27.36,40.16,44.5,48.44,39.73,44.32,44.25,2015,1681,2302,1997,1998.75,621,219.77,2015,2044,9,8,2026-09-19 22:18:21.483951+00:00
US-4856348,Pearland,Texas,TX,,,2025,129930,382508.43,-0.66,1.67,-0.91,0.57,5.57,101,0.78,68.33,3769.0,2.11,330.42,41.66,3.25,97.74,12,42.25,44.92,48.44,44.73,43.98,44.65,44.07,44.36,1992,2034,1961,2015,2000.5,73,27.23,1992,2045,83,90,2026-09-19 22:18:21.483951+00:00
US-2731076,Inver Grove Heights,Minnesota,MN,,,2025,36873,372420.13,1.66,2.93,2.09,1.3,3.46,424,11.5,34.6,1138.0,-0.44,77.75,16.04,2.52,99.79,12,34.8,60.67,27.22,41.96,41.42,47.89,45.68,44.24,2230,2185,1697,1890,2000.5,533,218.54,2230,2046,83,79,2026-09-19 22:18:21.483951+00:00
US-5405332,Beckley,West Virginia,WV,,,2025,16373,144678.68,-0.84,-4.9,-4.64,4.07,7.33,1,0.06,0.0,629.0,7.52,79.5,8.9,4.72,94.52,12,37.56,35.6,82.69,48.15,43.74,43.25,41.19,44.08,1669,2049,2071,2215,2001.0,546,202.0,1669,2047,5,5,2026-09-19 22:18:21.483951+00:00
US-4816624,Copperas Cove,Texas,TX,,,2025,40118,226850.87,1.52,9.22,-0.65,-1.05,6.76,474,11.82,29.16,1987.0,-10.98,251.83,13.23,4.68,97.84,12,72.39,20.5,29.28,43.45,50.36,37.38,44.73,43.98,2119,1499,2422,1964,2001.0,923,333.37,2119,2048,95,91,2026-09-19 22:18:21.483951+00:00
US-1253150,Ormond Beach,Florida,FL,,,2025,44692,365657.46,0.56,3.63,-5.36,-2.88,5.77,292,6.53,83.65,2532.0,13.64,390.25,15.94,5.72,96.14,12,51.05,41.57,34.49,43.59,45.72,43.35,45.13,44.45,2111,1899,2062,1934,2001.5,212,87.63,2111,2049,99,91,2026-09-19 22:18:21.483951+00:00
US-5666220,Riverton,Wyoming,WY,,,2025,10910,264396.17,-0.45,2.09,-0.08,2.98,7.29,15,1.37,66.67,381.0,-6.39,47.5,25.27,4.64,96.6,12,64.94,19.71,51.04,45.63,49.29,37.98,43.2,44.02,1927,1610,2397,2073,2001.75,787,283.0,1927,2050,7,9,2026-09-19 22:18:21.483951+00:00
US-2946586,Maryland Heights,Missouri,MO,,,2025,27559,257614.71,-0.26,-2.46,1.86,3.57,5.63,28,1.02,366.67,843.0,-5.28,39.92,55.52,1.78,100.99,12,24.53,64.48,42.59,43.03,39.22,49.21,44.31,43.94,2148,2306,1556,1999,2002.25,750,279.58,2148,2051,60,60,2026-09-19 22:18:21.483951+00:00
US-0125240,Fairhope,Alabama,AL,,,2025,26625,463187.27,0.71,15.34,0.63,2.08,6.33,222,8.34,37.04,1651.0,-10.22,205.0,0.94,4.6,96.58,12,70.46,16.62,43.01,44.75,50.19,36.73,43.49,43.79,1990,1518,2452,2050,2002.5,934,331.36,1990,2052,31,33,2026-09-19 22:18:21.483951+00:00
US-0668294,San Pablo,California,CA,,,2025,31678,557335.53,0.24,-1.39,-7.38,-2.99,1.0,8,0.25,-61.9,376.0,23.68,40.33,79.93,3.91,100.2,12,11.98,72.65,52.5,43.34,36.26,51.43,43.33,43.59,2126,2462,1368,2062,2004.5,1094,397.65,2126,2053,221,212,2026-09-19 22:18:21.483951+00:00
US-0660704,Ridgecrest,California,CA,,,2025,28333,270210.02,-0.19,1.28,-1.18,1.11,3.86,39,1.38,-18.75,1133.0,6.79,106.17,25.89,3.43,98.7,12,29.79,56.24,50.55,44.24,40.84,47.45,43.77,44.08,2038,2219,1731,2031,2004.75,488,175.1,2038,2054,207,213,2026-09-19 22:18:21.483951+00:00
US-5157000,Norfolk,Virginia,VA,,,2025,231013,310380.19,-0.04,-2.88,0.22,3.44,5.43,156,0.68,-64.38,9463.0,-0.18,636.92,14.81,2.48,99.42,12,20.31,58.95,66.8,45.46,38.88,48.54,42.35,43.8,1940,2325,1628,2136,2007.25,697,257.82,1940,2055,28,29,2026-09-19 22:18:21.483951+00:00
US-2229850,Gonzales,Louisiana,LA,,,2025,13930,291545.24,1.29,14.67,0.23,4.91,5.57,382,27.42,270.87,549.0,-3.0,75.92,2.59,5.19,98.35,12,61.2,30.27,35.12,43.86,48.01,40.28,44.68,44.21,2087,1711,2264,1969,2007.75,553,200.94,2087,2056,5,4,2026-09-19 22:18:21.483951+00:00
US-1323900,Douglasville,Georgia,GA,,,2025,41523,307508.6,2.28,19.31,-3.71,-1.55,6.8,362,8.72,3.43,1223.0,-17.14,180.67,26.05,5.42,98.01,12,77.95,16.38,23.0,42.66,51.24,35.85,44.75,43.62,2173,1418,2496,1962,2012.25,1078,392.27,2173,2057,61,59,2026-09-19 22:18:21.483951+00:00
US-3957302,Norwalk,Ohio,OH,,,2025,17191,213046.96,0.01,0.95,6.46,4.93,6.02,36,2.09,260.0,407.0,-19.72,30.08,-7.67,2.76,98.95,12,43.87,35.0,67.75,46.73,44.79,42.57,42.27,44.09,1828,1967,2115,2143,2013.25,315,126.14,1828,2058,128,133,2026-09-19 22:18:21.483951+00:00
US-0427820,Glendale,Arizona,AZ,,,2025,260572,405593.45,1.48,4.69,-4.07,-1.22,5.81,476,1.83,-65.43,6186.0,-3.69,688.42,25.99,4.07,98.18,12,54.15,32.62,46.66,44.74,46.57,41.18,43.71,44.05,1991,1834,2196,2035,2014.0,362,128.93,1991,2059,24,28,2026-09-19 22:18:21.483951+00:00
US-3424420,Fort Lee,New Jersey,NJ,,,2025,40345,567450.66,0.0,0.74,3.11,5.58,5.31,39,0.97,18.18,1687.0,-0.06,216.92,8.37,4.72,99.37,12,35.3,43.39,68.49,46.43,42.71,44.73,42.26,44.03,1855,2114,1948,2144,2015.25,289,118.88,1855,2060,106,107,2026-09-19 22:18:21.483951+00:00
US-4823044,Elgin,Texas,TX,,,2025,13327,280651.93,6.26,35.95,-7.18,-6.33,4.36,766,57.48,105.91,523.0,18.59,115.0,64.48,8.25,98.04,12,54.97,48.55,4.99,40.23,45.55,43.94,47.09,44.2,2357,1914,2016,1779,2016.5,578,213.81,2357,2061,130,92,2026-09-19 22:18:21.483951+00:00
US-2721770,Forest Lake,Minnesota,MN,,,2025,20952,420713.37,1.47,1.2,0.91,1.51,4.49,86,4.1,-28.93,804.0,-2.66,56.67,11.48,2.67,99.78,12,31.96,55.78,45.85,43.77,41.19,47.14,44.07,44.04,2096,2197,1761,2016,2017.5,436,161.38,2096,2062,80,80,2026-09-19 22:18:21.483951+00:00
US-4955210,North Salt Lake,Utah,UT,,,2025,23588,571524.89,-0.14,2.16,1.61,1.12,6.29,90,3.82,309.09,637.0,-11.77,47.75,37.41,2.68,99.13,12,52.51,41.48,29.16,42.81,45.7,42.94,45.21,44.17,2160,1903,2089,1919,2017.75,257,109.81,2160,2063,58,58,2026-09-19 22:18:21.483951+00:00
US-0660018,Redondo Beach,California,CA,,,2025,67281,1471517.05,-1.01,-5.75,0.87,1.47,5.14,137,2.04,23.42,1795.0,11.21,140.58,17.48,2.86,99.7,12,12.15,72.38,51.65,43.11,36.15,51.2,43.2,43.41,2142,2468,1393,2071,2018.5,1075,390.93,2142,2064,223,214,2026-09-19 22:18:21.483951+00:00
US-4512655,Cayce,South Carolina,SC,,,2025,13680,209971.85,-0.26,-0.71,1.52,3.8,7.8,63,4.61,950.0,581.0,-5.68,52.25,9.23,3.29,97.18,12,56.44,30.36,45.84,44.66,47.02,40.5,43.64,43.96,2002,1790,2247,2038,2019.25,457,162.08,2002,2065,33,34,2026-09-19 22:18:21.483951+00:00
US-0655618,Paramount,California,CA,,,2025,50755,646510.39,-0.76,-5.27,-0.55,2.6,5.61,55,1.08,1.85,362.0,26.57,39.83,59.87,4.13,100.32,12,16.59,72.02,41.45,42.21,36.95,50.81,44.02,43.5,2208,2423,1430,2017,2019.5,993,369.41,2208,2066,242,215,2026-09-19 22:18:21.483951+00:00
US-0640830,La Verne,California,CA,,,2025,30178,940543.57,-0.09,-4.13,-0.24,3.12,5.85,3,0.1,-91.89,586.0,-4.4,37.5,21.29,2.36,99.7,12,21.88,55.54,71.02,45.94,39.35,47.76,41.94,43.75,1904,2299,1708,2171,2020.5,591,229.91,1904,2067,182,216,2026-09-19 22:18:21.483951+00:00
US-0648354,Modesto,California,CA,,,2025,219652,442306.43,-0.3,0.44,-1.19,1.33,5.11,512,2.33,195.95,4713.0,0.68,308.5,36.5,2.39,99.09,12,32.03,58.86,37.24,42.72,40.86,47.57,44.63,43.95,2168,2218,1722,1975,2020.75,496,194.89,2168,2068,230,217,2026-09-19 22:18:21.483951+00:00
US-3630169,Great Neck,New York,NY,,,2025,11141,1433167.51,0.06,0.18,9.8,7.52,6.83,3,0.27,-40.0,368.0,-1.08,42.17,29.74,4.38,97.09,12,50.72,30.09,61.49,46.19,46.15,40.99,42.51,43.96,1878,1868,2216,2122,2021.0,348,151.73,1878,2069,52,53,2026-09-19 22:18:21.483951+00:00
US-2469925,Salisbury,Maryland,MD,,,2025,33845,264693.65,0.29,2.67,0.75,4.32,6.76,74,2.19,-28.16,1111.0,-5.12,124.08,51.32,4.1,98.28,12,60.71,31.08,33.43,43.52,47.73,40.32,44.64,44.05,2116,1734,2261,1973,2021.0,527,194.49,2116,2070,8,10,2026-09-19 22:18:21.483951+00:00
US-0622594,Emeryville,California,CA,,,2025,13251,449760.2,-0.57,3.39,-13.94,-8.13,-4.94,5,0.38,150.0,318.0,7.43,41.58,28.61,5.06,98.74,12,32.2,49.35,60.49,45.27,41.59,45.87,42.75,43.87,1954,2171,1854,2107,2021.5,317,124.77,1954,2071,190,218,2026-09-19 22:18:21.483951+00:00
US-1235000,Jacksonville,Florida,FL,,,2025,1017689,284758.94,0.82,6.91,-4.21,-2.41,5.97,5890,5.79,-7.94,39641.0,0.55,5145.67,14.87,4.76,96.88,12,59.72,30.52,37.34,43.91,47.6,40.3,44.34,44.04,2085,1746,2263,1992,2021.5,517,186.5,2085,2072,93,92,2026-09-19 22:18:21.483951+00:00
US-0621782,El Centro,California,CA,,,2025,44382,382913.34,-0.38,-0.09,7.84,6.88,7.44,35,0.79,-50.0,435.0,-18.39,41.08,38.87,3.67,99.07,12,56.37,28.85,49.51,45.02,47.09,40.21,43.3,43.9,1966,1785,2273,2064,2022.0,488,176.12,1966,2073,196,219,2026-09-19 22:18:21.483951+00:00
US-4842508,Lewisville,Texas,TX,,,2025,139006,395203.17,2.17,9.97,-5.18,-1.2,5.47,756,5.44,-55.27,2797.0,1.49,296.83,49.29,3.85,97.79,12,57.44,40.05,19.44,41.85,46.52,42.18,45.81,44.09,2240,1836,2135,1878,2022.25,404,170.02,2240,2074,111,93,2026-09-19 22:18:21.483951+00:00
US-1711007,Canton,Illinois,IL,,,2025,13297,97500.73,0.79,-0.45,2.99,0.88,1.59,0,0.0,-100.0,565.0,17.22,37.33,18.52,2.7,95.23,12,16.2,57.52,79.44,46.47,38.08,48.41,41.12,43.52,1850,2374,1644,2224,2023.0,730,290.33,1850,2075,178,179,2026-09-19 22:18:21.483951+00:00
US-0544600,Maumelle,Arkansas,AR,,,2025,19780,303479.17,0.96,2.78,1.67,2.04,5.76,154,7.79,50.98,1057.0,1.15,108.0,12.21,3.82,98.34,12,48.74,42.75,35.56,43.35,44.97,43.47,44.73,44.13,2125,1956,2051,1965,2024.25,169,68.98,2125,2076,20,20,2026-09-19 22:18:21.483951+00:00
US-4142600,Lincoln City,Oregon,OR,,,2025,10117,492408.75,0.93,2.8,-1.08,0.05,7.07,94,9.29,-40.51,714.0,5.15,139.25,27.36,7.32,96.03,12,65.18,31.0,21.11,42.2,48.32,39.77,45.39,43.92,2209,1688,2298,1906,2025.25,610,242.96,2209,2077,32,31,2026-09-19 22:18:21.483951+00:00
US-5121344,Danville,Virginia,VA,,,2025,41647,156321.81,-0.74,-2.17,-1.39,5.1,8.77,14,0.34,0.0,1475.0,-4.22,169.17,13.15,4.23,94.23,12,55.54,19.8,72.69,47.32,47.39,38.46,41.17,43.59,1769,1761,2368,2217,2028.75,607,269.11,1769,2078,27,30,2026-09-19 22:18:21.483951+00:00
US-2955550,Overland,Missouri,MO,,,2025,15474,150648.24,-0.35,-2.76,-0.58,3.49,6.22,5,0.32,150.0,594.0,-16.46,25.08,38.71,1.55,99.78,12,29.76,53.21,56.17,44.57,40.76,46.62,42.95,43.72,2009,2223,1793,2092,2029.25,430,156.29,2009,2079,58,61,2026-09-19 22:18:21.483951+00:00
US-4606840,Brandon,South Dakota,SD,,,2025,11306,391964.6,3.94,2.4,1.12,2.32,6.3,119,10.53,-38.34,445.0,-5.52,46.0,-1.6,3.92,98.77,12,53.61,34.88,41.42,44.01,46.17,41.48,43.97,43.91,2061,1865,2172,2021,2029.75,307,110.03,2061,2080,11,9,2026-09-19 22:18:21.483951+00:00
US-2155884,Newport,Kentucky,KY,,,2025,13998,248216.89,1.11,-1.06,1.86,1.22,5.17,17,1.21,-39.29,773.0,13.18,70.17,43.93,3.48,98.75,12,25.73,62.27,43.19,42.89,39.31,48.45,43.92,43.64,2157,2302,1640,2023,2030.5,662,246.1,2157,2081,18,18,2026-09-19 22:18:21.483951+00:00
US-0883835,Westminster,Colorado,CO,,,2025,116182,526001.15,-0.1,-0.39,-3.1,-0.76,4.1,171,1.47,22.14,4004.0,7.46,291.75,46.0,2.62,99.06,12,22.67,66.45,39.9,42.3,38.39,49.33,44.09,43.53,2201,2360,1549,2013,2030.75,811,304.05,2201,2082,31,28,2026-09-19 22:18:21.483951+00:00
US-0603666,Baldwin Park,California,CA,,,2025,68880,718638.3,-0.48,-4.28,-1.31,2.15,5.68,56,0.81,-56.92,602.0,3.97,52.08,30.48,3.2,100.96,12,17.42,66.28,53.16,43.45,37.44,49.65,42.98,43.38,2118,2395,1526,2087,2031.5,869,315.53,2118,2083,218,220,2026-09-19 22:18:21.483951+00:00
US-4737640,Jackson,Tennessee,TN,,,2025,69339,225054.17,0.43,1.68,-1.63,0.88,6.7,155,2.24,-2.52,2293.0,-0.99,244.75,22.94,3.93,96.47,12,55.97,30.42,45.73,44.47,46.77,40.38,43.45,43.77,2016,1813,2253,2054,2034.0,440,156.15,2016,2084,50,52,2026-09-19 22:18:21.483951+00:00
US-4829168,Gatesville,Texas,TX,,,2025,16422,244446.23,-0.27,2.03,1.56,-0.69,5.5,29,1.77,61.11,276.0,16.46,51.58,15.7,7.22,95.73,12,43.18,40.19,55.02,45.09,44.06,43.31,43.02,43.87,1961,2032,2067,2082,2035.5,121,46.68,1961,2085,80,94,2026-09-19 22:18:21.483951+00:00
US-4819624,Deer Park,Texas,TX,,,2025,34282,282334.07,-0.48,-0.29,-0.68,0.57,4.57,8,0.23,60.0,982.0,9.35,86.25,30.68,3.23,97.95,12,25.08,55.49,61.5,44.83,39.67,47.27,42.41,43.54,1985,2281,1751,2129,2036.5,530,195.26,1985,2086,82,95,2026-09-19 22:18:21.483951+00:00
US-3618388,Cortland,New York,NY,,,2025,17394,202743.09,-0.54,-0.63,5.48,5.55,7.15,2,0.11,-33.33,335.0,-5.9,37.08,96.9,4.25,98.66,12,50.81,31.76,55.61,45.34,45.81,41.05,42.72,43.73,1947,1889,2206,2109,2037.75,317,126.24,1947,2087,53,54,2026-09-19 22:18:21.483951+00:00
US-1761015,Pontiac,Illinois,IL,,,2025,10806,153647.64,-0.84,-3.51,9.09,7.21,7.32,1,0.09,0.0,371.0,-0.27,27.92,35.63,2.78,96.05,12,41.07,39.22,62.64,45.81,43.75,43.29,42.39,43.81,1912,2048,2069,2130,2039.75,218,79.67,1912,2088,184,180,2026-09-19 22:18:21.483951+00:00
US-0616000,Concord,California,CA,,,2025,123261,725668.95,-0.27,-1.61,-4.69,-1.01,2.38,70,0.57,-21.35,3110.0,1.34,182.0,29.77,2.15,100.54,12,10.96,70.83,57.01,43.43,35.83,50.79,42.51,43.14,2121,2486,1433,2123,2040.75,1053,381.06,2121,2089,219,221,2026-09-19 22:18:21.483951+00:00
US-0613014,Chico,California,CA,,,2025,105081,462558.86,1.07,1.02,1.2,-0.51,2.04,225,2.14,-2.6,2393.0,2.09,171.75,22.53,2.64,99.63,12,23.37,62.7,46.86,43.01,38.69,48.52,43.42,43.41,2150,2336,1632,2056,2043.5,704,258.06,2150,2090,224,222,2026-09-19 22:18:21.483951+00:00
US-4643100,Mitchell,South Dakota,SD,,,2025,15756,253521.6,0.47,0.5,4.43,3.79,7.37,46,2.92,6.98,502.0,-7.04,44.17,11.58,3.22,95.54,12,58.43,25.21,51.06,44.96,47.36,39.05,42.75,43.53,1971,1763,2338,2108,2045.0,575,209.06,1971,2091,10,10,2026-09-19 22:18:21.483951+00:00
US-1216450,Davenport,Florida,FL,,,2025,18110,345779.41,8.57,87.01,-5.35,-3.2,6.19,308,17.01,-47.88,1442.0,-20.02,222.83,-2.52,5.7,98.62,12,70.53,17.49,37.85,43.8,49.72,36.46,43.4,43.34,2093,1564,2465,2059,2045.25,901,320.26,2093,2092,95,93,2026-09-19 22:18:21.483951+00:00
US-4117700,Dallas,Oregon,OR,,,2025,17890,476810.21,0.32,5.22,1.52,1.83,5.86,46,2.57,-55.77,818.0,-24.68,105.83,-0.78,4.78,99.15,12,55.73,23.72,61.89,46.07,47.05,39.05,41.94,43.53,1888,1787,2339,2170,2046.0,552,219.81,1888,2093,22,32,2026-09-19 22:18:21.483951+00:00
US-3240000,Las Vegas,Nevada,NV,,,2025,679817,428242.4,0.69,4.96,-2.07,0.81,6.72,2329,3.43,-35.13,26099.0,-7.06,3037.75,42.8,4.26,98.01,12,66.01,26.25,28.74,42.78,48.49,38.55,44.39,43.55,2162,1676,2364,1991,2048.25,688,252.23,2162,2094,5,5,2026-09-19 22:18:21.483951+00:00
US-1232000,Hollywood,Florida,FL,,,2025,157019,446322.42,-0.23,2.75,-5.71,0.35,7.12,22,0.14,-18.52,4659.0,-9.9,1496.25,20.4,11.79,94.8,12,65.52,8.78,70.83,46.99,49.3,35.11,40.52,42.98,1802,1608,2528,2257,2048.75,920,363.39,1802,2095,74,94,2026-09-19 22:18:21.483951+00:00
US-1770850,South Holland,Illinois,IL,,,2025,20749,230396.36,-0.2,-2.98,0.62,2.28,6.39,0,0.0,,847.0,2.42,137.08,38.82,5.91,99.72,12,31.38,46.89,66.8,45.66,41.35,45.22,41.9,43.53,1925,2189,1913,2173,2050.0,276,131.19,1925,2096,185,181,2026-09-19 22:18:21.483951+00:00
US-0404720,Avondale,Arizona,AZ,,,2025,100983,398292.73,4.49,12.78,-3.9,-2.12,6.0,950,9.41,-38.91,2668.0,-13.35,309.75,15.72,4.3,98.75,12,65.16,26.66,29.7,42.82,48.29,38.67,44.29,43.52,2159,1691,2356,2001,2051.75,665,243.3,2159,2097,29,29,2026-09-19 22:18:21.483951+00:00
US-0600562,Alameda,California,CA,,,2025,76876,1124335.7,-0.45,-1.59,-3.73,-1.18,1.94,31,0.4,-64.77,1518.0,0.26,90.0,43.81,2.14,108.63,12,11.15,71.78,52.78,42.78,35.58,50.74,42.6,42.93,2161,2501,1438,2115,2053.75,1063,385.5,2161,2098,227,223,2026-09-19 22:18:21.483951+00:00
US-1868832,Seymour,Indiana,IN,,,2025,22450,231178.63,-0.33,1.79,3.32,4.61,6.66,56,2.49,9.8,530.0,-12.69,38.75,29.53,2.74,97.87,12,56.13,32.18,39.88,43.69,46.51,40.52,43.73,43.61,2103,1838,2244,2032,2054.25,406,146.32,2103,2099,71,72,2026-09-19 22:18:21.483951+00:00
US-0686328,Woodland,California,CA,,,2025,62513,555097.65,0.39,2.49,-1.54,0.13,3.69,87,1.39,-36.03,1229.0,-0.57,82.25,43.25,2.42,98.72,12,34.08,53.95,41.61,42.92,41.17,46.14,43.77,43.5,2154,2199,1837,2030,2055.0,362,140.26,2154,2100,226,224,2026-09-19 22:18:21.483951+00:00
US-1667420,Rexburg,Idaho,ID,,,2025,40334,421184.35,0.01,1.33,5.83,1.04,7.51,667,16.54,373.05,551.0,-0.72,65.5,5.79,4.42,95.55,12,63.72,26.69,33.08,43.1,48.01,38.76,43.99,43.46,2144,1710,2352,2019,2056.25,642,232.62,2144,2101,26,26,2026-09-19 22:18:21.483951+00:00
US-0656938,Piedmont,California,CA,,,2025,10642,2308424.04,-0.58,-5.34,0.03,-1.1,2.66,4,0.38,-20.0,295.0,-5.75,8.42,-13.68,1.17,116.09,12,0.24,67.94,88.48,46.0,33.79,50.71,39.53,42.51,1897,2567,1441,2327,2058.0,1126,429.55,1897,2102,181,225,2026-09-19 22:18:21.483951+00:00
US-4205888,Berwick,Pennsylvania,PA,,,2025,10297,206104.72,0.04,-0.23,0.26,1.25,3.12,14,1.36,,316.0,15.33,25.25,11.4,3.05,97.5,12,20.4,59.19,62.18,44.42,38.3,48.0,42.03,43.19,2021,2365,1688,2160,2058.5,677,246.44,2021,2103,40,41,2026-09-19 22:18:21.483951+00:00
US-2856800,Petal,Mississippi,MS,,,2025,11694,220619.77,0.87,5.67,1.13,2.64,4.59,37,3.16,-19.57,469.0,-1.88,40.25,-9.21,3.29,96.61,12,45.85,33.73,62.06,45.66,44.65,41.61,42.02,43.48,1926,1981,2166,2163,2059.0,240,107.28,1926,2104,11,11,2026-09-19 22:18:21.483951+00:00
US-1975630,Storm Lake,Iowa,IA,,,2025,11590,179076.53,0.36,2.91,2.12,2.85,5.68,2,0.17,-98.69,268.0,-4.63,23.08,25.34,3.16,96.06,12,48.11,29.4,66.62,46.19,45.27,40.6,41.54,43.4,1880,1934,2235,2190,2059.75,355,154.76,1880,2105,24,25,2026-09-19 22:18:21.483951+00:00
US-1211050,Casselberry,Florida,FL,,,2025,31872,346260.32,1.27,9.62,-5.7,-0.53,6.24,322,10.1,19.26,941.0,-8.73,86.25,16.95,3.47,97.3,12,65.8,26.46,27.79,42.53,48.3,38.46,44.3,43.4,2185,1690,2367,2000,2060.5,677,250.19,2185,2106,103,95,2026-09-19 22:18:21.483951+00:00
US-3231900,Henderson,Nevada,NV,,,2025,353289,488793.33,1.55,10.93,-1.64,0.84,6.14,3590,10.16,9.25,17762.0,-3.22,2033.33,37.73,4.19,98.04,12,65.78,31.95,14.41,41.1,47.93,39.47,45.42,43.48,2303,1717,2319,1904,2060.75,602,258.9,2303,2107,6,6,2026-09-19 22:18:21.483951+00:00
US-4666700,Vermillion,South Dakota,SD,,,2025,11720,273667.75,-1.04,-0.03,4.46,5.62,7.58,11,0.94,-42.11,289.0,-3.99,29.67,21.5,4.38,95.99,12,57.83,22.57,57.82,45.49,47.25,38.44,41.96,43.28,1935,1772,2370,2169,2061.5,598,227.23,1935,2108,9,11,2026-09-19 22:18:21.483951+00:00
US-2745628,New Hope,Minnesota,MN,,,2025,20807,349231.09,-0.05,-5.02,3.38,1.55,3.85,7,0.34,75.0,683.0,3.64,36.17,58.39,1.94,100.93,12,5.46,77.19,51.1,41.98,33.82,51.76,42.3,42.46,2227,2564,1332,2139,2065.5,1232,452.22,2227,2109,82,81,2026-09-19 22:18:21.483951+00:00
US-0462140,Sahuarita,Arizona,AZ,,,2025,37694,353488.51,1.32,9.73,-3.0,-1.23,5.43,362,9.6,16.03,2416.0,0.25,349.83,18.92,5.35,98.61,12,56.75,36.35,26.87,42.14,46.15,41.05,44.58,43.48,2214,1869,2209,1979,2067.75,345,148.93,2214,2110,31,30,2026-09-19 22:18:21.483951+00:00
US-2655020,Monroe,Michigan,MI,,,2025,20076,217604.88,-0.38,-1.82,6.33,5.48,5.64,13,0.65,30.0,864.0,-3.79,54.67,24.01,2.31,99.18,12,26.87,53.21,60.0,44.37,39.74,46.32,42.03,43.12,2029,2277,1815,2158,2069.75,462,171.24,2029,2111,67,66,2026-09-19 22:18:21.483951+00:00
US-0827810,Fort Morgan,Colorado,CO,,,2025,11841,327543.35,0.13,2.52,-1.03,0.12,4.42,17,1.44,-89.76,417.0,6.92,52.42,14.78,4.73,97.72,12,37.3,43.59,58.49,44.8,42.36,43.94,42.25,43.34,1987,2132,2018,2145,2070.5,158,69.03,1987,2112,22,29,2026-09-19 22:18:21.483951+00:00
US-0658296,Port Hueneme,California,CA,,,2025,20987,618236.07,-0.89,-4.34,-0.96,2.17,5.82,0,0.0,-100.0,598.0,5.84,55.92,26.6,3.52,98.89,12,18.98,55.83,73.15,45.42,38.16,47.38,40.98,42.99,1941,2368,1742,2232,2070.75,626,244.58,1941,2113,188,226,2026-09-19 22:18:21.483951+00:00
US-1214400,Coral Springs,Florida,FL,,,2025,138783,525417.21,-0.17,3.45,-5.2,0.56,7.12,2,0.01,-85.71,1899.0,-12.29,461.58,41.19,8.93,96.46,12,67.25,9.9,62.31,45.94,49.3,34.97,40.95,42.79,1905,1607,2535,2237,2071.0,928,348.46,1905,2114,80,96,2026-09-19 22:18:21.483951+00:00
US-3757500,Rocky Mount,North Carolina,NC,,,2025,55120,187567.85,-0.15,0.42,-1.45,2.45,8.46,99,1.8,-1.0,1628.0,-4.4,200.67,25.03,4.57,94.47,12,65.47,18.06,47.57,44.4,48.56,36.71,42.35,43.0,2025,1669,2456,2137,2071.75,787,281.2,2025,2115,46,46,2026-09-19 22:18:21.483951+00:00
US-4859576,Princeton,Texas,TX,,,2025,43524,305340.85,18.09,148.69,-8.29,-5.83,3.75,1610,36.99,-29.32,3499.0,13.97,467.5,35.31,4.88,97.13,12,52.43,46.9,11.37,40.23,44.61,43.23,45.83,43.47,2358,1988,2072,1870,2072.0,488,180.04,2358,2116,131,96,2026-09-19 22:18:21.483951+00:00
US-3628640,Geneva,New York,NY,,,2025,12552,223640.71,0.78,-1.96,2.36,,,2,0.16,,357.0,9.51,22.33,15.02,2.29,97.85,12,9.59,63.84,74.77,44.87,35.64,49.21,40.52,42.56,1983,2493,1557,2258,2072.75,936,348.2,1983,2117,54,55,2026-09-19 22:18:21.483951+00:00
US-4745100,McMinnville,Tennessee,TN,,,2025,13943,254913.23,-0.54,0.99,0.64,3.98,8.08,61,4.37,41.86,574.0,-7.57,94.0,8.57,6.09,97.26,12,66.39,17.04,47.24,44.33,48.71,36.38,42.27,42.92,2032,1661,2469,2142,2076.0,808,288.52,2032,2118,51,53,2026-09-19 22:18:21.483951+00:00
US-0614274,Coalinga,California,CA,,,2025,17281,291008.79,2.28,-2.37,3.05,2.38,6.48,1,0.06,0.0,319.0,2.9,32.17,26.14,3.98,97.75,12,35.15,41.38,68.92,45.77,42.08,43.64,41.33,43.21,1914,2148,2043,2200,2076.25,286,109.42,1914,2119,185,227,2026-09-19 22:18:21.483951+00:00
US-1982425,Waterloo,Iowa,IA,,,2025,66919,149174.48,-0.13,-0.51,2.71,3.97,5.68,337,5.04,209.17,2632.0,3.13,151.33,23.87,2.12,97.82,12,33.13,57.69,32.37,41.54,40.38,46.52,44.11,43.14,2254,2241,1801,2011,2076.75,453,186.25,2254,2120,29,26,2026-09-19 22:18:21.483951+00:00
US-0644574,Lynwood,California,CA,,,2025,63512,680043.35,-0.08,-4.89,-0.98,2.57,5.24,62,0.98,-38.61,288.0,22.03,29.33,37.5,3.87,99.85,12,13.08,70.92,47.89,42.03,35.65,50.12,42.59,42.6,2219,2492,1489,2116,2079.0,1003,367.3,2219,2121,246,228,2026-09-19 22:18:21.483951+00:00
US-0651560,Norco,California,CA,,,2025,25081,903279.61,-0.36,-1.24,0.6,4.29,7.37,356,14.19,1269.23,567.0,-0.53,49.08,46.15,3.18,99.14,12,50.5,49.74,8.53,39.74,43.98,43.79,45.96,43.37,2394,2035,2029,1861,2079.75,533,194.41,2394,2122,271,229,2026-09-19 22:18:21.483951+00:00
US-0809280,Broomfield,Colorado,CO,,,2025,79174,631201.97,0.98,6.3,-1.66,-0.31,4.57,970,12.25,139.51,2983.0,-1.09,242.83,20.07,2.96,98.72,12,46.64,47.72,23.51,41.24,43.5,43.77,44.82,43.33,2291,2060,2034,1956,2085.25,335,124.8,2291,2123,32,30,2026-09-19 22:18:21.483951+00:00
US-4845384,McAllen,Texas,TX,,,2025,150640,228469.87,1.34,5.79,-0.77,1.79,6.83,1504,9.98,-12.66,2872.0,1.34,608.17,31.92,7.78,96.52,12,69.28,26.09,17.52,41.22,48.56,37.76,44.67,43.05,2293,1670,2409,1971,2085.75,739,288.73,2293,2124,118,97,2026-09-19 22:18:21.483951+00:00
US-2707948,Brooklyn Center,Minnesota,MN,,,2025,31846,299099.88,-0.09,-5.38,1.23,1.7,3.96,1,0.03,0.0,954.0,-10.76,39.83,-4.59,1.56,100.84,12,5.92,60.16,92.07,46.44,35.11,48.67,38.94,42.29,1852,2524,1611,2359,2086.5,913,369.71,1853,2125,74,82,2026-09-19 22:18:21.483951+00:00
US-2627880,Ferndale,Michigan,MI,,,2025,19212,256124.06,0.01,0.09,0.87,3.16,4.62,83,4.32,822.22,1297.0,1.41,77.75,33.48,2.19,99.39,12,27.35,64.3,29.23,40.75,38.72,47.96,44.17,42.9,2316,2335,1691,2008,2087.5,644,263.15,2316,2126,76,67,2026-09-19 22:18:21.483951+00:00
US-4880356,Wylie,Texas,TX,,,2025,63842,431672.47,1.48,10.27,-5.22,-2.18,6.0,269,4.21,-39.41,1980.0,-3.32,250.67,28.77,4.68,97.21,12,63.6,25.95,32.17,42.56,47.59,38.18,43.51,42.96,2180,1747,2381,2048,2089.0,634,230.32,2180,2127,102,98,2026-09-19 22:18:21.483951+00:00
US-1765078,Rock Island,Illinois,IL,,,2025,36225,129889.12,-0.05,-2.11,3.13,3.63,3.68,26,0.72,,1320.0,6.02,90.67,11.13,2.61,98.64,12,13.72,61.69,69.25,44.39,36.44,48.43,40.86,42.53,2026,2447,1642,2243,2089.5,805,298.18,2026,2128,189,182,2026-09-19 22:18:21.483951+00:00
US-4839148,Killeen,Texas,TX,,,2025,161883,221097.72,0.93,5.27,-1.97,-1.59,6.47,910,5.62,-19.75,5529.0,-8.52,774.08,13.75,5.13,98.28,12,63.51,23.41,38.53,43.23,47.73,37.71,42.97,42.91,2129,1733,2411,2089,2090.5,678,240.84,2129,2129,96,99,2026-09-19 22:18:21.483951+00:00
US-1743744,Lincolnwood,Illinois,IL,,,2025,13039,549143.62,-0.2,-2.79,5.44,5.36,6.39,3,0.23,,320.0,-6.71,29.0,-1.42,3.39,98.8,12,32.08,37.12,85.13,47.11,41.55,42.81,39.66,42.78,1788,2172,2096,2315,2092.75,527,192.72,1788,2130,174,183,2026-09-19 22:18:21.483951+00:00
US-4133700,Hermiston,Oregon,OR,,,2025,19906,339293.11,0.2,2.33,1.5,1.37,5.79,79,3.97,-7.06,549.0,-6.95,63.33,7.95,4.27,99.44,12,47.45,36.15,49.34,43.97,44.35,41.52,42.56,43.1,2072,2010,2171,2119,2093.0,161,59.35,2072,2131,28,33,2026-09-19 22:18:21.483951+00:00
US-3570500,Santa Fe,New Mexico,NM,,,2025,89837,577954.39,-0.47,2.39,-0.78,1.51,5.27,495,5.51,102.87,3791.0,13.4,464.33,23.19,4.48,97.27,12,42.32,48.64,31.41,41.81,42.58,44.16,44.08,43.16,2242,2120,2001,2014,2094.25,241,96.99,2242,2132,7,7,2026-09-19 22:18:21.483951+00:00
US-0685292,Whittier,California,CA,,,2025,85815,814286.05,-0.64,-3.27,-1.07,2.53,5.26,30,0.35,-64.71,1363.0,-0.07,105.92,23.76,2.84,100.15,12,17.49,59.98,64.03,44.0,37.22,47.84,41.26,42.58,2064,2408,1702,2209,2095.75,706,258.06,2064,2133,211,230,2026-09-19 22:18:21.483951+00:00
US-0659444,Rancho Cordova,California,CA,,,2025,87554,536169.66,3.08,9.95,-3.08,-0.69,3.79,764,8.73,-41.77,2389.0,-1.12,230.42,43.79,3.52,99.62,12,47.54,49.93,14.13,40.02,43.25,43.84,45.28,43.1,2376,2077,2023,1916,2098.0,460,170.64,2376,2134,269,231,2026-09-19 22:18:21.483951+00:00
US-1216525,Daytona Beach,Florida,FL,,,2025,88471,253834.42,2.8,22.4,-8.77,-4.43,5.11,953,10.77,-36.72,4516.0,2.99,861.17,-1.21,7.0,95.38,12,59.26,26.9,40.86,43.33,46.79,38.7,42.86,42.92,2127,1809,2354,2102,2098.0,545,193.59,2127,2135,101,97,2026-09-19 22:18:21.483951+00:00
US-5355995,Poulsbo,Washington,WA,,,2025,12749,667899.61,1.84,6.61,1.01,1.41,4.84,161,12.63,54.81,719.0,-4.52,55.0,80.82,2.96,99.99,12,48.66,51.43,7.18,39.26,43.27,43.96,45.76,43.06,2420,2076,2014,1883,2098.25,537,198.4,2420,2136,86,84,2026-09-19 22:18:21.483951+00:00
US-1347140,Locust Grove,Georgia,GA,,,2025,14610,324272.39,4.16,26.69,-3.6,-1.72,6.54,222,15.2,3.26,882.0,-9.63,149.08,22.45,6.44,97.85,12,75.46,17.48,20.0,41.3,49.74,35.25,43.82,42.53,2286,1560,2522,2027,2098.75,962,356.93,2286,2137,64,60,2026-09-19 22:18:21.483951+00:00
US-0670882,Selma,California,CA,,,2025,24702,358358.61,-0.33,-0.26,1.77,3.49,6.79,2,0.08,-95.0,261.0,-15.26,20.92,76.76,2.91,98.32,12,47.9,32.33,56.77,44.67,44.56,40.67,41.78,42.92,1999,1993,2230,2176,2099.5,237,105.27,1999,2138,202,232,2026-09-19 22:18:21.483951+00:00
US-1963525,Pleasant Hill,Iowa,IA,,,2025,11239,304431.44,1.42,10.73,0.6,2.09,5.04,34,3.03,-74.44,481.0,-7.32,49.25,16.34,4.06,98.48,12,54.3,29.92,46.38,43.79,45.8,39.71,42.54,42.96,2094,1891,2303,2121,2102.25,412,146.07,2094,2139,26,27,2026-09-19 22:18:21.483951+00:00
US-4869908,Stafford,Texas,TX,,,2025,18043,300032.59,5.15,3.82,-1.42,-0.07,5.61,432,23.94,-10.74,306.0,35.4,40.0,41.59,4.95,97.09,12,49.6,49.78,8.57,39.41,43.5,43.54,45.58,43.01,2410,2058,2047,1899,2103.5,511,187.77,2410,2140,142,100,2026-09-19 22:18:21.483951+00:00
US-2033625,Hutchinson,Kansas,KS,,,2025,39595,147204.7,0.16,-1.0,5.51,5.35,7.53,13,0.33,30.0,216.0,-74.77,68.83,6.99,12.91,98.93,12,52.93,17.8,78.08,46.92,46.16,37.38,39.64,42.53,1809,1867,2423,2317,2104.0,614,269.41,1809,2141,25,26,2026-09-19 22:18:21.483951+00:00
US-4500550,Aiken,South Carolina,SC,,,2025,33808,274442.55,3.88,5.06,1.41,1.62,5.37,134,3.96,-84.91,1897.0,2.1,238.33,16.12,4.6,97.47,12,50.03,35.88,42.3,43.15,44.63,41.09,42.89,42.94,2138,1984,2203,2097,2105.5,219,79.68,2138,2142,34,35,2026-09-19 22:18:21.483951+00:00
US-1269700,Sunrise,Florida,FL,,,2025,98846,368118.13,-0.21,1.69,-5.89,0.36,7.12,4,0.04,,2243.0,-5.72,629.08,36.07,10.32,96.0,12,61.36,14.35,64.07,45.58,47.66,35.91,40.48,42.41,1930,1740,2492,2260,2105.5,752,290.54,1930,2143,85,98,2026-09-19 22:18:21.483951+00:00
US-3663000,Rochester,New York,NY,,,2025,206108,239456.98,0.01,-2.22,2.39,,,104,0.5,-78.64,5909.0,-8.56,255.5,6.72,1.57,111.72,12,8.47,63.5,75.68,44.53,35.06,48.82,39.96,42.09,2011,2526,1595,2292,2106.0,931,346.82,2011,2144,55,56,2026-09-19 22:18:21.483951+00:00
US-4019900,Del City,Oklahoma,OK,,,2025,21138,142139.29,-0.85,-3.04,0.51,1.84,7.46,8,0.38,-42.86,857.0,-4.14,67.08,45.83,2.88,97.71,12,43.96,37.94,52.52,43.99,43.44,41.93,42.11,42.87,2065,2062,2147,2152,2106.5,90,43.05,2066,2145,32,31,2026-09-19 22:18:21.483951+00:00
US-0178552,Vestavia Hills,Alabama,AL,,,2025,38306,552101.28,-0.04,-2.31,2.9,3.18,5.47,79,2.06,-22.55,1871.0,-4.0,143.0,1.72,2.86,100.22,12,22.94,54.29,63.91,44.15,38.49,46.33,41.14,42.53,2045,2349,1814,2220,2107.0,535,200.64,2045,2146,32,34,2026-09-19 22:18:21.483951+00:00
US-1215475,Crestview,Florida,FL,,,2025,31193,287567.13,1.85,13.36,-2.61,-1.34,5.48,139,4.46,-55.16,1554.0,-10.23,239.42,-3.53,5.74,98.21,12,59.67,20.11,54.61,44.56,47.04,37.15,41.36,42.53,2010,1788,2433,2198,2107.25,645,237.55,2010,2147,89,99,2026-09-19 22:18:21.483951+00:00
US-2707966,Brooklyn Park,Minnesota,MN,,,2025,83543,349531.54,0.5,-3.09,1.06,1.2,3.65,283,3.39,59.89,2600.0,1.8,127.75,13.98,1.77,100.47,12,9.54,73.99,46.56,41.35,34.42,50.54,42.24,42.14,2280,2550,1457,2146,2108.25,1093,403.17,2280,2148,87,83,2026-09-19 22:18:21.483951+00:00
US-4827000,Fort Worth,Texas,TX,,,2025,1028117,299757.05,1.93,11.31,-3.4,-2.47,5.21,9437,9.18,-28.22,32046.0,-2.13,3641.5,13.64,4.16,98.01,12,56.2,33.61,31.73,42.18,45.75,40.1,43.59,42.9,2212,1898,2284,2043,2109.25,386,150.09,2212,2149,105,101,2026-09-19 22:18:21.483951+00:00
US-0617918,Daly City,California,CA,,,2025,101261,1089767.34,0.17,-3.38,-2.97,-0.55,0.96,244,2.41,6000.0,1228.0,3.02,56.58,21.68,1.77,106.38,12,4.17,78.99,45.69,40.73,32.84,51.55,41.99,41.78,2317,2608,1355,2166,2111.5,1253,464.76,2317,2150,260,233,2026-09-19 22:18:21.483951+00:00
US-2670520,Saginaw,Michigan,MI,,,2025,42863,131919.71,-0.35,-2.83,6.7,6.72,8.3,0,0.0,,1528.0,-3.47,143.58,49.44,3.42,94.19,12,50.88,26.06,63.39,45.32,45.31,39.11,40.96,42.67,1949,1932,2332,2235,2112.0,400,175.0,1949,2151,65,68,2026-09-19 22:18:21.483951+00:00
US-0133448,Hartselle,Alabama,AL,,,2025,16312,245624.31,0.49,4.67,0.63,2.78,5.79,42,2.57,-30.0,734.0,-2.39,77.5,25.51,4.03,97.63,12,53.8,31.89,42.0,43.18,45.46,39.98,42.76,42.85,2134,1921,2291,2105,2112.75,370,131.39,2134,2152,35,35,2026-09-19 22:18:21.483951+00:00
US-1701114,Alton,Illinois,IL,,,2025,25013,104296.2,-0.14,-2.45,-0.44,3.07,3.41,1,0.04,-97.5,1105.0,12.99,78.17,29.56,2.63,97.89,12,11.55,63.77,67.51,43.82,35.61,48.67,40.65,42.19,2091,2498,1614,2249,2113.0,884,322.57,2091,2153,194,184,2026-09-19 22:18:21.483951+00:00
US-0618100,Davis,California,CA,,,2025,66110,847931.37,-0.37,-1.18,-1.23,0.46,3.43,68,1.03,-38.74,1164.0,14.45,80.17,55.92,2.53,98.42,12,16.64,68.52,42.38,41.23,36.07,49.03,42.56,42.22,2292,2471,1573,2118,2113.5,898,336.09,2292,2154,258,234,2026-09-19 22:18:21.483951+00:00
US-4826604,Forney,Texas,TX,,,2025,41658,315111.21,8.48,75.71,-4.96,-5.22,3.63,273,6.55,-58.82,1285.0,3.63,210.33,10.65,6.03,97.51,12,52.0,34.75,39.13,42.74,44.89,40.58,42.95,42.79,2167,1960,2240,2094,2115.25,280,103.43,2167,2155,101,102,2026-09-19 22:18:21.483951+00:00
US-0683332,Walnut,California,CA,,,2025,27316,1169096.09,0.02,-3.64,-0.28,3.47,6.33,85,3.11,-53.04,495.0,3.99,53.58,24.37,4.0,100.12,12,28.28,58.2,40.03,41.69,39.02,46.5,42.92,42.53,2248,2316,1803,2096,2115.75,513,197.35,2248,2156,251,235,2026-09-19 22:18:21.483951+00:00
US-2688380,Woodhaven,Michigan,MI,,,2025,12503,266347.27,-0.25,-3.02,5.08,4.91,5.93,30,2.4,1400.0,331.0,-9.81,12.5,25.0,1.34,100.07,12,25.44,59.62,43.48,41.91,38.4,46.94,42.62,42.47,2234,2359,1771,2113,2119.25,588,219.07,2234,2157,74,69,2026-09-19 22:18:21.483951+00:00
US-1749867,Moline,Illinois,IL,,,2025,42362,149484.6,0.31,-1.17,5.29,2.55,3.7,83,1.96,16.9,1567.0,-3.21,82.0,3.47,1.93,99.41,12,17.56,59.38,63.53,43.69,37.0,47.45,40.97,42.28,2102,2419,1730,2233,2121.0,689,252.28,2102,2158,195,185,2026-09-19 22:18:21.483951+00:00
US-0610928,Canyon Lake,California,CA,,,2025,11113,693033.61,-0.34,0.28,-1.25,1.4,6.33,4,0.36,0.0,574.0,4.36,82.08,43.17,5.3,97.27,12,44.46,36.39,53.76,43.96,43.43,41.42,41.76,42.64,2073,2063,2180,2180,2124.0,117,56.11,2073,2159,214,236,2026-09-19 22:18:21.483951+00:00
US-4863572,Rowlett,Texas,TX,,,2025,67890,372176.41,-0.41,8.18,-4.82,-1.85,5.88,1018,14.99,556.77,2417.0,3.64,345.75,34.23,5.3,97.6,12,60.15,36.53,12.72,40.03,45.95,40.04,44.78,42.7,2375,1878,2288,1960,2125.25,497,210.54,2375,2160,134,103,2026-09-19 22:18:21.483951+00:00
US-4872392,Texas City,Texas,TX,,,2025,59733,227969.73,3.18,14.32,-4.0,-1.83,3.18,640,10.71,-34.29,3023.0,11.02,422.17,9.35,5.18,95.78,12,48.47,40.17,33.87,41.91,43.79,41.71,43.27,42.67,2233,2044,2164,2065,2126.5,189,76.38,2233,2161,109,104,2026-09-19 22:18:21.483951+00:00
US-0662364,Rocklin,California,CA,,,2025,76821,689039.04,1.84,7.02,-2.08,-0.52,3.79,301,3.92,19.44,1991.0,-8.75,150.75,21.49,2.74,99.1,12,44.41,42.65,38.19,42.24,42.95,42.51,42.99,42.67,2206,2100,2118,2084,2127.0,122,47.17,2206,2162,241,237,2026-09-19 22:18:21.483951+00:00
US-3462940,Ridgefield Park,New Jersey,NJ,,,2025,13372,587536.1,0.0,1.0,0.3,5.78,6.09,80,5.98,9.59,244.0,-13.78,27.83,9.51,4.15,103.75,12,44.94,40.69,41.56,42.61,43.16,42.1,42.69,42.64,2176,2085,2140,2110,2127.75,91,33.99,2176,2163,110,108,2026-09-19 22:18:21.483951+00:00
US-0652582,Novato,California,CA,,,2025,51947,1049125.97,-0.45,-2.25,-2.18,0.47,3.81,2,0.04,-83.33,1351.0,-4.59,87.58,13.25,2.4,99.94,12,13.55,56.45,79.61,45.08,36.33,47.05,39.46,41.98,1963,2458,1765,2332,2129.5,693,278.16,1963,2164,195,238,2026-09-19 22:18:21.483951+00:00
US-2633340,Grand Haven,Michigan,MI,,,2025,11038,392249.16,0.06,0.29,3.52,2.6,6.6,25,2.26,0.0,537.0,-4.96,42.08,35.39,2.96,98.19,12,48.3,38.53,38.15,42.34,43.84,41.4,42.89,42.62,2198,2041,2182,2098,2129.75,157,63.78,2198,2165,71,70,2026-09-19 22:18:21.483951+00:00
US-2636280,Hamtramck,Michigan,MI,,,2025,27261,170554.43,-0.27,-3.78,1.9,5.82,7.12,4,0.15,-42.86,399.0,-6.12,31.83,-7.73,2.95,94.8,12,38.21,27.59,89.79,47.39,42.76,40.11,38.59,42.21,1758,2110,2283,2368,2129.75,610,233.9,1758,2166,59,71,2026-09-19 22:18:21.483951+00:00
US-4819972,Denton,Texas,TX,,,2025,169431,356457.39,1.92,20.04,-4.48,-2.24,5.31,3438,20.29,73.99,4710.0,2.77,613.83,43.42,4.77,97.83,12,60.41,37.9,7.95,39.42,45.79,40.16,45.03,42.6,2409,1893,2278,1942,2130.5,516,218.66,2409,2167,141,105,2026-09-19 22:18:21.483951+00:00
US-0673262,South San Francisco,California,CA,,,2025,64941,1199130.46,0.71,-1.47,-0.34,0.77,2.37,585,9.01,926.32,911.0,-0.44,40.0,4.58,1.67,105.61,12,11.72,73.71,39.46,40.35,34.48,49.97,42.39,41.8,2346,2546,1501,2131,2131.0,1045,392.22,2346,2168,264,239,2026-09-19 22:18:21.483951+00:00
US-4830464,Grand Prairie,Texas,TX,,,2025,209434,317662.73,0.92,6.75,-3.59,-1.26,5.62,664,3.17,-58.03,3605.0,-9.08,381.58,12.37,3.87,97.92,12,55.71,26.06,49.15,43.69,45.83,38.42,41.71,42.41,2101,1886,2372,2183,2135.5,486,174.38,2101,2169,92,106,2026-09-19 22:18:21.483951+00:00
US-3981718,Washington Court House,Ohio,OH,,,2025,14375,228788.66,-0.2,-0.44,1.89,4.94,7.29,47,3.27,-4.08,542.0,-2.34,51.67,44.86,3.46,97.97,12,53.06,37.13,28.63,41.38,44.62,40.64,43.45,42.52,2275,1986,2232,2053,2136.5,289,120.34,2275,2170,137,134,2026-09-19 22:18:21.483951+00:00
US-5380010,Yakima,Washington,WA,,,2025,97458,361688.11,-0.04,0.44,1.76,2.21,4.65,341,3.5,154.48,2418.0,3.25,185.08,31.19,2.82,99.14,12,29.09,59.18,33.47,40.72,38.77,46.3,43.07,42.21,2319,2331,1820,2079,2137.25,511,208.93,2319,2171,84,85,2026-09-19 22:18:21.483951+00:00
US-0639892,Lakewood,California,CA,,,2025,78010,866250.0,-0.61,-5.12,-0.89,2.64,5.24,65,0.83,-1.52,1451.0,-5.72,75.17,12.89,1.91,100.61,12,13.03,62.25,65.89,43.47,35.72,48.03,40.46,41.92,2117,2489,1684,2261,2137.75,805,293.64,2117,2172,217,240,2026-09-19 22:18:21.483951+00:00
US-0505290,Benton,Arkansas,AR,,,2025,38898,238592.63,1.6,10.71,1.29,1.52,5.26,242,6.22,-0.82,1699.0,-10.86,165.0,5.32,3.58,98.01,12,56.27,27.31,44.32,43.15,45.79,38.55,42.04,42.38,2137,1895,2365,2156,2138.25,470,166.51,2137,2173,21,21,2026-09-19 22:18:21.483951+00:00
US-4253736,New Kensington,Pennsylvania,PA,,,2025,11759,181494.94,-0.61,-3.05,1.51,4.37,5.04,0,0.0,-100.0,444.0,15.63,48.17,2.3,4.13,96.19,12,16.51,47.95,92.26,46.45,37.3,45.16,38.23,41.79,1851,2402,1921,2384,2139.5,551,254.78,1851,2174,38,42,2026-09-19 22:18:21.483951+00:00
US-2755186,Rogers,Minnesota,MN,,,2025,15606,465050.88,7.48,17.15,0.76,0.62,4.24,250,16.02,-38.88,1210.0,-6.85,107.5,4.2,3.47,98.59,12,52.98,34.86,34.4,41.99,44.76,40.23,42.97,42.48,2225,1972,2272,2090,2139.75,300,117.66,2225,2175,81,84,2026-09-19 22:18:21.483951+00:00
US-4936070,Holladay,Utah,UT,,,2025,31162,825047.49,0.04,-2.22,4.06,2.04,6.39,24,0.77,-14.29,1147.0,-3.13,99.75,12.92,3.19,98.38,12,34.44,40.62,66.86,44.71,41.16,42.7,40.46,42.26,1996,2200,2105,2262,2140.75,266,100.55,1996,2176,53,59,2026-09-19 22:18:21.483951+00:00
US-4863668,Royse City,Texas,TX,,,2025,28307,320160.38,7.23,105.42,-4.33,-4.38,4.15,498,17.59,-28.14,1046.0,11.99,190.33,28.24,6.72,96.94,12,54.13,41.24,15.28,39.91,44.44,41.21,44.44,42.5,2382,2005,2194,1985,2141.5,397,161.03,2382,2177,135,107,2026-09-19 22:18:21.483951+00:00
US-2831020,Hattiesburg,Mississippi,MS,,,2025,48802,217764.37,0.07,0.13,2.33,2.9,4.77,38,0.78,-2.56,992.0,9.13,99.08,18.54,3.74,97.1,12,28.45,48.54,62.31,43.95,39.56,44.58,40.88,42.24,2078,2287,1964,2242,2142.75,323,129.23,2078,2178,13,12,2026-09-19 22:18:21.483951+00:00
US-3921000,Dayton,Ohio,OH,,,2025,136688,139608.43,0.34,-0.52,2.05,3.09,6.91,174,1.27,-33.08,5005.0,-4.05,453.0,19.0,3.31,96.66,12,48.42,30.45,56.7,44.2,44.27,39.78,41.16,42.35,2042,2015,2297,2218,2143.0,282,118.24,2042,2179,134,135,2026-09-19 22:18:21.483951+00:00
US-4867496,Sherman,Texas,TX,,,2025,52417,264609.73,4.11,19.17,-5.7,-1.19,5.47,1034,19.73,-18.71,2111.0,5.08,397.08,29.06,6.96,96.92,12,61.46,33.62,14.75,40.04,46.1,39.14,44.26,42.39,2373,1871,2331,2004,2144.75,502,213.04,2373,2180,133,108,2026-09-19 22:18:21.483951+00:00
US-4847496,Melissa,Texas,TX,,,2025,29969,441184.96,14.48,109.0,-5.81,-3.42,6.33,553,18.45,-57.3,1148.0,-24.02,165.92,4.57,5.27,97.74,12,72.44,13.41,33.73,42.1,48.93,34.17,42.01,41.8,2216,1639,2569,2164,2147.0,930,332.11,2216,2181,106,109,2026-09-19 22:18:21.483951+00:00
US-3766700,Tarboro,North Carolina,NC,,,2025,10979,156806.23,0.15,2.73,-3.17,2.73,7.76,27,2.46,-6.9,253.0,-25.15,29.67,18.67,4.63,95.07,12,71.64,8.43,47.83,43.56,49.1,33.3,40.81,41.69,2114,1628,2600,2246,2147.0,972,348.37,2114,2182,47,47,2026-09-19 22:18:21.483951+00:00
US-1919000,Davenport,Iowa,IA,,,2025,100358,191103.27,-0.11,-1.27,1.76,2.37,3.9,107,1.07,-65.59,4012.0,2.92,246.08,18.79,2.3,98.61,12,17.87,60.01,58.8,42.85,36.65,47.19,40.92,41.9,2158,2438,1757,2239,2148.0,681,247.67,2158,2183,27,28,2026-09-19 22:18:21.483951+00:00
US-0660620,Richmond,California,CA,,,2025,114861,604550.77,-0.19,-1.07,-6.09,-3.12,0.36,61,0.53,-62.58,2199.0,3.92,192.0,44.63,3.24,101.81,12,13.49,67.15,50.73,41.58,35.17,48.59,41.36,41.68,2251,2521,1621,2199,2148.0,900,327.9,2251,2184,252,241,2026-09-19 22:18:21.483951+00:00
US-0647486,Millbrae,California,CA,,,2025,22869,1971043.57,-0.21,-1.16,3.15,3.27,4.06,150,6.56,-41.18,449.0,-1.97,16.83,37.41,1.36,106.23,12,19.14,73.25,20.43,38.4,35.56,49.09,43.62,41.67,2481,2504,1566,2041,2148.0,938,383.34,2481,2185,289,242,2026-09-19 22:18:21.483951+00:00
US-0620956,East Palo Alto,California,CA,,,2025,28872,1020239.7,-0.35,-3.63,-3.19,-1.47,-0.92,5,0.17,,306.0,0.0,20.42,10.86,2.55,101.12,12,3.65,65.66,78.04,43.95,33.41,48.91,38.99,41.32,2076,2580,1583,2355,2148.5,997,372.12,2076,2186,215,243,2026-09-19 22:18:21.483951+00:00
US-4866392,Seabrook,Texas,TX,,,2025,13974,347356.1,0.33,2.87,-1.46,-0.74,4.25,30,2.15,-51.61,627.0,25.65,98.42,26.45,5.88,96.78,12,37.66,46.46,43.86,42.29,41.23,43.43,42.24,42.3,2202,2195,2055,2147,2149.75,147,58.66,2202,2187,103,110,2026-09-19 22:18:21.483951+00:00
US-4811368,Burkburnett,Texas,TX,,,2025,11057,186431.6,0.05,0.81,-0.29,2.51,6.8,6,0.54,-57.14,415.0,-4.16,57.42,15.41,5.31,96.44,12,53.43,19.96,67.75,45.29,45.53,37.17,39.8,41.95,1952,1916,2431,2305,2151.0,515,221.89,1952,2188,78,111,2026-09-19 22:18:21.483951+00:00
US-0630000,Glendale,California,CA,,,2025,187160,1184334.44,-0.42,-4.48,-1.72,2.14,5.38,247,1.32,-8.86,2389.0,1.14,196.83,18.04,3.07,101.93,12,14.1,64.21,57.03,42.37,35.57,48.1,40.94,41.74,2195,2503,1676,2238,2153.0,827,299.59,2195,2189,238,244,2026-09-19 22:18:21.483951+00:00
US-3722920,Fayetteville,North Carolina,NC,,,2025,209120,225135.78,0.03,-0.81,0.0,3.67,8.8,1047,5.01,99.43,7970.0,-13.4,704.42,30.37,3.24,97.92,12,61.39,27.82,28.28,41.37,46.36,37.96,42.98,42.16,2276,1852,2398,2088,2153.5,546,206.14,2276,2190,48,48,2026-09-19 22:18:21.483951+00:00
US-3432250,Hoboken,New Jersey,NJ,,,2025,59027,845684.02,0.49,-1.49,-1.96,0.46,0.56,63,1.07,6.78,1734.0,-3.61,100.0,9.79,2.18,100.61,12,11.64,62.87,66.23,43.22,35.19,48.0,40.15,41.64,2131,2520,1687,2280,2154.5,833,303.5,2131,2191,109,109,2026-09-19 22:18:21.483951+00:00
US-1757875,Park Ridge,Illinois,IL,,,2025,38463,564213.05,-0.1,-2.65,6.3,5.43,5.86,14,0.36,-12.5,1340.0,-7.46,101.42,-4.17,2.82,98.87,12,26.09,41.48,84.12,45.99,39.41,43.26,38.82,41.87,1898,2294,2070,2361,2155.75,463,183.73,1898,2192,181,186,2026-09-19 22:18:21.483951+00:00
US-4827348,Fredericksburg,Texas,TX,,,2025,11893,528381.29,1.55,7.86,-2.95,-2.21,4.92,51,4.29,-1.92,865.0,3.1,182.08,4.5,7.84,96.86,12,50.59,30.3,50.77,43.53,44.53,39.46,41.48,42.25,2115,1998,2320,2194,2156.75,322,117.24,2115,2193,94,112,2026-09-19 22:18:21.483951+00:00
US-0622412,El Segundo,California,CA,,,2025,16379,1709882.49,-0.8,-4.85,1.56,1.56,5.03,34,2.08,-17.07,332.0,17.31,29.92,18.09,3.37,99.33,12,11.22,68.93,50.93,41.35,34.49,48.92,41.16,41.48,2282,2544,1582,2219,2156.75,962,353.5,2282,2194,256,245,2026-09-19 22:18:21.483951+00:00
US-0843000,Lakewood,Colorado,CO,,,2025,156927,569604.93,-0.3,0.42,-2.78,-0.44,3.94,54,0.34,-70.81,5750.0,-0.79,419.25,41.16,2.66,99.06,12,25.87,53.5,54.71,42.75,38.48,45.39,41.19,41.95,2166,2350,1905,2216,2159.25,445,161.47,2166,2195,29,31,2026-09-19 22:18:21.483951+00:00
US-0605290,Benicia,California,CA,,,2025,26401,775225.68,-0.46,-2.61,-0.49,0.92,3.85,7,0.27,-36.36,782.0,2.76,55.5,34.0,2.59,99.7,12,12.36,64.62,59.38,42.41,35.09,48.16,40.58,41.56,2191,2525,1668,2253,2159.25,857,310.2,2191,2196,235,246,2026-09-19 22:18:21.483951+00:00
US-1215968,Cutler Bay,Florida,FL,,,2025,44750,561516.72,-1.27,-1.01,-2.27,4.03,9.68,31,0.69,1450.0,1451.0,-6.75,242.92,36.92,6.17,97.31,12,61.12,17.99,51.96,43.73,46.81,36.03,40.8,41.84,2099,1807,2486,2247,2159.75,679,246.06,2099,2197,97,100,2026-09-19 22:18:21.483951+00:00
US-4804000,Arlington,Texas,TX,,,2025,402134,311237.6,-0.3,1.97,-3.88,-1.82,5.29,1576,3.92,-7.46,9572.0,2.18,948.17,16.7,3.63,97.99,12,40.95,43.49,41.93,42.08,41.86,42.49,42.19,42.15,2217,2159,2119,2149,2161.0,98,35.52,2217,2198,107,113,2026-09-19 22:18:21.483951+00:00
US-1369000,Savannah,Georgia,GA,,,2025,149440,329425.46,-0.43,1.3,-3.39,3.3,8.82,550,3.68,-5.01,6356.0,-13.45,891.08,37.73,5.15,97.38,12,71.43,15.79,29.44,41.46,48.44,34.53,42.19,41.66,2262,1682,2553,2148,2161.25,871,313.64,2262,2199,63,61,2026-09-19 22:18:21.483951+00:00
US-3853380,Minot,North Dakota,ND,,,2025,47308,275281.44,0.07,-2.23,2.9,5.1,5.58,98,2.07,6.52,2086.0,-3.69,135.33,-18.51,2.39,98.51,12,24.65,47.9,71.29,44.45,38.62,44.43,39.77,41.82,2018,2342,1978,2308,2161.5,364,164.55,2018,2200,6,6,2026-09-19 22:18:21.483951+00:00
US-0124184,Enterprise,Alabama,AL,,,2025,31211,208851.63,1.36,8.21,1.2,3.33,5.78,191,6.12,36.43,1563.0,-5.73,169.25,18.56,4.0,97.67,12,59.17,27.62,33.73,41.77,45.89,38.0,42.43,42.02,2244,1884,2394,2127,2162.25,510,186.45,2244,2201,37,36,2026-09-19 22:18:21.483951+00:00
US-2154642,Murray,Kentucky,KY,,,2025,18964,206522.46,2.34,6.73,-0.53,4.35,5.57,20,1.05,-75.31,530.0,-9.86,50.75,17.57,3.56,95.96,12,55.04,21.17,59.75,44.36,45.59,37.12,40.27,41.84,2030,1912,2437,2273,2163.0,525,204.86,2030,2202,17,19,2026-09-19 22:18:21.483951+00:00
US-3988084,Zanesville,Ohio,OH,,,2025,25138,201887.08,1.12,1.41,0.75,5.36,7.53,193,7.68,175.71,809.0,-10.11,71.5,18.51,3.33,96.26,12,64.22,23.17,30.66,41.46,46.87,36.61,42.39,41.83,2261,1805,2460,2131,2164.25,655,238.22,2261,2203,136,136,2026-09-19 22:18:21.483951+00:00
US-3436000,Jersey City,New Jersey,NJ,,,2025,302013,649538.16,0.43,3.45,-1.43,2.99,3.34,2098,6.95,-19.34,5893.0,4.21,736.75,10.18,4.56,99.21,12,35.85,49.77,38.55,41.4,40.43,43.91,42.39,42.03,2273,2235,2019,2134,2165.25,254,98.54,2273,2204,113,110,2026-09-19 22:18:21.483951+00:00
US-2676960,Sturgis,Michigan,MI,,,2025,10900,207498.79,-0.8,-1.99,3.1,3.64,5.56,11,1.01,175.0,361.0,2.56,23.67,5.97,2.52,96.51,12,25.46,47.55,69.95,44.31,38.76,44.28,39.85,41.8,2035,2333,1992,2301,2165.25,341,152.93,2035,2205,68,72,2026-09-19 22:18:21.483951+00:00
US-4014200,Choctaw,Oklahoma,OK,,,2025,12549,303710.85,1.45,2.44,0.45,1.99,5.77,68,5.42,-42.86,514.0,-0.39,58.67,22.65,4.27,98.76,12,47.59,40.51,32.16,41.26,43.15,41.38,42.86,42.16,2290,2087,2184,2101,2165.5,203,80.88,2290,2206,36,32,2026-09-19 22:18:21.483951+00:00
US-1227400,Green Cove Springs,Florida,FL,,,2025,10079,339483.08,-0.64,2.1,-1.96,-1.94,6.35,126,12.5,600.0,435.0,6.88,63.58,20.16,5.37,96.8,12,53.29,38.03,23.23,40.43,44.2,40.39,43.41,42.11,2337,2020,2252,2057,2166.5,317,132.13,2337,2207,114,101,2026-09-19 22:18:21.483951+00:00
US-1712567,Charleston,Illinois,IL,,,2025,17466,166047.9,-0.05,-0.61,7.74,6.64,6.1,8,0.46,100.0,489.0,-18.91,27.17,1.56,2.08,97.01,12,37.31,31.47,79.92,45.92,41.95,40.49,38.94,41.83,1906,2154,2249,2358,2166.75,452,166.95,1906,2208,182,187,2026-09-19 22:18:21.483951+00:00
US-0120104,Decatur,Alabama,AL,,,2025,58056,225790.66,-0.03,1.62,0.12,1.94,5.56,309,5.32,145.24,2200.0,18.92,273.25,39.95,4.66,97.19,12,41.86,49.94,22.61,39.87,41.4,43.41,43.57,42.06,2385,2187,2056,2045,2168.25,340,137.04,2385,2209,43,37,2026-09-19 22:18:21.483951+00:00
US-0466820,Sierra Vista,Arizona,AZ,,,2025,44907,301944.68,1.05,-1.05,2.44,2.13,5.8,25,0.56,400.0,1905.0,0.21,190.58,16.62,3.73,98.41,12,32.15,42.01,66.62,44.22,40.28,42.75,40.04,41.82,2041,2250,2102,2287,2170.0,246,101.68,2041,2210,26,31,2026-09-19 22:18:21.483951+00:00
US-1730926,Granite City,Illinois,IL,,,2025,26807,116022.78,-0.42,-2.56,-1.42,3.19,5.41,19,0.71,,1304.0,1.24,85.08,10.02,2.38,97.67,12,21.53,50.92,70.52,44.06,37.7,45.04,39.65,41.61,2054,2384,1929,2316,2170.75,455,186.18,2054,2211,191,188,2026-09-19 22:18:21.483951+00:00
US-1938280,Indianola,Iowa,IA,,,2025,16829,309391.09,0.09,5.96,3.37,2.92,5.56,120,7.13,215.79,729.0,-5.81,55.08,35.73,2.82,98.15,12,53.89,38.5,20.1,40.06,44.2,40.36,43.59,42.05,2372,2019,2255,2044,2172.5,353,147.21,2372,2212,31,29,2026-09-19 22:18:21.483951+00:00
US-0672016,Simi Valley,California,CA,,,2025,124861,834393.47,-0.39,-1.18,-2.57,1.87,4.85,92,0.74,513.33,2971.0,3.7,264.33,52.06,3.23,99.5,12,22.72,59.11,46.58,41.42,37.22,46.31,41.48,41.61,2270,2409,1818,2193,2172.5,591,218.82,2270,2213,255,247,2026-09-19 22:18:21.483951+00:00
US-1248625,New Smyrna Beach,Florida,FL,,,2025,33182,450474.38,0.41,8.95,-3.24,-1.49,7.02,398,11.99,194.81,2690.0,-6.69,556.5,17.16,7.62,95.48,12,75.46,12.19,25.89,40.92,49.04,33.23,42.03,41.31,2310,1632,2605,2161,2177.0,973,352.9,2310,2214,112,102,2026-09-19 22:18:21.483951+00:00
US-5455756,Morgantown,West Virginia,WV,,,2025,30293,276542.73,-0.12,0.77,1.03,1.8,3.14,6,0.2,500.0,713.0,3.03,67.75,-22.94,3.54,95.61,12,25.28,38.23,91.53,46.38,39.11,42.34,37.73,41.39,1862,2313,2126,2408,2177.25,546,208.38,1862,2215,6,6,2026-09-19 22:18:21.483951+00:00
US-0827425,Fort Collins,Colorado,CO,,,2025,171500,563746.1,0.45,0.91,-1.2,0.08,4.58,1313,7.66,91.68,6667.0,7.1,635.0,20.59,3.48,98.91,12,30.96,57.9,28.8,39.85,38.72,45.46,42.87,41.72,2387,2334,1898,2099,2179.5,489,195.35,2387,2216,35,32,2026-09-19 22:18:21.483951+00:00
US-4920120,Draper,Utah,UT,,,2025,50652,801988.86,0.94,-0.75,2.13,1.33,6.58,280,5.53,-6.67,1469.0,-0.74,141.08,9.72,3.53,98.17,12,43.25,40.21,42.42,41.98,42.22,41.45,41.8,41.86,2226,2140,2178,2175,2179.75,86,30.6,2226,2217,60,60,2026-09-19 22:18:21.483951+00:00
US-1353060,Moultrie,Georgia,GA,,,2025,14973,163081.46,1.18,2.34,2.1,4.67,5.09,63,4.21,21.15,358.0,16.23,38.83,22.31,4.4,95.33,12,40.57,45.41,36.59,41.27,41.42,42.63,42.35,41.92,2289,2186,2109,2135,2179.75,180,68.89,2289,2218,65,62,2026-09-19 22:18:21.483951+00:00
US-0662546,Rohnert Park,California,CA,,,2025,44811,708157.23,-0.04,0.78,-1.22,1.08,3.45,245,5.47,0.0,1140.0,4.59,96.08,38.42,3.09,99.94,12,25.97,64.63,22.86,38.73,37.1,46.77,43.06,41.41,2453,2414,1782,2081,2182.5,671,272.7,2453,2219,284,248,2026-09-19 22:18:21.483951+00:00
US-0662896,Rosemead,California,CA,,,2025,49410,904897.95,-0.3,-3.16,0.47,3.19,5.43,255,5.16,16.97,467.0,8.6,41.17,40.34,3.49,101.52,12,19.23,71.2,22.89,38.33,35.37,48.36,42.98,41.26,2488,2510,1647,2086,2182.75,863,352.37,2488,2220,291,249,2026-09-19 22:18:21.483951+00:00
US-2021275,Emporia,Kansas,KS,,,2025,24137,174929.34,-0.42,0.15,1.91,4.15,6.27,33,1.37,266.67,801.0,2.96,58.67,64.1,2.74,91.2,12,42.91,41.85,38.88,41.53,41.99,41.72,42.03,41.82,2255,2152,2163,2162,2183.0,103,41.79,2255,2221,28,27,2026-09-19 22:18:21.483951+00:00
US-1974280,Spencer,Iowa,IA,,,2025,11218,196087.19,-1.98,-0.74,5.7,3.43,5.77,54,4.81,2600.0,507.0,10.46,51.58,5.09,3.76,96.59,12,33.13,47.82,48.65,42.15,39.87,43.54,41.29,41.71,2213,2275,2048,2204,2185.0,227,83.69,2213,2222,28,30,2026-09-19 22:18:21.483951+00:00
US-0612048,Cathedral City,California,CA,,,2025,52375,482616.21,-0.29,1.46,-4.97,-1.06,6.0,129,2.46,43.33,1700.0,3.91,269.67,23.04,5.8,97.72,12,46.02,36.48,44.26,42.24,42.9,40.51,41.55,41.8,2204,2103,2245,2189,2185.25,142,51.72,2204,2223,240,250,2026-09-19 22:18:21.483951+00:00
US-0685922,Windsor,California,CA,,,2025,25864,795128.57,-0.15,-1.82,-2.53,0.23,2.53,132,5.1,180.85,715.0,7.04,48.83,13.13,2.46,99.76,12,10.09,72.68,40.61,39.62,33.44,49.09,41.31,40.87,2401,2579,1565,2202,2186.75,1014,382.94,2401,2224,272,251,2026-09-19 22:18:21.483951+00:00
US-0412000,Chandler,Arizona,AZ,,,2025,278748,520839.49,-0.45,0.48,-3.24,-0.94,5.61,719,2.58,-29.51,8308.0,5.74,801.5,44.24,3.53,98.11,12,36.95,50.24,32.58,40.51,40.28,43.61,42.5,41.73,2331,2249,2044,2124,2187.0,287,110.68,2331,2225,32,32,2026-09-19 22:18:21.483951+00:00
US-2874840,Tupelo,Mississippi,MS,,,2025,38087,206412.75,0.4,0.45,6.48,4.24,6.41,101,2.65,16.09,1410.0,-3.49,123.25,-0.87,3.27,95.04,12,46.45,28.82,61.47,44.04,43.42,39.01,40.02,41.62,2058,2067,2341,2290,2189.0,283,127.82,2058,2226,12,13,2026-09-19 22:18:21.483951+00:00
US-0655254,Palm Springs,California,CA,,,2025,45315,612216.83,-0.22,1.51,-4.53,-3.04,6.31,105,2.32,-7.89,4610.0,3.85,836.42,19.47,6.63,96.47,12,50.12,30.63,47.97,42.76,43.95,39.08,41.13,41.73,2165,2038,2335,2221,2189.75,297,106.91,2165,2227,229,252,2026-09-19 22:18:21.483951+00:00
US-0614890,Colton,California,CA,,,2025,53383,490321.75,-0.53,-1.07,-2.56,1.9,6.8,52,0.97,-13.33,718.0,-7.47,73.83,38.87,3.87,99.27,12,44.63,36.41,47.41,42.45,42.58,40.53,41.21,41.69,2189,2121,2243,2213,2191.5,122,44.97,2189,2228,233,253,2026-09-19 22:18:21.483951+00:00
US-3603078,Auburn,New York,NY,,,2025,25947,217634.85,0.0,-3.42,2.58,5.81,7.42,1,0.04,0.0,645.0,-12.36,58.0,35.67,3.29,98.6,12,42.13,32.07,64.33,44.16,42.44,39.93,39.82,41.59,2044,2130,2293,2303,2192.5,259,109.85,2044,2229,56,57,2026-09-19 22:18:21.483951+00:00
US-1629620,Garden City,Idaho,ID,,,2025,13047,485527.07,1.01,6.14,-0.36,0.34,5.38,30,2.3,-66.29,455.0,-14.79,39.0,36.05,3.27,98.76,12,52.38,32.42,37.71,41.73,44.19,39.2,41.93,41.76,2247,2022,2330,2172,2192.75,308,113.32,2247,2230,27,27,2026-09-19 22:18:21.483951+00:00
US-1319000,Columbus,Georgia,GA,,,2025,202171,173612.55,0.05,-2.34,2.0,3.94,7.23,260,1.29,-10.65,6577.0,-4.92,547.42,19.05,3.04,97.09,12,44.46,32.99,56.48,43.45,42.82,39.96,40.5,41.68,2120,2107,2292,2259,2194.5,185,81.96,2120,2231,59,63,2026-09-19 22:18:21.483951+00:00
US-1772546,Sterling,Illinois,IL,,,2025,14394,143908.35,-0.64,-3.0,3.89,4.49,4.93,1,0.07,-50.0,551.0,11.31,41.67,27.55,2.82,96.99,12,15.75,56.93,67.77,43.17,35.91,46.2,39.48,41.19,2136,2482,1832,2330,2195.0,650,242.82,2136,2232,198,189,2026-09-19 22:18:21.483951+00:00
US-1714000,Chicago,Illinois,IL,,,2025,2731585,322271.49,0.19,-0.37,2.34,2.5,2.9,3916,1.43,-10.41,75516.0,0.07,7034.92,-6.97,3.45,99.49,12,19.33,51.43,72.76,43.92,36.97,45.0,39.12,41.25,2083,2421,1932,2347,2195.75,489,197.42,2083,2233,193,190,2026-09-19 22:18:21.483951+00:00
US-1726935,Forest Park,Illinois,IL,,,2025,13829,277974.23,-0.1,-3.15,3.51,3.31,4.75,1,0.07,-92.86,688.0,-1.71,52.75,3.94,2.92,99.19,12,14.34,50.42,86.24,44.94,35.95,44.97,37.76,40.9,1975,2478,1933,2407,2198.25,545,245.99,1975,2234,187,191,2026-09-19 22:18:21.483951+00:00
US-4845000,Lubbock,Texas,TX,,,2025,273071,208884.89,1.05,5.81,-0.29,-0.66,4.3,2382,8.72,28.62,12544.0,7.81,1597.58,10.84,4.69,96.71,12,44.85,40.87,35.06,41.01,42.19,41.19,42.08,41.62,2308,2144,2195,2153,2200.0,164,65.26,2308,2235,121,114,2026-09-19 22:18:21.483951+00:00
US-2640680,Inkster,Michigan,MI,,,2025,24959,108378.91,-0.26,-3.93,7.04,8.26,11.25,2,0.08,,689.0,-13.77,56.75,42.47,3.02,96.77,12,50.36,24.99,60.01,43.9,44.2,37.86,39.91,41.46,2086,2021,2401,2293,2200.25,380,153.37,2086,2236,69,73,2026-09-19 22:18:21.483951+00:00
US-4810912,Bryan,Texas,TX,,,2025,91996,273657.11,0.89,9.06,0.85,2.14,4.84,1032,11.22,-6.1,3771.0,2.92,453.75,8.19,4.59,96.67,12,51.48,34.38,34.23,41.18,43.76,39.49,42.06,41.62,2299,2045,2317,2154,2203.75,272,111.33,2299,2237,120,115,2026-09-19 22:18:21.483951+00:00
US-5163768,Poquoson,Virginia,VA,,,2025,13292,457157.08,3.34,6.57,2.32,3.69,5.4,98,7.37,-26.32,678.0,-22.43,67.42,11.43,3.82,99.57,12,52.99,31.68,36.67,41.45,44.15,38.82,41.77,41.55,2263,2025,2350,2177,2203.75,325,119.97,2263,2238,32,31,2026-09-19 22:18:21.483951+00:00
US-4002600,Ardmore,Oklahoma,OK,,,2025,24956,157173.95,-0.49,1.01,-0.17,1.7,6.56,46,1.84,-16.36,869.0,-0.23,147.17,6.97,6.19,95.63,12,51.36,22.87,61.85,44.01,44.39,37.26,39.59,41.31,2059,2009,2427,2322,2204.25,418,175.14,2060,2239,31,33,2026-09-19 22:18:21.483951+00:00
US-0639178,Laguna Beach,California,CA,,,2025,22391,2860718.18,-0.4,-2.66,0.16,2.23,7.81,48,2.14,-5.88,931.0,8.13,198.5,27.31,7.86,95.52,12,48.3,33.8,43.42,42.01,43.22,39.59,41.29,41.53,2223,2081,2308,2206,2204.5,227,81.1,2223,2240,247,254,2026-09-19 22:18:21.483951+00:00
US-0535710,Jonesboro,Arkansas,AR,,,2025,83296,222420.29,0.69,5.69,2.02,1.25,5.04,828,9.94,8.95,3568.0,3.96,453.25,10.1,4.71,97.22,12,48.62,37.44,33.84,41.01,43.05,40.25,42.11,41.61,2307,2094,2267,2151,2204.75,213,85.86,2307,2241,23,22,2026-09-19 22:18:21.483951+00:00
US-0651140,Newman,California,CA,,,2025,12453,437371.74,0.73,0.52,-2.89,0.62,4.73,3,0.24,-78.57,265.0,-6.36,26.83,2.88,3.84,99.02,12,30.03,35.97,82.6,45.25,39.7,41.18,37.96,41.02,1956,2279,2197,2394,2206.5,438,160.67,1956,2242,192,255,2026-09-19 22:18:21.483951+00:00
US-2701900,Apple Valley,Minnesota,MN,,,2025,55248,374470.31,-0.17,-1.81,1.16,1.43,3.94,235,4.25,502.56,1999.0,-4.45,93.42,-1.49,1.78,99.93,12,15.71,61.64,54.44,41.47,35.3,46.78,40.25,40.95,2260,2515,1780,2274,2207.25,735,266.69,2260,2243,86,85,2026-09-19 22:18:21.483951+00:00
US-0680588,Truckee,California,CA,,,2025,17278,1012073.56,0.3,2.98,-1.38,-1.15,5.59,46,2.66,17.95,1478.0,0.75,167.42,18.6,4.35,97.16,12,47.28,33.47,46.75,42.31,43.06,39.6,41.01,41.5,2199,2093,2307,2231,2207.5,214,76.87,2199,2244,239,256,2026-09-19 22:18:21.483951+00:00
US-4815976,College Station,Texas,TX,,,2025,127472,346510.05,0.21,5.53,0.37,2.11,4.83,1298,10.18,16.73,4142.0,4.7,476.42,28.24,4.32,98.13,12,46.92,44.45,19.5,39.2,42.07,41.45,43.07,41.44,2424,2149,2179,2080,2208.0,344,129.77,2424,2245,143,116,2026-09-19 22:18:21.483951+00:00
US-0644028,Los Banos,California,CA,,,2025,49614,464154.3,1.14,8.47,-3.21,-0.37,4.46,183,3.69,30.71,1019.0,-7.36,99.5,39.32,3.58,99.35,12,48.86,38.95,28.71,40.36,42.87,40.39,42.39,41.5,2345,2105,2251,2133,2208.5,240,95.98,2345,2246,263,257,2026-09-19 22:18:21.483951+00:00
US-4167650,Silverton,Oregon,OR,,,2025,10450,553414.22,0.58,-0.21,1.28,1.81,5.74,62,5.93,31.91,401.0,23.77,64.83,45.97,6.03,98.81,12,35.22,56.4,18.95,38.56,39.13,44.43,43.12,41.31,2467,2311,1980,2077,2208.75,487,191.59,2467,2247,40,34,2026-09-19 22:18:21.483951+00:00
US-4813024,Carrollton,Texas,TX,,,2025,134562,405763.29,-0.9,0.72,-5.1,-0.69,5.74,1166,8.67,5200.0,3533.0,8.81,336.0,50.39,3.45,98.14,12,39.57,54.56,12.61,38.08,40.02,43.77,43.62,41.37,2501,2263,2033,2040,2209.25,468,192.17,2501,2248,157,117,2026-09-19 22:18:21.483951+00:00
US-1733695,Hazel Crest,Illinois,IL,,,2025,13024,181303.21,-0.16,-3.0,-3.08,0.12,6.61,0,0.0,,571.0,8.56,99.67,44.27,6.57,97.21,12,34.22,39.31,64.64,43.61,40.31,41.58,39.55,41.26,2109,2243,2168,2324,2211.0,215,80.69,2109,2249,196,192,2026-09-19 22:18:21.483951+00:00
US-0455000,Phoenix,Arizona,AZ,,,2025,1665481,410191.49,0.19,3.29,-4.04,-1.37,5.7,10395,6.24,15.54,48169.0,1.54,5537.67,23.15,4.21,97.79,12,49.21,38.16,29.65,40.45,42.96,40.2,42.28,41.47,2334,2099,2276,2140,2212.25,235,96.09,2334,2250,33,33,2026-09-19 22:18:21.483951+00:00
US-1711163,Carbondale,Illinois,IL,,,2025,21811,141867.44,-0.72,-2.13,11.44,5.58,6.51,1,0.05,-50.0,606.0,-0.49,85.33,-24.59,5.28,95.33,12,36.47,23.67,95.7,46.8,41.51,38.31,36.63,40.81,1821,2176,2378,2476,2212.75,655,250.71,1821,2251,176,193,2026-09-19 22:18:21.483951+00:00
US-0615044,Compton,California,CA,,,2025,90500,633334.53,-0.71,-5.16,-1.69,1.69,4.96,184,2.03,89.69,1096.0,12.07,115.33,20.56,3.89,100.2,12,10.65,68.13,49.27,40.43,33.69,48.06,40.38,40.64,2338,2569,1679,2267,2213.25,890,328.04,2338,2252,262,258,2026-09-19 22:18:21.483951+00:00
US-4821424,Dripping Springs,Texas,TX,,,2025,11167,694351.01,9.29,118.02,-3.93,-4.83,4.94,521,46.66,6.11,640.0,1.91,99.0,16.02,5.84,97.12,12,58.06,30.8,24.24,40.06,44.81,37.99,42.41,41.32,2371,1964,2396,2128,2214.75,432,178.65,2371,2253,132,118,2026-09-19 22:18:21.483951+00:00
US-4804504,Athens,Texas,TX,,,2025,13870,259455.32,0.34,7.71,-0.08,0.46,4.95,22,1.59,10.0,305.0,-4.09,51.58,2.31,6.68,97.35,12,50.6,20.82,67.26,44.34,44.17,36.72,38.87,41.02,2031,2024,2453,2360,2217.0,429,192.35,2031,2254,86,119,2026-09-19 22:18:21.483951+00:00
US-4866128,Schertz,Texas,TX,,,2025,45978,314482.95,2.76,8.78,-2.89,-2.27,4.11,438,9.53,-22.61,2050.0,12.95,350.33,37.3,6.47,97.64,12,47.71,44.9,15.51,38.68,42.04,41.34,43.23,41.32,2461,2151,2188,2069,2217.25,392,147.17,2461,2255,148,120,2026-09-19 22:18:21.483951+00:00
US-0129056,Gardendale,Alabama,AL,,,2025,16425,267369.49,-0.48,0.1,1.59,1.07,5.49,152,9.25,985.71,715.0,12.95,63.5,24.1,3.33,97.4,12,33.98,55.6,23.48,38.92,38.89,44.29,42.66,41.19,2442,2324,1991,2112,2217.25,451,176.19,2442,2256,46,38,2026-09-19 22:18:21.483951+00:00
US-0444410,Maricopa,Arizona,AZ,,,2025,78362,347735.23,4.64,33.16,-4.61,-3.89,5.23,1218,15.54,-38.82,4898.0,-7.31,713.0,19.97,5.43,99.12,12,60.34,29.19,21.81,39.81,45.22,37.43,42.47,41.23,2389,1942,2418,2126,2218.75,476,196.14,2389,2257,34,34,2026-09-19 22:18:21.483951+00:00
US-0652694,Oakdale,California,CA,,,2025,23246,550823.51,0.04,0.17,0.91,1.52,4.9,20,0.86,-77.78,743.0,-0.8,68.0,34.65,3.42,99.42,12,29.28,49.81,50.4,41.75,38.61,43.74,40.63,41.18,2245,2343,2037,2251,2219.0,306,112.03,2245,2258,250,259,2026-09-19 22:18:21.483951+00:00
US-0877510,Timnath,Colorado,CO,,,2025,11600,676976.26,7.16,71.7,-2.12,-1.19,4.58,514,44.31,74.24,948.0,-2.37,132.17,3.8,5.14,97.93,12,56.01,28.86,34.35,41.09,44.61,37.83,41.63,41.29,2304,1987,2404,2186,2220.25,417,155.21,2304,2259,33,33,2026-09-19 22:18:21.483951+00:00
US-3654837,Oneida,New York,NY,,,2025,10009,212011.54,-0.39,-2.96,6.07,,,2,0.2,-33.33,338.0,-0.29,21.25,11.35,2.39,99.75,12,5.47,61.88,76.73,43.03,33.08,47.19,37.98,40.32,2147,2599,1758,2392,2224.0,841,313.02,2147,2260,58,58,2026-09-19 22:18:21.483951+00:00
US-4841440,La Porte,Texas,TX,,,2025,37983,256562.16,0.18,7.61,-0.95,-0.21,4.38,84,2.21,-22.94,1403.0,-5.27,144.75,9.18,3.82,97.37,12,47.49,28.21,57.31,43.19,43.18,38.36,39.79,41.13,2133,2084,2376,2307,2225.0,292,120.28,2133,2261,97,121,2026-09-19 22:18:21.483951+00:00
US-1236300,Key Biscayne,Florida,FL,,,2025,14815,1630322.14,-1.0,0.47,-3.76,-1.58,8.26,21,1.42,-4.55,636.0,-11.54,168.08,9.8,9.85,94.6,12,64.91,6.14,62.9,43.83,46.97,32.28,38.26,40.34,2090,1794,2638,2380,2225.5,844,315.67,2090,2262,94,103,2026-09-19 22:18:21.483951+00:00
US-4050050,Muskogee,Oklahoma,OK,,,2025,36760,140023.61,-0.27,0.02,-4.15,2.01,6.38,24,0.65,-36.84,1069.0,-3.35,105.17,6.77,3.66,94.62,12,43.91,24.62,73.94,44.67,42.63,37.81,38.23,40.83,2000,2117,2407,2383,2226.75,407,173.47,2000,2263,29,34,2026-09-19 22:18:21.483951+00:00
US-0841835,Lafayette,Colorado,CO,,,2025,30116,678255.92,-1.35,-0.9,-3.25,-1.32,4.03,15,0.5,66.67,1112.0,1.0,92.25,8.74,3.04,98.48,12,20.19,48.65,74.19,43.65,36.83,43.94,38.4,40.71,2106,2427,2015,2376,2231.0,412,174.44,2106,2264,28,34,2026-09-19 22:18:21.483951+00:00
US-5186160,Williamsburg,Virginia,VA,,,2025,15861,461186.96,-0.52,2.6,0.83,4.15,6.51,22,1.39,120.0,403.0,-12.77,44.08,93.07,4.08,98.31,12,57.35,24.98,38.66,41.35,44.84,36.74,40.92,40.96,2281,1961,2446,2240,2232.0,485,174.43,2281,2265,33,32,2026-09-19 22:18:21.483951+00:00
US-1324376,Dublin,Georgia,GA,,,2025,16565,190265.06,0.94,2.42,-1.68,1.0,4.66,95,5.73,97.92,499.0,23.82,55.17,18.85,4.17,93.33,12,38.12,46.83,34.25,40.2,40.16,42.33,41.66,41.09,2362,2255,2128,2185,2232.5,234,87.25,2362,2266,68,64,2026-09-19 22:18:21.483951+00:00
US-1217100,Delray Beach,Florida,FL,,,2025,69809,336691.31,-0.03,4.47,-7.18,-3.22,6.19,291,4.17,52.36,3884.0,0.05,757.5,5.09,7.16,94.26,12,57.49,19.63,50.93,42.6,45.15,35.68,39.8,40.81,2177,1946,2503,2306,2233.0,557,202.32,2177,2267,102,104,2026-09-19 22:18:21.483951+00:00
US-5462140,Parkersburg,West Virginia,WV,,,2025,28593,152111.93,-0.7,-3.49,0.6,3.09,5.48,6,0.21,20.0,866.0,54.92,84.67,24.36,3.62,95.97,12,18.8,53.15,66.18,42.67,36.21,44.8,39.0,40.67,2172,2464,1944,2354,2233.5,520,197.0,2172,2268,7,7,2026-09-19 22:18:21.483951+00:00
US-0613588,Citrus Heights,California,CA,,,2025,86348,472866.88,-0.42,-1.35,-2.4,-0.03,3.98,35,0.41,483.33,2217.0,-3.48,135.75,39.35,2.22,99.74,12,17.85,58.74,54.43,41.31,35.6,45.83,39.91,40.66,2284,2499,1858,2294,2233.75,641,233.29,2284,2269,257,260,2026-09-19 22:18:21.483951+00:00
US-2705068,Bemidji,Minnesota,MN,,,2025,15770,214726.63,-0.05,2.42,6.02,5.17,7.21,22,1.4,120.0,468.0,-10.86,74.92,44.07,6.16,97.35,12,65.3,14.95,41.25,41.67,46.59,34.0,40.24,40.62,2249,1832,2578,2276,2233.75,746,265.48,2249,2270,85,86,2026-09-19 22:18:21.483951+00:00
US-1725141,Fairview Heights,Illinois,IL,,,2025,16175,198514.78,0.17,-3.11,2.92,2.81,5.41,12,0.74,-87.23,729.0,-1.22,55.92,61.3,2.77,100.72,12,19.26,60.73,45.43,40.32,35.63,46.0,40.54,40.62,2350,2496,1846,2255,2236.75,650,241.38,2350,2271,203,194,2026-09-19 22:18:21.483951+00:00
US-3649121,Mount Vernon,New York,NY,,,2025,72304,588614.65,0.22,-1.7,0.43,0.5,2.84,0,0.0,,1250.0,-0.87,143.5,14.12,4.24,100.94,12,13.17,51.6,82.72,44.01,35.13,44.74,37.42,40.32,2062,2523,1947,2428,2240.0,576,241.33,2062,2272,57,59,2026-09-19 22:18:21.483951+00:00
US-0680000,Torrance,California,CA,,,2025,138391,1107229.53,-0.79,-5.49,0.1,3.06,5.74,510,3.69,460.44,2625.0,1.27,167.08,39.43,2.33,100.37,12,18.07,68.25,28.67,38.29,34.72,47.26,41.71,40.49,2492,2538,1752,2182,2241.0,786,313.77,2492,2273,292,261,2026-09-19 22:18:21.483951+00:00
US-4830920,Greenville,Texas,TX,,,2025,37069,246172.27,7.46,31.18,-3.11,-1.68,5.64,663,17.89,-34.87,1585.0,-4.8,301.17,8.82,7.07,97.5,12,64.51,20.1,30.45,40.45,46.08,34.97,41.12,40.65,2335,1874,2534,2223,2241.5,660,239.63,2335,2274,126,122,2026-09-19 22:18:21.483951+00:00
US-1371492,Smyrna,Georgia,GA,,,2025,57513,449254.14,0.39,2.43,-3.41,0.28,5.54,108,1.88,9.09,2616.0,-0.11,298.83,44.83,4.24,98.4,12,44.91,38.5,37.05,40.7,41.81,40.2,41.24,40.99,2320,2162,2275,2211,2242.0,158,60.28,2320,2275,67,65,2026-09-19 22:18:21.483951+00:00
US-1705248,Bensenville,Illinois,IL,,,2025,18525,341679.04,-0.13,-1.24,4.17,5.45,5.73,2,0.11,-50.0,302.0,-5.92,24.42,10.57,3.21,98.23,12,30.31,35.48,79.9,44.52,39.3,40.59,37.6,40.5,2014,2303,2236,2417,2242.5,403,146.94,2014,2276,188,195,2026-09-19 22:18:21.483951+00:00
US-0621712,El Cajon,California,CA,,,2025,101755,821921.8,-1.06,-4.07,-2.8,2.91,6.22,168,1.65,41.18,1667.0,-7.23,118.0,19.39,2.59,99.88,12,25.92,50.96,53.13,41.49,37.51,43.77,39.91,40.67,2256,2391,2032,2294,2243.25,359,131.52,2256,2277,253,262,2026-09-19 22:18:21.483951+00:00
US-2128594,Fort Thomas,Kentucky,KY,,,2025,17142,364738.63,1.01,-1.59,5.08,3.52,4.1,7,0.41,-30.0,481.0,3.22,25.75,41.74,1.95,97.89,12,17.33,59.34,53.31,41.03,35.33,45.83,39.83,40.51,2306,2513,1857,2302,2244.5,656,239.45,2306,2278,21,20,2026-09-19 22:18:21.483951+00:00
US-5375775,Walla Walla,Washington,WA,,,2025,34058,414568.02,0.42,-0.63,2.18,1.82,6.51,101,2.97,-34.42,1119.0,-5.49,108.25,18.74,3.53,98.74,12,42.81,37.34,45.0,41.44,41.49,40.13,40.56,40.91,2266,2178,2281,2254,2244.75,103,39.71,2266,2279,83,86,2026-09-19 22:18:21.483951+00:00
US-1748242,Melrose Park,Illinois,IL,,,2025,23936,308045.4,-0.13,-2.94,1.63,3.62,5.6,5,0.21,-28.57,328.0,1.55,32.08,17.74,3.64,98.77,12,22.01,47.5,71.17,43.22,37.03,43.4,38.4,40.51,2130,2416,2058,2377,2245.25,358,154.0,2130,2280,197,196,2026-09-19 22:18:21.483951+00:00
US-2044250,Manhattan,Kansas,KS,,,2025,54673,290496.44,0.76,0.96,4.84,4.66,5.81,222,4.06,111.43,1980.0,-4.53,115.25,20.37,2.21,96.9,12,41.69,40.86,38.68,40.65,40.99,40.78,41.02,40.86,2324,2206,2228,2230,2247.0,118,45.44,2324,2281,30,28,2026-09-19 22:18:21.483951+00:00
US-1210275,Cape Coral,Florida,FL,,,2025,236264,341670.9,1.35,20.89,-10.19,-6.39,5.36,2406,10.18,-29.17,17342.0,-2.16,3367.08,1.97,7.32,96.41,12,60.91,20.14,39.59,41.31,45.48,35.29,40.43,40.63,2283,1919,2520,2266,2247.0,601,214.34,2283,2282,109,105,2026-09-19 22:18:21.483951+00:00
US-2248225,Mandeville,Louisiana,LA,,,2025,12918,356848.01,-0.51,0.75,0.64,0.21,3.59,0,0.0,,577.0,3.41,79.75,-7.45,5.17,96.36,12,26.16,32.56,96.74,46.05,38.67,40.27,36.1,40.27,1892,2339,2265,2493,2247.25,601,220.98,1892,2283,3,5,2026-09-19 22:18:21.483951+00:00
US-1231350,Holly Hill,Florida,FL,,,2025,13268,199970.85,0.84,2.22,-11.08,-3.36,4.75,44,3.32,-42.11,731.0,22.45,138.42,9.42,7.07,94.73,12,37.9,39.67,51.13,41.83,40.42,40.86,40.02,40.78,2241,2238,2223,2289,2247.75,66,24.77,2241,2284,108,106,2026-09-19 22:18:21.483951+00:00
US-0630014,Glendora,California,CA,,,2025,49671,884650.53,-0.82,-5.24,-0.38,2.28,5.17,124,2.5,103.28,1205.0,2.03,84.58,15.74,2.58,99.96,12,12.39,65.12,49.8,40.2,33.82,47.01,39.86,40.22,2363,2565,1768,2298,2248.5,797,294.37,2363,2285,267,263,2026-09-19 22:18:21.483951+00:00
US-1379388,Vidalia,Georgia,GA,,,2025,10885,184542.5,0.25,1.59,2.62,5.11,7.48,35,3.22,6.06,181.0,-8.59,28.5,7.21,5.98,91.84,12,64.73,9.66,53.23,42.58,46.48,32.72,38.8,40.14,2178,1841,2621,2363,2250.75,780,284.11,2178,2286,62,66,2026-09-19 22:18:21.483951+00:00
US-0176944,Trussville,Alabama,AL,,,2025,27273,390485.4,0.5,4.02,2.21,1.73,5.45,101,3.7,-9.82,1136.0,-3.57,156.17,34.34,5.07,99.39,12,48.26,37.12,30.97,40.04,42.32,39.54,41.52,40.85,2374,2134,2315,2191,2253.5,240,95.51,2374,2287,42,39,2026-09-19 22:18:21.483951+00:00
US-3420020,Edgewater,New Jersey,NJ,,,2025,15499,686843.88,3.1,6.98,3.48,4.64,4.46,5,0.32,-97.35,549.0,-11.74,95.5,13.13,6.51,98.58,12,47.14,20.4,73.02,44.25,43.0,36.32,37.7,40.32,2037,2097,2472,2409,2253.75,435,189.27,2037,2288,108,111,2026-09-19 22:18:21.483951+00:00
US-5109816,Bristol,Virginia,VA,,,2025,16418,205132.8,-0.22,-5.21,0.05,4.75,8.66,21,1.28,320.0,769.0,0.26,88.75,20.61,4.21,95.49,12,46.32,29.17,55.28,42.56,42.52,38.23,39.5,40.7,2181,2126,2380,2329,2254.0,254,103.94,2181,2289,31,33,2026-09-19 22:18:21.483951+00:00
US-0666070,San Dimas,California,CA,,,2025,32978,919536.41,-0.72,-5.24,0.67,3.0,6.12,40,1.21,8.11,688.0,-8.27,49.75,14.15,2.68,100.24,12,22.22,51.1,61.1,42.05,36.72,43.94,39.1,40.45,2218,2434,2017,2348,2254.25,417,157.08,2218,2290,245,264,2026-09-19 22:18:21.483951+00:00
US-0224230,Fairbanks,Alaska,AK,,,2025,31468,291142.87,-0.6,-2.87,-2.11,-0.56,0.96,25,0.79,47.06,831.0,4.79,56.25,-6.38,2.53,98.42,12,6.02,59.31,78.93,42.9,32.94,46.27,37.29,39.85,2156,2605,1824,2432,2254.25,781,295.55,2156,2291,3,3,2026-09-19 22:18:21.483951+00:00
US-2753620,Red Wing,Minnesota,MN,,,2025,16805,284634.68,-0.2,1.04,3.18,2.67,5.38,12,0.71,33.33,646.0,-6.1,55.08,37.14,3.12,98.78,12,37.4,39.8,51.39,41.74,40.22,40.82,39.88,40.66,2246,2252,2226,2297,2255.25,71,25.96,2246,2292,84,87,2026-09-19 22:18:21.483951+00:00
US-0640438,Larkspur,California,CA,,,2025,12620,2009138.59,-0.92,-3.18,-1.94,-0.81,2.96,18,1.43,-21.74,371.0,-7.94,21.33,-11.42,2.21,101.81,12,7.66,59.57,74.02,42.42,33.19,46.17,37.66,39.86,2190,2591,1834,2411,2256.5,757,282.26,2190,2293,234,265,2026-09-19 22:18:21.483951+00:00
US-1254200,Palm Coast,Florida,FL,,,2025,109886,341018.66,3.32,22.49,-5.12,-4.12,5.23,1992,18.13,-4.92,7912.0,-1.31,1256.08,11.79,5.84,97.07,12,60.29,25.25,27.82,39.91,44.91,36.15,41.28,40.56,2381,1959,2480,2207,2256.75,521,197.74,2381,2294,120,107,2026-09-19 22:18:21.483951+00:00
US-0816495,Commerce City,Colorado,CO,,,2025,72345,494237.83,1.84,15.27,-4.01,-1.85,3.96,931,12.87,48.72,3405.0,-6.64,368.83,28.74,3.97,99.6,12,51.34,39.3,16.99,38.54,42.58,39.57,42.49,40.79,2469,2122,2312,2125,2257.0,347,144.58,2469,2295,38,35,2026-09-19 22:18:21.483951+00:00
US-4949710,Midvale,Utah,UT,,,2025,36099,489014.84,-0.4,-0.07,1.56,0.75,5.83,92,2.55,70.37,926.0,-3.14,78.75,25.17,3.15,98.76,12,37.01,43.63,42.42,40.68,39.8,41.46,40.53,40.62,2322,2276,2176,2256,2257.5,146,52.79,2322,2296,61,61,2026-09-19 22:18:21.483951+00:00
US-1376224,Thomasville,Georgia,GA,,,2025,18667,229942.04,-0.33,-1.07,1.81,3.37,7.34,43,2.3,-6.52,699.0,3.56,85.0,82.14,4.49,95.7,12,50.95,33.83,31.53,40.1,42.9,38.62,41.3,40.73,2367,2102,2359,2203,2257.75,265,111.18,2367,2297,69,67,2026-09-19 22:18:21.483951+00:00
US-5116608,Christiansburg,Virginia,VA,,,2025,22442,300667.38,-0.14,-3.74,2.68,3.48,6.11,109,4.86,84.75,959.0,-5.8,52.0,5.76,1.98,99.12,12,25.25,53.14,47.97,40.69,37.02,44.0,40.07,40.45,2321,2417,2010,2284,2258.0,407,151.19,2321,2298,34,34,2026-09-19 22:18:21.483951+00:00
US-0157576,Oxford,Alabama,AL,,,2025,22199,195932.37,0.42,0.32,2.41,2.02,4.63,97,4.37,-1.02,883.0,19.32,93.58,14.94,4.13,97.14,12,28.47,52.57,41.73,40.22,37.69,43.71,40.64,40.56,2360,2385,2040,2250,2258.75,345,136.12,2360,2299,41,40,2026-09-19 22:18:21.483951+00:00
US-4673060,Yankton,South Dakota,SD,,,2025,15816,275744.19,0.67,2.53,3.1,1.73,5.19,69,4.36,-56.05,577.0,1.94,55.42,20.91,3.56,97.31,12,42.17,40.62,37.0,40.34,40.93,40.54,40.96,40.69,2349,2211,2242,2236,2259.5,138,52.96,2349,2300,13,12,2026-09-19 22:18:21.483951+00:00
US-0620018,Dublin,California,CA,,,2025,71602,1284210.64,1.87,-0.8,-6.74,0.53,5.15,572,7.99,528.57,1498.0,-0.86,92.58,104.98,2.26,100.27,12,26.7,65.04,12.63,36.6,36.09,45.68,42.55,40.23,2573,2470,1876,2120,2259.75,697,277.99,2573,2301,302,266,2026-09-19 22:18:21.483951+00:00
US-4048350,Midwest City,Oklahoma,OK,,,2025,58799,170105.17,0.3,0.58,-0.28,1.83,6.18,126,2.14,-63.58,2106.0,-5.43,165.08,24.67,2.88,97.57,12,43.68,35.76,45.25,41.3,41.54,39.56,40.28,40.67,2285,2173,2313,2272,2260.75,140,52.78,2285,2302,35,35,2026-09-19 22:18:21.483951+00:00
US-4838068,Josephine,Texas,TX,,,2025,10208,292692.2,15.67,347.13,-5.89,-3.77,4.69,449,43.99,-7.04,184.0,1.66,33.25,47.78,7.95,98.76,12,56.71,37.37,6.75,37.45,43.42,38.58,43.01,40.62,2533,2066,2361,2083,2260.75,467,196.02,2533,2303,169,123,2026-09-19 22:18:21.483951+00:00
US-1301052,Albany,Georgia,GA,,,2025,66907,130123.17,-0.13,-3.19,-5.3,0.8,6.58,32,0.48,-28.89,248.0,11.21,117.67,16.12,18.73,95.68,12,33.03,36.99,68.15,43.2,39.49,40.47,38.32,40.37,2132,2289,2250,2379,2262.5,247,88.69,2132,2304,60,68,2026-09-19 22:18:21.483951+00:00
US-1236950,Kissimmee,Florida,FL,,,2025,85591,362400.18,1.38,8.05,-5.59,-1.98,6.56,549,6.41,-36.82,2496.0,-10.92,467.92,18.79,6.88,97.22,12,68.62,13.54,32.72,40.37,46.71,32.94,40.25,40.07,2344,1819,2612,2275,2262.5,793,285.32,2344,2305,116,108,2026-09-19 22:18:21.483951+00:00
US-1376476,Tifton,Georgia,GA,,,2025,17595,206174.57,0.4,3.02,-1.03,1.27,4.61,97,5.51,5.43,449.0,7.67,43.83,21.76,3.61,95.97,12,39.69,44.66,32.48,39.63,40.1,41.34,41.21,40.57,2400,2257,2187,2214,2264.5,213,82.12,2400,2306,71,69,2026-09-19 22:18:21.483951+00:00
US-1271225,Tavares,Florida,FL,,,2025,22490,313209.72,2.36,18.28,-2.37,-0.8,6.43,236,10.49,-1.67,1143.0,-12.14,176.67,30.46,5.67,97.29,12,72.91,14.73,17.87,38.79,47.2,32.66,41.23,39.97,2450,1776,2625,2212,2265.75,849,318.49,2450,2307,124,109,2026-09-19 22:18:21.483951+00:00
US-1254700,Panama City,Florida,FL,,,2025,37806,280407.6,1.56,14.97,-0.61,0.83,6.01,257,6.8,-10.76,2070.0,-13.28,303.33,9.08,5.4,96.79,12,66.39,13.06,39.9,41.1,46.42,33.09,39.74,40.09,2302,1848,2609,2310,2267.25,761,271.84,2302,2308,111,110,2026-09-19 22:18:21.483951+00:00
US-0657792,Pleasanton,California,CA,,,2025,74556,1553014.06,-0.67,-6.42,-7.43,0.84,5.78,151,2.03,16.15,1792.0,1.07,95.92,60.98,1.97,99.32,12,18.49,64.9,33.7,38.53,34.69,46.29,40.89,40.1,2470,2539,1821,2241,2267.75,718,280.53,2470,2309,286,267,2026-09-19 22:18:21.483951+00:00
US-1716691,Country Club Hills,Illinois,IL,,,2025,16215,206245.19,-0.17,-2.97,-1.17,0.04,5.7,0,0.0,,783.0,-5.66,88.58,-6.92,4.17,98.96,12,22.98,34.87,96.53,45.53,37.58,40.55,35.68,39.83,1932,2389,2241,2511,2268.25,579,216.4,1932,2310,186,197,2026-09-19 22:18:21.483951+00:00
US-4971070,South Salt Lake,Utah,UT,,,2025,26934,442320.64,1.41,0.82,1.33,0.11,5.29,292,10.84,133.6,625.0,0.32,57.25,9.05,3.41,98.93,12,35.66,48.04,33.88,39.55,39.11,42.2,41.05,40.48,2404,2312,2133,2226,2268.75,271,100.52,2404,2311,62,62,2026-09-19 22:18:21.483951+00:00
US-0132272,Gulf Shores,Alabama,AL,,,2025,17394,450256.06,0.27,13.78,-2.94,-1.52,5.27,242,13.91,63.51,2741.0,-0.22,608.0,3.8,8.38,96.63,12,58.11,23.83,35.9,40.56,44.49,35.92,40.46,40.36,2328,2002,2491,2263,2271.0,489,176.12,2328,2312,38,41,2026-09-19 22:18:21.483951+00:00
US-0832155,Greeley,Colorado,CO,,,2025,115073,420516.7,0.26,5.32,-1.52,-0.58,3.89,683,5.94,199.56,3735.0,-0.8,395.42,30.29,3.97,99.21,12,42.2,44.45,25.71,38.87,40.4,40.97,41.57,40.45,2445,2240,2217,2188,2272.5,257,101.28,2445,2313,36,36,2026-09-19 22:18:21.483951+00:00
US-4864112,Saginaw,Texas,TX,,,2025,26706,301232.1,2.25,11.11,-3.78,-2.89,5.07,166,6.22,-51.03,754.0,-10.24,70.92,18.69,3.58,98.15,12,54.89,28.44,33.31,40.24,43.72,37.1,40.83,40.47,2354,2052,2439,2245,2272.5,387,144.69,2354,2314,128,124,2026-09-19 22:18:21.483951+00:00
US-3436510,Kearny,New Jersey,NJ,,,2025,40862,572460.31,0.47,-1.98,3.92,5.95,6.2,85,2.08,286.36,547.0,-13.31,57.0,13.06,3.87,102.87,12,32.6,42.45,54.84,41.61,38.89,41.35,39.26,40.28,2250,2323,2186,2340,2274.75,154,61.39,2250,2315,111,112,2026-09-19 22:18:21.483951+00:00
US-4174950,Tualatin,Oregon,OR,,,2025,28139,638534.81,0.75,0.94,-2.38,-0.4,4.38,147,5.22,11.36,921.0,-6.69,67.08,11.65,2.63,99.74,12,30.29,50.2,41.53,40.07,37.95,42.93,40.37,40.33,2370,2375,2090,2268,2275.75,285,115.43,2370,2316,36,35,2026-09-19 22:18:21.483951+00:00
US-2751730,Plymouth,Minnesota,MN,,,2025,78942,505891.35,0.24,-2.48,1.87,1.55,4.24,454,5.75,336.54,3170.0,-2.67,166.33,0.05,1.98,99.82,12,14.49,62.71,48.63,39.9,34.08,46.13,39.61,39.93,2383,2561,1839,2321,2276.0,722,267.24,2383,2317,89,88,2026-09-19 22:18:21.483951+00:00
US-0656112,Patterson,California,CA,,,2025,26587,507272.92,3.14,11.64,-1.65,0.58,5.0,194,7.3,295.92,560.0,-11.95,70.92,31.94,4.83,99.93,12,54.51,33.33,21.72,38.9,43.24,37.94,41.7,40.44,2444,2079,2400,2184,2276.75,365,150.72,2444,2318,282,268,2026-09-19 22:18:21.483951+00:00
US-2718116,Eden Prairie,Minnesota,MN,,,2025,63075,497058.06,0.08,-1.7,2.26,1.97,4.36,248,3.93,588.89,2217.0,0.54,138.33,21.52,2.28,99.6,12,17.71,63.49,38.1,38.83,34.5,45.95,40.35,39.91,2447,2543,1849,2269,2277.0,694,265.94,2447,2319,90,89,2026-09-19 22:18:21.483951+00:00
US-1253000,Orlando,Florida,FL,,,2025,333888,374219.07,0.37,8.34,-4.21,-0.09,6.74,2986,8.94,51.57,11381.0,-7.7,1750.92,32.72,5.67,96.72,12,71.24,15.81,18.71,38.71,46.73,32.87,41.04,39.84,2455,1817,2617,2227,2279.0,800,300.57,2455,2320,126,111,2026-09-19 22:18:21.483951+00:00
US-2826860,Gautier,Mississippi,MS,,,2025,19069,193543.93,0.38,0.36,-0.08,2.1,5.57,222,11.64,335.29,739.0,27.63,81.17,33.79,4.18,97.56,12,35.85,54.72,15.17,37.29,38.41,43.13,42.28,40.27,2547,2358,2075,2141,2280.25,472,186.22,2547,2321,23,14,2026-09-19 22:18:21.483951+00:00
US-0631708,Half Moon Bay,California,CA,,,2025,11287,1518066.51,0.07,-4.05,1.65,1.82,4.56,16,1.42,220.0,334.0,17.61,28.67,37.6,3.28,99.05,12,10.96,67.65,43.52,38.94,32.85,47.02,39.73,39.64,2437,2607,1767,2311,2280.5,840,314.53,2437,2322,281,269,2026-09-19 22:18:21.483951+00:00
US-2854040,Olive Branch,Mississippi,MS,,,2025,47563,330062.91,-0.06,2.13,-0.08,0.09,4.69,200,4.2,16.28,1843.0,3.37,188.33,21.96,3.86,98.12,12,37.25,44.76,36.86,39.78,39.44,41.32,40.59,40.28,2391,2291,2190,2252,2281.0,201,73.01,2391,2323,17,15,2026-09-19 22:18:21.483951+00:00
US-1238425,Lake Mary,Florida,FL,,,2025,16789,464353.68,-0.14,-0.27,-3.95,-0.07,6.14,23,1.37,-20.69,682.0,-5.67,66.25,-4.68,3.63,97.17,12,39.33,28.0,72.59,43.68,40.92,38.08,37.55,40.06,2104,2214,2389,2419,2281.5,315,128.96,2104,2324,98,112,2026-09-19 22:18:21.483951+00:00
US-1757732,Park Forest,Illinois,IL,,,2025,21079,154189.8,0.22,-2.43,0.34,0.55,8.27,0,0.0,-100.0,923.0,-12.84,168.5,27.17,6.9,97.58,12,52.32,13.76,72.92,43.98,43.84,34.2,37.03,39.76,2068,2040,2567,2451,2281.5,527,231.38,2068,2325,192,198,2026-09-19 22:18:21.483951+00:00
US-0604030,Barstow,California,CA,,,2025,24804,267882.3,-0.65,-2.37,-2.86,0.93,7.96,6,0.24,50.0,575.0,-13.01,89.58,14.12,5.87,97.68,12,50.46,15.61,73.29,43.97,43.43,34.72,37.06,39.79,2071,2064,2545,2449,2282.25,481,217.43,2071,2326,213,270,2026-09-19 22:18:21.483951+00:00
US-4023700,El Reno,Oklahoma,OK,,,2025,20730,179222.26,3.29,21.05,0.83,3.74,6.51,147,7.09,20.49,621.0,-23.24,86.5,29.27,5.31,96.82,12,74.65,9.71,23.66,39.17,47.52,31.28,40.33,39.57,2427,1755,2680,2270,2283.0,925,338.12,2427,2327,39,36,2026-09-19 22:18:21.483951+00:00
US-1709980,Burr Ridge,Illinois,IL,,,2025,11179,817268.62,0.14,0.09,4.12,4.96,5.87,10,0.89,-28.57,435.0,-8.81,41.17,-7.32,3.62,97.67,12,38.09,26.71,78.05,44.1,40.67,37.82,36.96,39.89,2050,2225,2405,2456,2284.0,406,160.05,2050,2328,190,199,2026-09-19 22:18:21.483951+00:00
US-4138500,Keizer,Oregon,OR,,,2025,39140,448770.58,-0.23,-0.48,-0.73,0.32,4.6,95,2.43,171.43,1028.0,0.19,104.67,9.5,3.74,99.55,12,24.42,50.04,55.7,41.21,36.8,43.21,39.08,40.07,2295,2428,2073,2350,2286.5,355,132.01,2295,2329,34,36,2026-09-19 22:18:21.483951+00:00
US-0655184,Palm Desert,California,CA,,,2025,53259,543736.45,0.57,4.04,-3.32,-2.29,6.32,313,5.88,187.16,3862.0,1.5,692.08,30.11,6.69,96.53,12,58.4,26.99,26.03,39.32,44.12,36.27,41.03,40.19,2416,2027,2475,2228,2286.5,448,175.4,2416,2330,276,271,2026-09-19 22:18:21.483951+00:00
US-4841980,League City,Texas,TX,,,2025,119905,370330.24,1.39,4.6,-1.64,-0.21,4.61,816,6.81,-12.07,5378.0,-1.01,472.92,6.83,3.22,96.78,12,43.49,36.24,41.67,40.5,41.05,39.23,40.05,40.21,2332,2203,2329,2286,2287.5,129,52.07,2332,2331,125,125,2026-09-19 22:18:21.483951+00:00
US-0675630,Suisun City,California,CA,,,2025,29454,532955.89,-0.01,-0.08,-4.44,-1.24,2.89,5,0.17,-16.67,566.0,-17.13,48.33,2.84,3.16,100.11,12,20.72,41.64,84.45,43.97,36.56,41.78,36.51,39.7,2070,2443,2157,2480,2287.5,410,177.18,2070,2332,212,272,2026-09-19 22:18:21.483951+00:00
US-2424475,Easton,Maryland,MD,,,2025,17293,446933.29,-0.29,1.08,-0.45,2.82,5.39,60,3.47,185.71,722.0,13.34,81.67,44.12,4.17,96.44,12,37.62,47.48,28.07,38.69,39.15,41.61,41.11,40.14,2459,2310,2167,2225,2290.25,292,109.9,2459,2333,12,11,2026-09-19 22:18:21.483951+00:00
US-4848684,Mineral Wells,Texas,TX,,,2025,15983,207895.79,1.41,7.8,0.0,-2.84,5.13,22,1.38,-8.33,462.0,-7.6,79.58,-1.04,6.73,96.75,12,52.15,14.5,70.84,43.64,43.66,34.25,37.08,39.66,2107,2053,2565,2448,2293.25,512,218.06,2107,2334,93,126,2026-09-19 22:18:21.483951+00:00
US-2513205,Chelsea,Massachusetts,MA,,,2025,40130,524516.7,-0.11,-1.02,-0.41,2.67,3.37,71,1.77,1.43,480.0,-3.81,34.58,13.7,2.64,100.14,12,17.37,56.18,56.63,40.77,34.9,44.6,38.76,39.76,2315,2533,1962,2364,2293.5,571,207.78,2315,2335,40,40,2026-09-19 22:18:21.483951+00:00
US-0654806,Pacifica,California,CA,,,2025,36890,1236696.56,-0.07,-4.28,-2.79,-0.41,1.77,8,0.22,-20.0,773.0,-4.45,42.92,13.94,2.03,104.58,12,0.24,65.27,73.93,41.42,30.8,47.06,36.87,39.04,2269,2679,1764,2464,2294.0,915,338.62,2269,2336,254,273,2026-09-19 22:18:21.483951+00:00
US-4820344,Dickinson,Texas,TX,,,2025,21908,265174.33,0.0,2.13,-2.75,-0.68,3.93,41,1.87,-14.58,748.0,10.81,120.17,22.51,5.96,97.43,12,33.86,42.94,48.92,40.8,38.84,41.11,39.45,40.05,2313,2328,2202,2334,2294.25,132,53.81,2313,2337,122,127,2026-09-19 22:18:21.483951+00:00
US-0654652,Oxnard,California,CA,,,2025,199651,753643.1,-0.22,-1.11,-1.25,2.42,5.16,385,1.93,-33.51,2241.0,1.77,213.83,36.71,3.52,99.61,12,25.4,54.78,40.02,39.34,36.41,43.76,40.09,39.9,2413,2452,2036,2283,2296.0,416,162.63,2413,2338,275,274,2026-09-19 22:18:21.483951+00:00
US-3959234,Oxford,Ohio,OH,,,2025,22387,337131.43,-0.19,-2.8,2.3,3.75,5.68,30,1.34,50.0,420.0,25.37,39.33,31.84,3.57,96.2,12,23.46,53.91,47.35,40.09,36.18,43.79,39.55,39.9,2369,2466,2028,2326,2297.25,438,163.51,2369,2339,138,137,2026-09-19 22:18:21.483951+00:00
US-0601640,American Canyon,California,CA,,,2025,22773,734656.72,3.36,4.45,-3.41,0.29,3.56,137,6.02,-46.69,217.0,-10.33,16.17,24.36,2.93,99.87,12,38.78,45.45,29.47,38.79,39.38,41.05,40.85,40.02,2451,2296,2208,2244,2299.75,243,92.76,2451,2340,283,275,2026-09-19 22:18:21.483951+00:00
US-0138272,Jacksonville,Alabama,AL,,,2025,14400,210724.89,-1.59,0.71,4.54,2.91,5.25,31,2.15,47.62,438.0,0.92,38.58,24.13,3.33,97.98,12,34.65,43.26,45.51,40.38,38.86,41.02,39.61,39.97,2341,2326,2215,2320,2300.5,126,49.95,2341,2341,40,42,2026-09-19 22:18:21.483951+00:00
US-2283405,Zachary,Louisiana,LA,,,2025,20621,265983.6,1.11,5.69,-0.25,0.89,3.51,137,6.64,2.24,1016.0,-0.88,127.42,2.96,4.65,98.56,12,41.62,36.48,44.83,40.62,40.56,39.27,39.63,40.02,2326,2231,2328,2318,2300.75,97,40.44,2326,2342,6,6,2026-09-19 22:18:21.483951+00:00
US-3144245,Scottsbluff,Nebraska,NE,,,2025,14259,179083.21,-0.32,-1.24,2.43,4.49,6.22,8,0.56,-27.27,405.0,-8.99,35.08,-1.17,3.27,97.35,12,35.71,27.79,79.98,44.01,39.98,37.99,36.57,39.64,2063,2267,2395,2478,2300.75,415,156.5,2063,2343,13,13,2026-09-19 22:18:21.483951+00:00
US-4159000,Portland,Oregon,OR,,,2025,635109,530322.54,0.11,-2.75,-1.47,-0.83,1.68,1223,1.93,-28.06,22753.0,6.04,2042.33,10.91,3.27,99.95,12,6.64,65.13,57.91,39.93,31.88,46.5,38.09,39.1,2380,2643,1802,2389,2303.5,841,308.19,2380,2344,37,37,2026-09-19 22:18:21.483951+00:00
US-4202184,Altoona,Pennsylvania,PA,,,2025,42347,134414.7,-0.58,-3.48,3.01,3.07,2.3,6,0.14,-25.0,1439.0,15.68,102.17,5.78,2.63,95.44,12,3.98,57.79,82.95,42.55,31.97,45.42,36.09,39.01,2182,2638,1900,2495,2303.75,738,285.54,2182,2345,45,43,2026-09-19 22:18:21.483951+00:00
US-1848798,Michigan City,Indiana,IN,,,2025,31338,189528.2,-0.56,-2.11,3.15,4.9,8.07,29,0.93,7.41,1053.0,-5.98,116.92,39.05,4.08,96.85,12,52.41,23.81,47.7,41.22,43.12,35.98,39.07,39.85,2294,2089,2490,2351,2306.0,401,144.15,2294,2346,73,73,2026-09-19 22:18:21.483951+00:00
US-5135624,Harrisonburg,Virginia,VA,,,2025,50839,348968.88,0.09,-1.66,4.54,3.44,5.1,162,3.19,86.21,870.0,-4.4,40.67,56.41,1.66,99.94,12,22.17,62.49,26.91,37.47,34.98,45.05,40.79,39.57,2532,2528,1928,2248,2309.0,604,248.28,2532,2347,35,35,2026-09-19 22:18:21.483951+00:00
US-1241825,Lynn Haven,Florida,FL,,,2025,22479,323889.5,2.2,20.48,-1.7,-0.34,5.09,284,12.63,33.33,827.0,-7.91,96.17,0.61,4.31,96.9,12,58.61,20.78,38.29,40.29,44.21,34.75,39.55,39.7,2351,2018,2543,2325,2309.25,525,188.05,2351,2348,117,113,2026-09-19 22:18:21.483951+00:00
US-1762783,Rantoul,Illinois,IL,,,2025,11991,143633.93,-0.18,-2.69,9.57,9.19,9.0,11,0.92,,301.0,-18.21,23.83,52.13,2.94,97.0,12,54.03,23.18,44.19,40.77,43.3,35.59,39.16,39.71,2314,2074,2507,2346,2310.25,433,154.77,2314,2349,202,200,2026-09-19 22:18:21.483951+00:00
US-1249425,North Lauderdale,Florida,FL,,,2025,45733,355155.0,-0.19,2.18,-4.26,0.77,6.75,8,0.17,,613.0,-8.1,131.25,49.29,7.98,96.54,12,58.67,12.97,55.76,41.95,44.53,33.1,37.82,39.35,2232,1999,2608,2403,2310.5,609,223.75,2232,2350,107,114,2026-09-19 22:18:21.483951+00:00
US-0668364,San Rafael,California,CA,,,2025,59410,1271641.91,-0.68,-2.83,-1.64,-0.4,3.36,19,0.32,-34.48,1329.0,2.23,116.75,12.26,3.26,99.4,12,9.74,55.82,73.89,41.9,33.19,44.71,36.89,39.17,2235,2592,1952,2463,2310.5,640,243.27,2235,2351,249,276,2026-09-19 22:18:21.483951+00:00
US-4826544,Forest Hill,Texas,TX,,,2025,14056,226387.17,-1.29,0.76,-3.67,-0.13,6.75,5,0.36,0.0,261.0,-4.04,34.92,55.76,5.18,96.84,12,52.5,21.81,51.17,41.42,43.09,35.42,38.55,39.62,2268,2091,2515,2369,2310.75,424,154.3,2268,2352,115,128,2026-09-19 22:18:21.483951+00:00
US-2907966,Branson,Missouri,MO,,,2025,12921,246806.07,0.2,2.15,-2.33,-1.4,6.13,20,1.55,-80.0,1385.0,-3.15,305.58,5.53,8.11,95.91,12,50.5,17.71,65.45,42.76,42.9,34.71,37.24,39.4,2163,2101,2546,2435,2311.25,445,184.8,2163,2353,61,62,2026-09-19 22:18:21.483951+00:00
US-4827984,Gainesville,Texas,TX,,,2025,18528,251153.84,0.86,6.52,-2.23,0.45,6.3,41,2.21,-68.46,560.0,-12.09,104.75,16.82,7.17,96.4,12,63.17,9.89,50.69,41.4,45.31,32.0,37.95,39.16,2271,1931,2646,2397,2311.25,715,257.69,2271,2354,116,129,2026-09-19 22:18:21.483951+00:00
US-4862600,Robstown,Texas,TX,,,2025,10324,112839.91,-0.71,1.91,-9.64,-6.5,-5.27,4,0.39,-33.33,64.0,10.34,23.17,-9.15,17.68,91.09,12,27.4,33.57,85.38,44.05,37.95,39.49,35.97,39.37,2056,2376,2318,2501,2312.75,445,162.32,2056,2355,88,130,2026-09-19 22:18:21.483951+00:00
US-4525810,Florence,South Carolina,SC,,,2025,41231,219703.93,0.74,3.16,2.84,2.59,6.43,436,10.57,19.45,1815.0,-4.07,220.67,13.7,4.45,96.92,12,57.93,24.6,30.12,39.31,43.76,35.43,40.15,39.66,2417,2046,2513,2279,2313.75,467,175.54,2417,2356,36,36,2026-09-19 22:18:21.483951+00:00
US-3479610,West New York,New Jersey,NJ,,,2025,53192,441690.5,1.12,1.37,1.35,5.89,5.74,72,1.35,-93.42,659.0,-12.95,97.92,20.88,5.54,99.9,12,42.74,30.63,54.49,41.44,40.87,37.84,38.46,39.65,2267,2217,2403,2373,2315.0,186,75.86,2267,2357,112,113,2026-09-19 22:18:21.483951+00:00
US-4809328,Bonham,Texas,TX,,,2025,11263,232329.11,1.52,8.68,-1.25,-0.72,5.93,9,0.8,-85.25,253.0,-29.13,62.08,11.53,9.05,95.78,12,61.36,4.43,67.72,43.02,45.23,31.0,36.38,38.91,2149,1941,2691,2482,2315.75,750,290.13,2149,2358,98,131,2026-09-19 22:18:21.483951+00:00
US-1260975,Riviera Beach,Florida,FL,,,2025,39357,404498.33,-0.33,4.57,-5.09,-1.28,7.21,175,4.45,483.33,1424.0,-14.01,361.75,15.33,9.47,94.59,12,71.0,4.84,41.13,40.38,46.67,30.13,38.24,38.86,2342,1826,2717,2382,2316.75,891,318.56,2342,2359,115,115,2026-09-19 22:18:21.483951+00:00
US-4866644,Seguin,Texas,TX,,,2025,41048,274370.87,5.46,39.16,-3.12,-3.01,2.94,811,19.76,-20.02,2784.0,1.64,457.75,0.11,6.03,97.07,12,50.57,29.9,36.41,39.79,42.24,37.08,39.85,39.74,2390,2139,2440,2300,2317.25,301,114.49,2390,2360,137,132,2026-09-19 22:18:21.483951+00:00
US-0473000,Tempe,Arizona,AZ,,,2025,190571,465100.88,0.63,2.85,-3.47,-0.65,5.24,1287,6.75,19.72,4139.0,4.55,435.25,38.91,3.84,97.48,12,43.6,43.78,19.5,37.64,40.04,40.08,41.27,39.76,2518,2261,2285,2208,2318.0,310,118.78,2518,2361,38,35,2026-09-19 22:18:21.483951+00:00
US-4252320,Munhall,Pennsylvania,PA,,,2025,10253,151538.16,-0.66,-4.72,2.41,4.34,6.07,1,0.1,0.0,383.0,-3.53,35.17,-4.52,3.45,98.24,12,21.64,37.09,89.78,44.08,36.49,40.36,35.4,39.08,2052,2444,2256,2521,2318.25,469,181.44,2052,2362,41,44,2026-09-19 22:18:21.483951+00:00
US-1200950,Altamonte Springs,Florida,FL,,,2025,48000,293479.56,2.55,3.96,-4.76,-0.28,6.43,270,5.63,-64.33,1547.0,-8.46,239.08,0.99,5.7,96.41,12,60.05,14.37,48.41,41.15,44.6,33.18,38.33,39.32,2300,1989,2606,2378,2318.25,617,220.86,2300,2363,110,116,2026-09-19 22:18:21.483951+00:00
US-4825572,Fate,Texas,TX,,,2025,29007,365193.01,5.84,57.41,-3.42,-3.65,4.85,297,10.24,-48.35,1564.0,-7.57,198.58,-5.96,4.62,96.84,12,57.56,19.41,43.24,40.63,43.97,34.43,38.96,39.5,2325,2037,2556,2357,2318.75,519,185.18,2325,2364,123,133,2026-09-19 22:18:21.483951+00:00
US-0845255,Littleton,Colorado,CO,,,2025,46246,629214.74,1.8,1.47,-2.83,-0.08,4.29,1086,23.48,69.16,7376.0,3.18,528.08,53.36,2.61,98.95,12,32.29,59.85,5.76,35.3,36.58,43.47,42.04,39.35,2629,2441,2053,2157,2320.0,576,228.02,2629,2365,42,37,2026-09-19 22:18:21.483951+00:00
US-4248360,Meadville,Pennsylvania,PA,,,2025,12230,160936.41,-0.46,-5.84,7.37,3.31,5.56,0,0.0,,261.0,8.75,19.25,23.53,2.79,94.62,12,15.9,48.98,75.35,42.34,34.75,43.02,36.73,39.21,2196,2537,2083,2470,2321.5,454,187.83,2196,2366,46,45,2026-09-19 22:18:21.483951+00:00
US-1254725,Panama City Beach,Florida,FL,,,2025,20375,414094.92,1.98,13.28,-6.25,-4.42,5.45,47,2.31,-88.76,3015.0,-10.67,1052.33,0.01,12.88,95.13,12,59.31,8.59,62.92,42.46,44.63,31.95,36.85,38.97,2188,1982,2649,2467,2321.5,667,255.69,2188,2367,105,117,2026-09-19 22:18:21.483951+00:00
US-4848768,Mission,Texas,TX,,,2025,88992,222081.64,0.58,3.65,-0.53,1.93,6.79,722,8.11,3.88,1742.0,-3.49,430.67,21.26,9.12,96.62,12,63.73,18.8,27.39,38.92,44.8,33.57,39.88,39.29,2441,1965,2592,2296,2323.5,627,231.94,2441,2368,146,134,2026-09-19 22:18:21.483951+00:00
US-3819620,Dickinson,North Dakota,ND,,,2025,25870,322507.37,0.87,0.24,7.38,5.33,4.34,61,2.36,238.89,1038.0,8.35,110.0,34.97,3.89,98.5,12,26.63,53.33,37.81,38.77,36.31,42.99,39.76,39.46,2452,2460,2084,2309,2326.25,376,152.22,2452,2369,8,7,2026-09-19 22:18:21.483951+00:00
US-2603000,Ann Arbor,Michigan,MI,,,2025,122233,520659.0,0.65,-1.24,3.01,4.51,5.37,557,4.56,89.46,3232.0,-0.98,237.67,29.7,2.73,99.59,12,26.4,56.35,30.37,37.88,35.98,43.47,40.28,39.4,2507,2475,2052,2271,2326.25,455,182.39,2507,2370,79,74,2026-09-19 22:18:21.483951+00:00
US-3707080,Boone,North Carolina,NC,,,2025,19929,479718.48,-0.56,1.95,-1.02,2.91,8.14,263,13.2,1778.57,248.0,-21.02,28.5,17.93,4.31,96.16,12,71.22,11.5,24.68,38.69,46.33,31.4,39.7,39.03,2460,1855,2677,2313,2326.25,822,301.32,2460,2371,51,49,2026-09-19 22:18:21.483951+00:00
US-0553390,Paragould,Arkansas,AR,,,2025,31135,190735.66,1.28,4.98,0.46,1.65,5.18,146,4.69,-40.41,1379.0,-1.99,152.5,15.46,4.08,97.14,12,48.26,30.41,40.1,39.97,41.68,37.22,39.41,39.57,2378,2166,2429,2335,2327.0,263,98.73,2378,2372,24,23,2026-09-19 22:18:21.483951+00:00
US-3138295,Papillion,Nebraska,NE,,,2025,25127,408545.98,-0.06,-1.41,1.3,2.33,5.49,888,35.34,87.74,809.0,-6.15,27.08,39.48,1.22,100.18,12,26.92,63.38,9.41,35.3,35.23,44.34,41.57,39.11,2628,2518,1986,2187,2329.75,642,256.38,2628,2373,15,14,2026-09-19 22:18:21.483951+00:00
US-1314500,Cedartown,Georgia,GA,,,2025,10514,200162.59,1.27,3.42,-1.7,1.99,8.74,108,10.27,350.0,213.0,-21.69,38.58,27.55,7.71,95.88,12,78.73,4.54,19.77,38.02,47.63,29.08,39.45,38.55,2503,1744,2740,2333,2330.0,996,367.91,2503,2374,74,70,2026-09-19 22:18:21.483951+00:00
US-3135000,North Platte,Nebraska,NE,,,2025,22524,211377.68,0.0,-3.35,5.72,4.6,6.38,220,9.77,780.0,958.0,-1.54,46.42,-11.45,1.81,96.5,12,29.67,46.94,45.53,39.68,37.23,41.55,39.03,39.37,2396,2407,2170,2353,2331.5,237,95.4,2396,2375,14,15,2026-09-19 22:18:21.483951+00:00
US-4803300,Anna,Texas,TX,,,2025,35245,354960.2,10.15,100.07,-6.76,-4.62,4.72,864,24.51,-26.34,2155.0,1.89,355.92,35.24,6.1,97.7,12,56.9,32.52,11.38,36.99,42.76,36.66,41.38,39.45,2562,2111,2458,2197,2332.0,451,184.28,2562,2376,176,135,2026-09-19 22:18:21.483951+00:00
US-4821892,Eagle Pass,Texas,TX,,,2025,28926,226888.21,0.48,2.51,2.01,5.08,5.97,94,3.25,22.08,428.0,2.64,112.0,19.25,10.07,95.97,12,50.09,27.0,42.99,40.23,42.1,36.32,38.99,39.41,2356,2147,2471,2356,2332.5,324,116.94,2356,2377,129,136,2026-09-19 22:18:21.483951+00:00
US-0659920,Redding,California,CA,,,2025,94092,387190.52,0.46,0.34,-1.18,0.13,3.88,195,2.07,58.54,3252.0,2.75,257.92,31.31,2.89,98.48,12,25.23,53.01,41.57,39.04,36.02,42.96,39.37,39.35,2434,2474,2086,2336,2332.5,388,150.91,2434,2378,279,277,2026-09-19 22:18:21.483951+00:00
US-3886220,Williston,North Dakota,ND,,,2025,29522,366842.62,2.43,0.74,7.92,4.06,3.32,97,3.29,59.02,865.0,-6.18,53.92,5.55,2.3,98.81,12,25.32,47.54,54.33,40.35,36.34,41.89,38.22,39.2,2347,2456,2149,2385,2334.25,307,113.88,2347,2379,7,8,2026-09-19 22:18:21.483951+00:00
US-0623182,Fairfield,California,CA,,,2025,122489,603965.41,0.14,2.17,-2.72,-0.17,3.65,208,1.7,-27.27,2392.0,-7.11,212.33,24.11,3.22,99.4,12,32.74,42.38,49.16,40.22,38.09,40.51,38.72,39.38,2359,2372,2246,2366,2335.75,126,52.02,2359,2380,266,278,2026-09-19 22:18:21.483951+00:00
US-0446000,Mesa,Arizona,AZ,,,2025,513656,432480.49,-0.22,1.52,-3.34,-0.96,5.49,2015,3.92,-26.33,16070.0,1.08,1650.42,31.12,3.77,98.07,12,40.71,41.2,31.72,38.63,39.51,39.63,40.03,39.45,2464,2288,2306,2288,2336.5,176,73.98,2464,2381,36,36,2026-09-19 22:18:21.483951+00:00
US-4854804,Palmview,Texas,TX,,,2025,15878,185651.79,-0.36,0.31,-0.17,3.53,8.07,114,7.18,111.11,127.0,-4.51,32.83,21.23,9.99,97.07,12,62.93,18.7,28.88,38.93,44.55,33.49,39.62,39.15,2440,1996,2594,2319,2337.25,598,219.81,2440,2382,145,137,2026-09-19 22:18:21.483951+00:00
US-4846440,Manor,Texas,TX,,,2025,23070,326857.8,6.54,63.36,-6.83,-7.33,3.81,1181,51.19,79.21,1225.0,-3.92,141.08,12.34,4.33,98.07,12,52.79,30.22,27.41,38.55,42.21,36.57,40.1,39.36,2468,2142,2461,2282,2338.25,326,135.63,2468,2383,149,138,2026-09-19 22:18:21.483951+00:00
US-4005700,Bethany,Oklahoma,OK,,,2025,20315,179162.61,-0.82,-2.45,-1.32,1.55,6.06,15,0.74,15.38,601.0,-8.38,35.5,18.99,2.16,97.73,12,29.04,40.44,62.38,41.36,37.46,40.31,37.5,39.16,2277,2392,2262,2424,2338.75,162,70.37,2277,2384,34,37,2026-09-19 22:18:21.483951+00:00
US-1248750,Niceville,Florida,FL,,,2025,17948,430869.7,0.39,13.19,-2.24,-0.48,4.63,78,4.35,8.33,898.0,-1.32,128.33,40.9,5.64,98.17,12,53.29,30.4,25.59,38.35,42.27,36.54,40.22,39.34,2485,2138,2463,2277,2340.75,347,142.24,2485,2385,130,118,2026-09-19 22:18:21.483951+00:00
US-2829700,Gulfport,Mississippi,MS,,,2025,76506,201391.09,2.17,4.96,-0.38,1.15,5.43,1098,14.35,-4.69,3052.0,0.1,373.25,5.76,4.5,96.65,12,50.33,29.96,34.31,39.19,41.81,36.72,39.56,39.32,2426,2161,2454,2323,2341.0,293,114.8,2426,2386,19,16,2026-09-19 22:18:21.483951+00:00
US-0178204,Valley,Alabama,AL,,,2025,10294,173904.19,0.06,-1.19,0.99,3.63,5.03,92,8.94,170.59,416.0,24.18,45.08,-2.35,4.02,96.91,12,23.84,53.2,43.66,39.07,35.62,42.96,39.04,39.17,2430,2497,2085,2352,2341.0,412,156.46,2430,2387,44,43,2026-09-19 22:18:21.483951+00:00
US-2079950,Winfield,Kansas,KS,,,2025,11745,135532.81,0.32,-0.19,2.52,4.03,7.29,7,0.6,-36.36,426.0,-8.97,47.92,35.61,4.17,95.55,12,54.25,17.47,53.83,41.27,43.15,33.96,37.66,39.01,2288,2086,2580,2410,2341.0,494,180.08,2288,2388,29,29,2026-09-19 22:18:21.483951+00:00
US-1804114,Bedford,Indiana,IN,,,2025,13962,209173.15,0.56,1.04,4.12,4.43,7.17,99,7.09,,602.0,-22.32,73.0,-0.34,4.49,97.61,12,59.09,15.37,45.78,40.46,43.97,33.04,38.08,38.89,2333,2036,2610,2390,2342.25,574,204.84,2333,2389,74,74,2026-09-19 22:18:21.483951+00:00
US-3726880,Goldsboro,North Carolina,NC,,,2025,35012,194684.0,0.33,1.63,-0.63,2.41,5.73,134,3.83,13.56,1076.0,0.47,112.83,31.07,3.84,97.63,12,43.84,37.46,32.2,38.7,40.18,38.58,39.8,39.32,2457,2254,2360,2304,2343.75,203,75.37,2457,2390,50,50,2026-09-19 22:18:21.483951+00:00
US-4824768,Euless,Texas,TX,,,2025,60008,356894.96,0.1,-1.73,-2.9,-0.08,5.76,219,3.65,-45.25,1247.0,4.35,93.08,35.72,2.74,97.94,12,28.42,53.58,30.63,37.78,36.3,42.59,39.96,39.16,2513,2461,2112,2291,2344.25,401,157.23,2513,2391,159,139,2026-09-19 22:18:21.483951+00:00
US-4876000,Waco,Texas,TX,,,2025,147788,198264.82,0.68,5.16,-3.16,-1.54,5.56,1119,7.57,58.72,4551.0,0.53,712.25,10.68,5.74,96.52,12,52.2,26.58,37.31,39.51,42.28,35.88,39.18,39.21,2406,2137,2494,2345,2345.5,357,131.52,2406,2392,140,140,2026-09-19 22:18:21.483951+00:00
US-1911080,Carroll,Iowa,IA,,,2025,10085,201922.77,-0.71,-2.19,6.67,3.81,6.34,9,0.89,-40.0,311.0,4.71,33.67,22.05,4.08,95.56,12,33.68,37.51,57.87,41.07,38.46,39.42,37.82,39.19,2305,2355,2322,2402,2346.0,97,36.99,2305,2393,30,31,2026-09-19 22:18:21.483951+00:00
US-0803455,Arvada,Colorado,CO,,,2025,122901,614879.57,0.48,-1.17,-2.49,-0.09,4.21,187,1.52,-48.63,5775.0,0.19,428.75,34.02,2.69,99.36,12,19.6,56.75,44.52,38.84,34.49,43.77,38.81,38.98,2446,2545,2031,2362,2346.0,514,193.06,2446,2394,37,38,2026-09-19 22:18:21.483951+00:00
US-0610046,Camarillo,California,CA,,,2025,68652,901042.42,-1.16,-2.94,-0.14,2.43,5.19,399,5.81,-17.73,1961.0,6.52,142.58,51.68,2.66,99.42,12,18.21,67.64,18.13,35.49,33.03,45.38,40.45,38.59,2616,2601,1906,2265,2347.0,710,290.72,2616,2395,314,279,2026-09-19 22:18:21.483951+00:00
US-4852212,Northlake,Texas,TX,,,2025,12036,503487.27,11.93,117.89,-3.71,-2.24,5.93,438,36.39,-31.24,1091.0,-8.55,164.33,18.8,5.55,96.78,12,67.71,15.65,22.12,38.09,45.25,32.24,39.73,38.83,2498,1938,2641,2312,2347.25,703,263.51,2498,2396,154,141,2026-09-19 22:18:21.483951+00:00
US-4831328,Groves,Texas,TX,,,2025,16907,179241.23,0.01,-2.24,6.81,1.24,2.89,30,1.77,-16.67,676.0,13.42,50.75,-14.83,2.78,94.7,12,11.33,53.07,73.38,41.45,33.16,43.59,36.32,38.63,2265,2596,2045,2484,2347.5,551,211.36,2265,2397,114,142,2026-09-19 22:18:21.483951+00:00
US-4845120,Lumberton,Texas,TX,,,2025,14123,278651.15,-0.77,3.65,0.26,0.8,2.98,53,3.75,65.63,529.0,-1.31,64.75,-16.36,4.65,98.17,12,35.83,33.27,61.89,41.45,38.97,38.33,37.29,39.01,2264,2317,2377,2433,2347.75,169,63.41,2264,2398,113,143,2026-09-19 22:18:21.483951+00:00
US-4167100,Sherwood,Oregon,OR,,,2025,20535,633401.44,0.88,0.42,-2.09,-0.14,4.66,40,1.95,-57.45,841.0,-12.03,71.17,9.49,3.16,99.72,12,29.02,41.42,59.02,40.86,37.24,40.34,37.6,39.01,2312,2406,2258,2416,2348.0,158,65.92,2312,2399,35,38,2026-09-19 22:18:21.483951+00:00
US-0826270,Federal Heights,Colorado,CO,,,2025,14075,399501.57,-0.45,-2.21,-3.66,-2.31,2.82,0,0.0,,118.0,10.28,10.75,84.29,3.75,98.69,12,11.33,57.6,62.0,40.19,32.81,44.38,37.22,38.65,2364,2610,1981,2437,2348.0,629,229.95,2364,2400,34,39,2026-09-19 22:18:21.483951+00:00
US-1224475,Fort Walton Beach,Florida,FL,,,2025,21097,319069.19,-0.45,0.72,-2.89,-1.6,4.36,20,0.95,25.0,994.0,6.31,150.0,-0.72,5.9,96.29,12,28.93,34.91,74.8,42.49,37.61,39.1,36.21,38.85,2187,2387,2333,2488,2348.75,301,108.7,2187,2401,104,119,2026-09-19 22:18:21.483951+00:00
US-2715022,Dayton,Minnesota,MN,,,2025,11402,515773.17,5.9,53.42,1.98,0.96,4.07,143,12.54,-40.91,913.0,-13.71,96.75,19.81,4.13,99.16,12,53.87,30.16,23.57,38.0,42.21,36.28,40.17,39.17,2505,2141,2474,2278,2349.5,364,148.55,2505,2402,91,90,2026-09-19 22:18:21.483951+00:00
US-0602896,Artesia,California,CA,,,2025,15789,859015.49,0.2,-3.37,-0.48,4.2,5.97,17,1.08,-71.19,159.0,-31.17,14.33,2.38,3.34,100.99,12,24.49,40.73,71.66,41.97,36.44,40.5,36.52,38.86,2228,2448,2248,2479,2350.75,251,113.5,2228,2403,248,280,2026-09-19 22:18:21.483951+00:00
US-3744400,Morganton,North Carolina,NC,,,2025,17849,257767.03,0.11,1.98,0.12,3.4,6.98,88,4.93,-9.28,410.0,-21.46,51.83,-11.77,4.74,95.51,12,61.12,8.59,55.61,41.36,44.54,31.4,36.93,38.56,2278,1997,2676,2459,2352.5,679,248.96,2278,2404,49,51,2026-09-19 22:18:21.483951+00:00
US-4022050,Durant,Oklahoma,OK,,,2025,21552,228733.33,2.72,15.08,0.42,0.92,5.66,155,7.19,-11.93,562.0,-1.75,88.67,36.76,5.8,96.26,12,62.65,22.21,19.53,37.72,44.05,33.94,40.14,38.96,2516,2033,2581,2281,2352.75,548,215.72,2516,2405,40,38,2026-09-19 22:18:21.483951+00:00
US-1304896,Bainbridge,Georgia,GA,,,2025,14606,169064.56,0.25,0.87,-4.36,1.02,5.89,110,7.53,-0.9,377.0,22.01,67.67,30.13,7.01,96.09,12,42.05,42.86,22.42,37.43,39.35,39.55,40.45,39.19,2536,2298,2314,2264,2353.0,272,107.19,2536,2406,76,71,2026-09-19 22:18:21.483951+00:00
US-3755900,Reidsville,North Carolina,NC,,,2025,14692,207379.65,-0.07,0.69,-1.28,1.62,3.25,23,1.57,4.55,641.0,27.44,73.75,48.49,4.19,97.29,12,24.94,53.64,38.82,38.46,35.63,42.81,39.24,39.03,2478,2495,2097,2343,2353.25,398,159.24,2478,2407,52,52,2026-09-19 22:18:21.483951+00:00
US-1227322,Greenacres,Florida,FL,,,2025,44736,283264.34,-0.46,1.67,-8.1,-1.44,6.94,4,0.09,300.0,1463.0,-19.44,331.5,33.8,8.73,96.79,12,59.24,6.8,63.77,42.02,44.19,31.08,36.09,38.34,2220,2023,2687,2494,2356.0,664,253.96,2220,2408,106,120,2026-09-19 22:18:21.483951+00:00
US-1250575,Oakland Park,Florida,FL,,,2025,45332,369977.2,-0.05,2.28,-5.23,0.54,7.05,46,1.01,2.22,923.0,-16.39,292.42,32.72,11.71,96.49,12,63.13,8.3,50.07,40.67,44.72,31.01,37.15,38.39,2323,1974,2689,2444,2357.5,715,257.7,2323,2409,113,121,2026-09-19 22:18:21.483951+00:00
US-0151096,Moody,Alabama,AL,,,2025,13559,257706.38,-0.33,2.49,-0.54,-0.45,4.82,50,3.69,354.55,530.0,-5.36,50.42,5.95,3.49,98.07,12,39.28,33.4,51.93,40.38,39.41,37.94,37.9,38.91,2340,2295,2399,2399,2358.25,104,43.75,2340,2410,39,44,2026-09-19 22:18:21.483951+00:00
US-1328968,Fayetteville,Georgia,GA,,,2025,20465,437496.35,0.44,7.63,-1.02,1.6,6.29,141,6.89,161.11,781.0,-12.54,109.92,27.44,5.43,98.0,12,64.13,18.1,25.2,38.29,44.48,32.97,39.52,38.82,2491,2003,2611,2328,2358.25,608,228.38,2491,2411,73,72,2026-09-19 22:18:21.483951+00:00
US-0659514,Rancho Palos Verdes,California,CA,,,2025,39654,1790140.31,-0.95,-5.89,-3.02,1.18,6.06,16,0.4,45.45,1223.0,7.0,144.58,26.37,4.42,98.21,12,21.51,47.55,61.28,40.57,35.29,41.8,37.21,38.72,2327,2516,2154,2439,2359.0,362,136.1,2327,2412,261,281,2026-09-19 22:18:21.483951+00:00
US-2018250,Dodge City,Kansas,KS,,,2025,27653,214171.94,-0.64,-0.3,1.43,7.38,9.66,53,1.92,-59.54,539.0,-6.75,70.25,69.62,4.92,,12,64.23,13.72,34.34,39.08,44.6,31.97,38.51,38.54,2429,1990,2648,2370,2359.25,658,237.01,2429,2413,32,30,2026-09-19 22:18:21.483951+00:00
US-4854708,Palestine,Texas,TX,,,2025,19555,194909.04,0.27,5.22,-8.51,-1.12,4.6,12,0.61,-52.0,491.0,-11.21,94.0,4.93,7.14,98.09,12,44.94,16.96,75.95,42.9,41.2,34.2,35.45,38.44,2155,2196,2568,2520,2359.75,413,185.6,2155,2414,100,144,2026-09-19 22:18:21.483951+00:00
US-1310944,Brookhaven,Georgia,GA,,,2025,59643,733144.88,0.14,5.09,2.34,2.63,5.01,143,2.4,22.22,2067.0,-4.97,227.33,30.09,4.11,98.11,12,47.04,30.13,40.16,39.4,40.93,36.71,38.74,38.95,2411,2210,2457,2365,2360.75,247,92.91,2411,2415,72,73,2026-09-19 22:18:21.483951+00:00
US-1278000,Wilton Manors,Florida,FL,,,2025,11655,573855.11,-0.15,1.9,-4.29,0.53,7.93,7,0.6,-12.5,249.0,-18.89,96.92,65.43,14.9,94.71,12,69.5,1.62,47.5,40.24,45.84,28.87,36.75,37.92,2352,1885,2743,2469,2362.25,858,309.93,2352,2416,118,122,2026-09-19 22:18:21.483951+00:00
US-2102368,Ashland,Kentucky,KY,,,2025,20996,124956.16,-0.75,-2.76,-0.88,-2.18,2.05,11,0.52,22.22,858.0,18.84,70.08,4.08,3.09,95.58,12,6.57,55.31,77.45,41.35,31.83,44.01,35.59,38.2,2279,2646,2009,2516,2362.5,637,242.83,2279,2417,20,21,2026-09-19 22:18:21.483951+00:00
US-0670098,Santa Rosa,California,CA,,,2025,179437,713330.4,0.84,0.84,-3.09,0.24,2.57,652,3.63,123.29,4440.0,2.4,386.83,25.9,3.22,99.42,12,22.48,56.56,36.33,37.87,34.78,43.3,39.2,38.79,2509,2536,2068,2344,2364.25,468,186.16,2509,2418,295,282,2026-09-19 22:18:21.483951+00:00
US-0667042,San Gabriel,California,CA,,,2025,38186,1096960.79,0.32,-3.27,2.52,3.6,5.63,61,1.6,-45.05,434.0,-9.39,35.17,19.89,2.98,103.12,12,21.15,51.03,53.14,39.61,34.91,42.38,37.8,38.68,2402,2530,2124,2404,2365.0,406,148.49,2402,2419,273,283,2026-09-19 22:18:21.483951+00:00
US-4870904,Sulphur Springs,Texas,TX,,,2025,17054,249613.8,0.76,6.81,-2.18,-3.65,2.33,60,3.52,-4.76,467.0,12.26,80.5,25.95,6.34,96.11,12,39.24,39.47,36.75,38.7,38.94,38.99,39.1,38.93,2456,2322,2342,2349,2367.25,134,52.19,2456,2420,147,145,2026-09-19 22:18:21.483951+00:00
US-2862520,Ridgeland,Mississippi,MS,,,2025,24750,281718.46,0.19,0.54,3.36,2.79,5.92,49,1.98,81.48,605.0,-5.91,58.08,3.41,3.58,96.79,12,40.72,26.6,63.49,41.47,39.9,36.37,36.65,38.6,2259,2271,2470,2475,2368.75,216,103.85,2259,2421,15,17,2026-09-19 22:18:21.483951+00:00
US-0845970,Longmont,Colorado,CO,,,2025,100109,555553.74,0.51,0.92,-2.94,-1.15,3.91,1200,11.99,26.58,3807.0,3.96,352.67,13.82,3.39,98.82,12,28.36,53.41,28.6,37.19,35.91,42.17,39.66,38.73,2554,2481,2136,2314,2371.25,418,161.29,2554,2422,40,40,2026-09-19 22:18:21.483951+00:00
US-2600440,Adrian,Michigan,MI,,,2025,20191,187680.46,-0.49,-2.09,3.49,3.93,5.99,29,1.44,7.41,694.0,-14.74,45.58,-24.97,2.47,97.49,12,29.88,32.34,76.14,42.31,37.56,38.17,35.62,38.41,2200,2390,2382,2514,2371.5,314,111.99,2200,2423,72,75,2026-09-19 22:18:21.483951+00:00
US-0633000,Hayward,California,CA,,,2025,157113,837414.49,-0.02,-3.43,-6.85,-0.57,2.69,47,0.3,-72.99,2377.0,-2.46,158.83,43.42,2.48,101.86,12,6.54,63.85,54.73,38.64,30.96,45.29,37.15,38.01,2463,2668,1912,2445,2372.0,756,279.65,2463,2424,285,284,2026-09-19 22:18:21.483951+00:00
US-4841116,La Marque,Texas,TX,,,2025,20324,232301.75,0.56,10.07,-3.59,-1.64,2.9,137,6.74,30.48,858.0,4.63,124.83,18.51,5.53,96.74,12,45.58,34.47,32.28,38.36,40.25,37.47,39.25,38.83,2483,2251,2416,2341,2372.75,232,86.4,2483,2425,151,146,2026-09-19 22:18:21.483951+00:00
US-0645400,Manhattan Beach,California,CA,,,2025,33122,3142415.62,-0.88,-6.3,2.31,1.03,4.94,91,2.75,-6.19,1014.0,9.74,98.67,12.65,3.54,99.13,12,10.57,61.54,50.95,38.51,31.92,44.66,37.54,38.16,2474,2642,1956,2420,2373.0,686,254.29,2474,2426,287,285,2026-09-19 22:18:21.483951+00:00
US-4833320,Hereford,Texas,TX,,,2025,14976,174655.4,0.7,0.43,-0.92,1.78,4.45,33,2.2,-29.79,238.0,81.68,67.5,250.65,11.16,98.42,12,27.88,52.17,32.21,37.47,35.82,41.89,39.25,38.61,2531,2487,2150,2342,2377.5,381,148.8,2531,2427,168,147,2026-09-19 22:18:21.483951+00:00
US-2637420,Hazel Park,Michigan,MI,,,2025,14937,161958.53,0.1,-0.08,-4.38,2.23,4.57,9,0.6,-35.71,891.0,-6.6,62.58,8.21,2.62,97.73,12,26.09,37.31,73.45,41.86,36.56,39.37,35.88,38.42,2239,2442,2325,2505,2377.75,266,102.9,2239,2428,75,76,2026-09-19 22:18:21.483951+00:00
US-0678582,Thousand Oaks,California,CA,,,2025,122230,1027061.69,-1.12,-3.61,-0.55,2.19,5.38,58,0.47,9.43,3541.0,3.42,316.58,42.39,3.27,98.9,12,17.59,54.17,52.28,39.06,33.77,42.91,37.52,38.32,2433,2568,2093,2423,2379.25,475,174.91,2433,2429,278,286,2026-09-19 22:18:21.483951+00:00
US-4130550,Grants Pass,Oregon,OR,,,2025,39239,397855.65,-0.35,0.07,-0.83,-0.19,3.63,195,4.97,107.45,1515.0,7.29,155.92,9.61,3.83,98.36,12,23.06,51.98,44.38,38.51,34.93,42.16,38.21,38.45,2472,2529,2138,2386,2381.25,391,149.38,2472,2430,41,39,2026-09-19 22:18:21.483951+00:00
US-4857200,Pharr,Texas,TX,,,2025,80830,167783.96,-0.26,1.25,-2.59,2.41,7.26,182,2.25,-38.93,836.0,-8.23,212.58,27.87,9.37,96.61,12,60.84,13.13,42.34,39.52,43.75,31.82,37.52,38.15,2405,2047,2655,2421,2382.0,608,217.26,2405,2431,139,148,2026-09-19 22:18:21.483951+00:00
US-4870808,Sugar Land,Texas,TX,,,2025,107726,444694.39,-1.11,-2.79,-0.73,1.57,6.57,420,3.9,526.87,3224.0,6.79,321.83,33.96,3.69,97.01,12,34.56,45.94,30.6,37.55,37.38,40.23,39.29,38.61,2524,2396,2271,2338,2382.25,253,93.03,2524,2432,163,149,2026-09-19 22:18:21.483951+00:00
US-4862804,Rockport,Texas,TX,,,2025,11348,312620.06,2.16,11.9,-4.3,-2.45,4.11,123,10.84,-8.21,867.0,5.73,277.92,17.1,12.18,95.62,12,50.24,31.19,26.97,37.76,41.03,36.27,39.34,38.6,2514,2204,2476,2337,2382.75,310,122.44,2514,2433,160,150,2026-09-19 22:18:21.483951+00:00
US-2710918,Chanhassen,Minnesota,MN,,,2025,25748,549993.41,0.1,-0.9,0.76,1.33,4.3,333,12.93,1133.33,1078.0,0.65,61.33,28.45,2.19,99.45,12,21.2,63.55,17.18,35.02,33.3,43.89,39.86,38.02,2641,2584,2020,2299,2386.0,621,247.87,2641,2434,93,91,2026-09-19 22:18:21.483951+00:00
US-4631060,Huron,South Dakota,SD,,,2025,14607,179476.84,0.31,2.41,8.07,0.13,4.23,9,0.62,12.5,429.0,-12.09,34.42,-0.48,2.99,95.97,12,35.94,24.01,79.08,42.55,38.83,35.85,34.88,38.03,2183,2329,2495,2543,2387.5,360,142.28,2183,2435,12,13,2026-09-19 22:18:21.483951+00:00
US-1738934,Kankakee,Illinois,IL,,,2025,23400,150970.1,-0.28,-2.48,2.28,6.82,6.71,27,1.15,-32.5,843.0,0.48,95.92,26.07,4.16,97.13,12,37.49,33.97,52.5,40.01,38.68,37.81,37.41,38.48,2377,2337,2408,2429,2387.75,92,34.65,2377,2436,205,201,2026-09-19 22:18:21.483951+00:00
US-2218125,Covington,Louisiana,LA,,,2025,11721,316843.76,0.07,1.24,-0.41,-0.78,2.83,37,3.16,19.35,494.0,15.69,65.75,11.28,4.9,96.51,12,26.9,45.45,50.17,39.21,35.96,40.59,37.57,38.33,2423,2477,2237,2418,2388.75,240,90.62,2423,2437,7,7,2026-09-19 22:18:21.483951+00:00
US-5356695,Puyallup,Washington,WA,,,2025,42682,571294.42,0.56,-0.8,-0.72,2.07,5.23,333,7.8,712.2,1220.0,-3.79,77.08,41.65,2.29,99.81,12,27.31,58.03,16.5,35.36,34.91,42.59,40.05,38.23,2626,2532,2113,2285,2389.0,513,202.24,2626,2438,89,87,2026-09-19 22:18:21.483951+00:00
US-0846355,Louisville,Colorado,CO,,,2025,20581,830419.48,-0.83,-2.94,-2.22,-1.2,4.21,43,2.09,-51.69,915.0,23.98,82.58,26.73,3.33,97.98,12,12.32,61.85,44.1,37.6,31.95,44.33,37.79,37.92,2523,2640,1988,2405,2389.0,652,245.97,2523,2439,39,41,2026-09-19 22:18:21.483951+00:00
US-0504030,Batesville,Arkansas,AR,,,2025,11860,172855.99,1.65,5.86,3.59,1.71,3.81,33,2.78,6.45,369.0,-13.58,30.5,-7.11,3.1,96.43,12,42.99,23.38,63.28,41.2,40.15,35.25,36.2,38.2,2296,2256,2521,2489,2390.5,265,115.92,2296,2440,22,24,2026-09-19 22:18:21.483951+00:00
US-1377652,Tucker,Georgia,GA,,,2025,37290,386503.08,-0.07,0.41,-3.45,1.05,6.31,7,0.19,-82.05,1294.0,-9.38,145.0,34.47,4.09,97.38,12,44.68,22.39,60.76,40.9,40.41,34.83,36.26,38.1,2311,2239,2539,2487,2394.0,300,123.07,2311,2441,66,74,2026-09-19 22:18:21.483951+00:00
US-0453700,Payson,Arizona,AZ,,,2025,16693,447536.68,-0.49,1.83,-1.17,0.86,6.72,69,4.13,-11.54,1097.0,-6.8,169.5,11.57,5.73,96.33,12,56.92,15.52,45.73,39.63,42.82,32.47,37.17,38.02,2399,2108,2629,2441,2394.25,521,186.58,2399,2442,35,37,2026-09-19 22:18:21.483951+00:00
US-1240450,Lighthouse Point,Florida,FL,,,2025,10756,752873.1,-0.06,2.72,-4.45,-1.16,8.04,22,2.05,69.23,265.0,-25.35,107.58,57.63,15.13,93.5,12,73.41,1.62,33.76,38.37,45.92,27.98,37.14,37.35,2482,1882,2767,2446,2394.25,885,320.83,2482,2443,129,123,2026-09-19 22:18:21.483951+00:00
US-4741200,La Vergne,Tennessee,TN,,,2025,42146,349300.47,0.93,8.92,-2.07,-0.97,5.64,303,7.19,39.63,1233.0,-15.78,144.75,30.7,4.35,98.52,12,58.43,23.84,22.47,37.33,42.66,34.01,39.27,38.32,2546,2116,2577,2339,2394.5,461,185.0,2546,2444,56,54,2026-09-19 22:18:21.483951+00:00
US-0425300,Fountain Hills,Arizona,AZ,,,2025,23625,658373.33,-1.03,-1.05,0.34,0.87,6.72,67,2.84,9.84,1926.0,4.33,293.42,33.42,5.64,96.82,12,43.65,33.93,35.86,38.3,39.56,37.13,38.5,38.37,2489,2286,2435,2371,2395.25,203,75.65,2489,2445,37,38,2026-09-19 22:18:21.483951+00:00
US-5486452,Wheeling,West Virginia,WV,,,2025,25680,147932.84,-1.24,-4.66,4.44,2.62,3.31,3,0.12,,939.0,16.21,78.17,-8.93,3.16,92.01,12,3.63,51.05,90.7,41.99,30.92,42.77,33.68,37.34,2224,2672,2101,2589,2396.5,571,239.81,2224,2446,8,8,2026-09-19 22:18:21.483951+00:00
US-0649138,Moorpark,California,CA,,,2025,35023,920142.26,-1.16,-3.39,0.14,2.02,5.39,35,1.0,-84.44,800.0,-1.48,60.42,34.76,2.77,99.47,12,18.07,54.23,48.98,38.46,33.56,42.6,37.44,38.01,2477,2574,2111,2427,2397.25,463,173.51,2477,2447,288,287,2026-09-19 22:18:21.483951+00:00
US-0668084,San Leandro,California,CA,,,2025,85353,804188.96,-0.64,-5.93,-4.54,-0.84,1.96,62,0.73,-4.62,1406.0,-4.42,72.67,21.96,1.91,102.94,12,0.24,66.3,60.25,38.36,29.06,45.57,35.97,37.24,2484,2718,1886,2502,2397.5,832,309.34,2484,2448,290,288,2026-09-19 22:18:21.483951+00:00
US-2870240,Starkville,Mississippi,MS,,,2025,25754,278512.26,0.25,0.24,3.13,4.25,5.32,59,2.29,-10.61,18.0,5.88,2.83,21.43,6.21,98.07,12,32.89,40.4,46.56,38.94,37.2,39.07,37.64,38.21,2439,2410,2336,2413,2399.5,103,38.36,2439,2449,20,18,2026-09-19 22:18:21.483951+00:00
US-1216335,Dania Beach,Florida,FL,,,2025,32791,335010.21,0.32,3.32,-6.48,-1.47,6.27,36,1.1,-56.63,760.0,-2.19,216.25,36.87,10.48,94.28,12,55.78,16.01,47.07,39.68,42.54,32.6,37.01,37.96,2395,2124,2626,2453,2399.5,502,180.34,2395,2450,121,124,2026-09-19 22:18:21.483951+00:00
US-1302116,Americus,Georgia,GA,,,2025,15617,125199.07,-1.35,-3.55,-2.02,0.48,5.59,12,0.77,-20.0,81.0,8.0,20.67,22.77,10.13,99.07,12,19.88,48.46,59.04,39.67,34.33,41.47,36.66,38.03,2397,2555,2175,2474,2400.25,380,141.54,2397,2451,70,75,2026-09-19 22:18:21.483951+00:00
US-4838488,Kaufman,Texas,TX,,,2025,10717,290072.97,9.39,44.96,-0.12,-1.57,5.02,32,2.99,-84.91,291.0,-7.32,45.58,16.88,6.07,95.58,12,58.59,13.07,46.29,39.58,43.09,31.71,36.87,37.81,2403,2092,2661,2465,2405.25,569,204.39,2403,2452,138,151,2026-09-19 22:18:21.483951+00:00
US-0619192,Diamond Bar,California,CA,,,2025,51884,1006168.78,-0.77,-5.68,-0.94,3.19,6.25,65,1.25,30.0,1296.0,-2.34,122.83,20.33,3.48,99.25,12,23.89,45.6,55.84,39.48,35.2,40.62,36.85,38.04,2407,2519,2233,2466,2406.25,286,107.59,2407,2453,274,289,2026-09-19 22:18:21.483951+00:00
US-2841680,Long Beach,Mississippi,MS,,,2025,17309,237290.99,0.15,3.01,0.24,0.6,5.08,106,6.12,10.42,979.0,-3.17,102.5,0.24,3.84,96.97,12,42.55,29.61,47.59,39.28,39.42,36.19,37.23,38.03,2419,2293,2478,2436,2406.5,185,68.96,2419,2454,18,19,2026-09-19 22:18:21.483951+00:00
US-4807132,Bedford,Texas,TX,,,2025,47958,374650.49,-1.37,-3.72,-2.47,0.1,5.8,166,3.46,5433.33,1467.0,2.44,108.92,15.87,2.78,98.19,12,22.05,51.6,44.89,38.1,34.34,41.73,37.63,37.95,2497,2554,2162,2414,2406.75,392,149.82,2497,2455,153,152,2026-09-19 22:18:21.483951+00:00
US-5338038,Lakewood,Washington,WA,,,2025,62755,519317.83,0.25,-1.36,-0.57,1.74,5.08,441,7.03,-2.22,1566.0,-7.72,99.25,10.79,2.31,99.79,12,23.51,52.8,37.93,37.37,34.46,41.78,38.13,37.93,2540,2548,2158,2387,2408.25,390,158.09,2540,2456,88,88,2026-09-19 22:18:21.483951+00:00
US-4857980,Plainview,Texas,TX,,,2025,19314,125989.25,-0.96,-3.7,-3.19,-3.56,0.84,1,0.05,0.0,415.0,0.97,78.5,-25.36,7.77,101.27,12,3.49,48.5,95.6,42.27,30.81,42.06,32.96,37.02,2203,2678,2144,2609,2408.5,534,237.18,2203,2457,104,153,2026-09-19 22:18:21.483951+00:00
US-1380956,Waycross,Georgia,GA,,,2025,13936,145789.85,0.79,0.01,-4.0,0.29,6.11,84,6.03,740.0,389.0,15.09,65.83,19.52,6.33,91.73,12,40.33,37.81,33.0,37.61,38.47,37.84,38.46,38.1,2521,2352,2402,2374,2412.25,169,65.24,2521,2458,75,76,2026-09-19 22:18:21.483951+00:00
US-0176920,Troy,Alabama,AL,,,2025,18022,189275.5,1.57,2.05,-0.35,1.39,4.54,26,1.44,-38.1,117.0,-35.71,15.25,-29.07,5.09,99.33,12,35.97,24.22,76.1,41.89,38.47,35.53,34.7,37.64,2237,2354,2509,2553,2413.25,316,125.77,2237,2459,36,45,2026-09-19 22:18:21.483951+00:00
US-5335065,Kelso,Washington,WA,,,2025,12801,389859.19,0.76,0.59,-0.11,1.71,5.12,31,2.42,-8.82,470.0,-3.89,48.75,21.62,3.98,99.28,12,32.93,40.22,45.6,38.65,37.02,38.84,37.48,38.0,2462,2418,2348,2426,2413.5,114,41.29,2462,2460,87,89,2026-09-19 22:18:21.483951+00:00
US-1237375,Lady Lake,Florida,FL,,,2025,17496,341299.7,1.05,9.0,-1.94,-1.0,6.56,67,3.83,-19.28,631.0,-15.87,124.83,43.21,7.95,96.25,12,69.79,7.93,26.75,37.38,44.78,29.32,37.65,37.28,2538,1970,2734,2412,2413.5,764,280.59,2538,2461,134,125,2026-09-19 22:18:21.483951+00:00
US-1714065,Chicago Ridge,Illinois,IL,,,2025,14036,242795.69,-0.18,-2.58,-1.01,3.72,5.77,4,0.28,300.0,434.0,-1.36,41.25,48.2,3.63,99.05,12,25.54,44.62,53.58,39.23,35.47,40.24,36.93,37.97,2421,2505,2269,2460,2413.75,236,88.7,2421,2462,208,202,2026-09-19 22:18:21.483951+00:00
US-2404000,Baltimore,Maryland,MD,,,2025,569997,191400.52,-0.01,-2.28,-0.74,1.42,4.19,543,0.95,-57.34,23906.0,-3.09,2570.0,12.87,3.96,101.16,12,14.89,50.27,64.79,39.75,32.99,41.83,35.8,37.59,2393,2603,2152,2507,2413.75,451,168.42,2393,2463,11,12,2026-09-19 22:18:21.483951+00:00
US-4716420,Collierville,Tennessee,TN,,,2025,51909,512853.9,-0.29,1.4,-1.01,1.06,5.31,98,1.89,-45.86,2120.0,-5.4,250.92,7.96,4.36,98.04,12,38.47,28.01,60.78,40.39,38.68,36.07,36.0,37.78,2339,2338,2482,2500,2414.75,162,76.52,2339,2464,54,55,2026-09-19 22:18:21.483951+00:00
US-0686972,Yuba City,California,CA,,,2025,69485,440941.05,-0.01,-0.82,-1.1,0.34,4.32,341,4.91,270.65,1272.0,4.69,103.25,25.4,2.97,98.6,12,21.6,56.31,31.95,36.34,33.57,42.24,38.25,37.6,2579,2573,2131,2381,2416.0,448,182.8,2579,2465,304,290,2026-09-19 22:18:21.483951+00:00
US-3972424,Sidney,Ohio,OH,,,2025,20124,210182.0,-1.45,-2.03,8.51,6.51,7.65,43,2.14,-43.42,693.0,-5.97,74.33,54.33,4.02,97.68,12,49.88,27.18,33.4,37.81,40.6,34.92,38.02,37.84,2511,2226,2537,2391,2416.25,311,122.87,2511,2466,139,138,2026-09-19 22:18:21.483951+00:00
US-4832372,Harlingen,Texas,TX,,,2025,72467,202080.07,0.15,0.75,-2.01,0.74,5.8,361,4.98,-12.59,1438.0,5.27,246.0,18.36,6.47,97.22,12,40.62,35.52,37.04,37.94,38.55,37.28,37.97,37.93,2506,2345,2426,2393,2417.5,161,58.65,2506,2467,158,154,2026-09-19 22:18:21.483951+00:00
US-4283512,West Mifflin,Pennsylvania,PA,,,2025,18707,164712.1,-0.66,-4.4,1.96,2.75,5.42,0,0.0,,630.0,0.0,57.67,0.58,3.52,97.61,12,14.48,38.57,93.16,42.58,33.51,39.53,33.19,37.2,2179,2576,2316,2599,2417.5,420,176.95,2179,2468,44,46,2026-09-19 22:18:21.483951+00:00
US-0602042,Anderson,California,CA,,,2025,11131,335338.14,-0.38,-1.67,-1.37,-0.61,3.26,5,0.45,0.0,363.0,1.11,30.83,27.59,3.13,99.12,12,13.92,52.85,60.0,39.07,32.51,42.25,36.05,37.47,2432,2621,2130,2498,2420.25,491,180.78,2432,2469,277,291,2026-09-19 22:18:21.483951+00:00
US-1273900,Venice,Florida,FL,,,2025,30477,380174.68,2.05,19.03,-11.26,-7.12,4.89,274,8.99,-72.15,2939.0,-2.0,547.25,9.1,6.89,95.27,12,56.76,18.62,35.99,38.22,42.2,32.67,37.52,37.65,2494,2143,2623,2422,2420.5,480,175.65,2494,2470,131,126,2026-09-19 22:18:21.483951+00:00
US-1704845,Belleville,Illinois,IL,,,2025,40237,161927.4,-0.75,-4.77,5.18,4.03,6.03,3,0.07,-93.75,2061.0,-13.18,166.42,18.59,2.97,99.39,12,21.22,40.12,74.3,41.1,34.85,39.58,35.03,37.64,2301,2534,2311,2537,2420.75,236,114.81,2301,2471,201,203,2026-09-19 22:18:21.483951+00:00
US-4850580,Nederland,Texas,TX,,,2025,18108,218178.8,-0.31,-3.62,3.46,0.63,2.62,8,0.44,-27.27,666.0,14.43,52.58,30.64,3.04,98.3,12,3.68,62.95,58.29,38.08,29.65,44.47,35.81,37.0,2500,2706,1973,2506,2421.25,733,271.75,2500,2472,156,155,2026-09-19 22:18:21.483951+00:00
US-4835576,Hurst,Texas,TX,,,2025,38974,336307.3,-1.39,-3.35,-2.06,-0.06,5.67,40,1.03,1900.0,1272.0,-0.16,107.0,13.73,3.18,98.28,12,21.33,44.45,63.15,39.88,34.54,40.32,35.92,37.66,2384,2541,2260,2504,2422.25,281,110.2,2384,2473,136,156,2026-09-19 22:18:21.483951+00:00
US-1706704,Blue Island,Illinois,IL,,,2025,21805,203342.5,-0.18,-2.97,1.08,3.67,6.67,2,0.09,0.0,352.0,-14.36,42.75,4.27,4.56,98.09,12,34.94,20.65,85.36,42.54,38.22,34.64,33.55,37.24,2184,2367,2548,2593,2423.0,409,161.85,2184,2474,199,204,2026-09-19 22:18:21.483951+00:00
US-4078500,Warr Acres,Oklahoma,OK,,,2025,10552,185133.43,-0.48,-0.15,-1.47,1.66,5.7,44,4.17,83.33,294.0,-18.56,17.17,-6.79,2.24,97.75,12,35.08,32.88,56.94,39.78,37.7,37.15,36.28,37.72,2392,2383,2434,2486,2423.75,103,40.77,2392,2475,38,39,2026-09-19 22:18:21.483951+00:00
US-1235050,Jacksonville Beach,Florida,FL,,,2025,23615,627437.09,-0.14,-0.86,-4.3,-0.62,7.09,75,3.18,29.31,1467.0,-0.68,252.92,19.63,6.38,96.55,12,49.09,23.73,43.1,38.72,40.58,34.24,37.08,37.65,2454,2228,2566,2447,2423.75,338,122.48,2454,2476,125,127,2026-09-19 22:18:21.483951+00:00
US-4858820,Port Arthur,Texas,TX,,,2025,55804,126373.74,-0.32,-0.4,-1.09,-0.66,0.07,35,0.63,25.0,873.0,21.25,124.08,-4.43,5.37,93.35,12,16.39,41.86,80.78,41.4,33.69,40.06,34.29,37.36,2272,2570,2286,2572,2425.0,300,146.09,2272,2477,117,157,2026-09-19 22:18:21.483951+00:00
US-4152450,Newport,Oregon,OR,,,2025,10383,446921.67,-0.38,0.83,-0.96,1.05,6.54,46,4.43,109.09,410.0,-1.68,68.83,11.17,6.7,96.56,12,50.19,21.86,44.86,38.94,40.89,33.81,36.91,37.64,2438,2216,2589,2461,2426.0,373,134.2,2438,2478,38,40,2026-09-19 22:18:21.483951+00:00
US-3222500,Elko,Nevada,NV,,,2025,21019,359144.63,0.36,2.26,2.52,3.34,5.04,73,3.47,8.96,753.0,-3.95,90.5,54.26,4.54,99.68,12,39.81,40.36,26.0,36.55,37.9,38.04,38.68,37.79,2574,2377,2392,2367,2427.5,207,85.05,2574,2479,8,7,2026-09-19 22:18:21.483951+00:00
US-4866704,Selma,Texas,TX,,,2025,11955,290315.04,0.17,4.65,-3.02,-3.36,3.91,8,0.67,-46.67,307.0,-15.19,41.75,-1.38,5.03,97.73,12,40.71,16.97,78.94,41.96,39.32,33.38,33.85,37.13,2231,2300,2599,2581,2427.75,368,164.2,2231,2480,108,158,2026-09-19 22:18:21.483951+00:00
US-2724308,Golden Valley,Minnesota,MN,,,2025,21325,433848.85,-0.06,-5.12,3.32,1.56,3.62,5,0.23,0.0,825.0,-17.33,50.25,-0.99,2.24,100.39,12,4.46,51.35,84.78,40.95,30.57,42.3,33.59,36.85,2309,2689,2129,2592,2429.75,560,222.8,2309,2481,88,92,2026-09-19 22:18:21.483951+00:00
US-4180150,West Linn,Oregon,OR,,,2025,26567,773656.77,0.03,-2.92,0.12,1.62,5.64,29,1.09,-38.3,1158.0,1.76,102.92,46.15,3.3,98.8,12,22.72,50.38,43.53,37.6,34.14,41.05,37.25,37.51,2522,2560,2205,2434,2430.25,355,137.84,2522,2482,42,41,2026-09-19 22:18:21.483951+00:00
US-0617568,Culver City,California,CA,,,2025,39452,1282143.4,-0.55,-3.11,-2.25,-0.13,3.3,103,2.61,22.62,1017.0,11.39,108.92,38.89,3.91,100.1,12,8.45,66.95,34.44,35.43,29.9,44.53,37.38,36.81,2622,2702,1969,2431,2431.0,733,284.33,2622,2483,316,292,2026-09-19 22:18:21.483951+00:00
US-0159472,Phenix City,Alabama,AL,,,2025,38344,207623.76,-0.59,-1.23,3.09,4.89,6.36,66,1.72,-12.0,1367.0,-7.07,110.58,22.19,2.97,97.46,12,37.92,32.4,50.26,39.07,38.11,36.73,36.67,37.65,2431,2370,2451,2473,2431.25,103,38.36,2431,2484,45,46,2026-09-19 22:18:21.483951+00:00
US-4802272,Alvin,Texas,TX,,,2025,30115,295689.08,1.62,11.36,0.21,1.25,5.29,285,9.46,1.06,1068.0,-7.61,139.92,29.35,5.08,98.26,12,57.04,24.01,19.76,36.16,41.54,33.28,38.45,37.36,2585,2174,2603,2375,2434.25,429,174.96,2585,2485,182,159,2026-09-19 22:18:21.483951+00:00
US-0439370,Lake Havasu City,Arizona,AZ,,,2025,59358,462088.15,-0.05,3.46,-2.06,-1.13,5.53,270,4.55,34.33,3971.0,0.25,553.17,26.7,5.16,96.99,12,47.83,29.14,32.12,37.36,39.87,35.19,37.85,37.57,2541,2273,2524,2400,2434.5,268,107.96,2541,2486,39,39,2026-09-19 22:18:21.483951+00:00
US-0657540,Placerville,California,CA,,,2025,10685,526740.63,0.18,-0.32,-1.09,0.48,2.99,94,8.8,1466.67,410.0,17.48,36.5,25.14,3.52,98.27,12,19.79,60.49,23.51,34.97,32.56,42.73,38.48,37.18,2645,2618,2104,2372,2434.75,541,218.59,2645,2487,321,293,2026-09-19 22:18:21.483951+00:00
US-3702080,Asheboro,North Carolina,NC,,,2025,27990,240083.67,-0.17,2.71,2.43,4.53,6.6,122,4.36,45.24,633.0,-17.04,64.92,39.36,3.72,96.95,12,58.93,19.48,26.2,36.94,42.19,32.32,37.9,37.34,2564,2145,2637,2398,2436.0,492,189.02,2564,2488,54,53,2026-09-19 22:18:21.483951+00:00
US-0641992,Livermore,California,CA,,,2025,83457,1095825.64,-0.56,-5.03,-5.92,0.92,4.84,265,3.18,258.11,2503.0,-2.23,118.17,63.93,1.68,100.51,12,9.98,68.05,26.7,34.49,29.91,44.43,37.79,36.65,2659,2701,1979,2406,2436.25,722,287.1,2659,2489,325,294,2026-09-19 22:18:21.483951+00:00
US-0670742,Seaside,California,CA,,,2025,31636,790521.52,1.05,-2.14,-3.59,1.27,4.67,67,2.12,-44.17,391.0,1.3,30.92,-6.55,3.0,97.69,12,17.95,45.25,67.22,39.82,33.53,40.35,35.16,37.22,2388,2575,2257,2529,2437.25,318,124.81,2388,2490,270,295,2026-09-19 22:18:21.483951+00:00
US-1762367,Quincy,Illinois,IL,,,2025,38918,178908.49,0.17,-1.63,3.27,0.42,2.92,28,0.72,-57.58,1737.0,3.95,131.83,6.25,2.79,96.49,12,13.55,47.07,73.27,40.21,32.56,40.95,34.61,37.08,2361,2617,2218,2555,2437.75,399,158.16,2361,2491,204,205,2026-09-19 22:18:21.483951+00:00
US-0656924,Pico Rivera,California,CA,,,2025,58915,746105.49,-0.7,-4.78,-1.87,2.35,5.47,137,2.33,29.25,585.0,-1.68,41.75,41.93,2.67,100.55,12,14.97,60.6,34.81,35.9,31.64,43.04,37.49,37.02,2593,2655,2079,2425,2438.0,576,223.7,2593,2492,306,296,2026-09-19 22:18:21.483951+00:00
US-2629000,Flint,Michigan,MI,,,2025,79306,64409.81,-0.36,-2.21,-3.88,0.9,6.57,4,0.05,300.0,2806.0,-6.06,319.5,6.86,4.16,93.69,12,36.87,17.98,84.7,42.22,38.38,33.65,33.15,36.85,2207,2361,2591,2602,2440.25,395,165.51,2207,2493,73,77,2026-09-19 22:18:21.483951+00:00
US-1705573,Berwyn,Illinois,IL,,,2025,55001,310250.4,-0.28,-3.52,5.06,4.92,5.66,5,0.09,-16.67,1106.0,-7.6,119.58,9.38,3.95,99.35,12,20.76,36.39,81.44,41.4,34.55,38.46,33.86,37.06,2274,2540,2369,2580,2440.75,306,124.69,2274,2494,200,206,2026-09-19 22:18:21.483951+00:00
US-4863500,Round Rock,Texas,TX,,,2025,141282,414785.04,4.17,17.19,-5.33,-5.13,4.37,845,5.98,-56.38,3862.0,-4.26,504.92,26.33,4.75,97.28,12,53.48,24.38,28.09,36.95,40.94,33.67,37.85,37.35,2563,2209,2590,2401,2440.75,381,152.08,2563,2495,177,160,2026-09-19 22:18:21.483951+00:00
US-0643000,Long Beach,California,CA,,,2025,450469,847565.21,-0.24,-3.24,-1.25,2.24,4.98,513,1.14,7.55,7359.0,1.53,739.75,23.65,3.68,99.57,12,15.16,52.88,54.42,38.18,32.37,41.8,36.06,37.1,2495,2627,2156,2497,2443.75,471,174.53,2495,2496,293,297,2026-09-19 22:18:21.483951+00:00
US-5010675,Burlington,Vermont,VT,,,2025,44019,518423.38,-0.26,-1.64,-1.58,1.26,5.79,543,12.34,138.16,1002.0,5.7,95.0,54.68,3.49,99.05,12,29.14,56.78,8.03,33.53,34.26,41.17,39.47,37.11,2690,2558,2198,2331,2444.25,492,191.57,2690,2497,3,3,2026-09-19 22:18:21.483951+00:00
US-3761200,Shelby,North Carolina,NC,,,2025,23309,213962.86,2.1,6.24,-5.55,0.01,4.9,285,12.23,2.52,957.0,-0.31,152.25,3.4,6.08,96.89,12,48.52,25.85,37.06,37.72,40.0,34.33,37.17,37.31,2515,2265,2561,2440,2445.25,296,112.67,2515,2498,53,54,2026-09-19 22:18:21.483951+00:00
US-2002300,Arkansas City,Kansas,KS,,,2025,11800,97352.38,0.14,-1.4,-3.39,3.81,7.41,2,0.17,-33.33,298.0,-24.75,43.42,5.89,5.48,94.66,12,49.97,4.05,82.24,41.96,41.03,29.55,32.53,36.27,2229,2205,2728,2620,2445.5,523,231.82,2229,2499,27,31,2026-09-19 22:18:21.483951+00:00
US-1875428,Terre Haute,Indiana,IN,,,2025,58764,161299.62,0.4,0.63,1.89,5.05,6.8,234,3.98,138.78,591.0,-5.74,129.92,-2.68,9.03,95.54,12,52.41,13.43,55.95,39.65,41.25,31.5,35.22,36.91,2398,2194,2668,2527,2446.75,474,174.39,2398,2500,75,75,2026-09-19 22:18:21.483951+00:00
US-3209700,Carson,Nevada,NV,,,2025,58571,498253.51,0.46,-0.2,1.28,2.04,5.47,573,9.78,117.05,1964.0,-5.8,158.08,-12.46,2.96,98.38,12,32.25,38.66,47.66,38.35,36.49,38.09,36.68,37.4,2486,2445,2388,2472,2447.75,98,37.51,2486,2501,7,8,2026-09-19 22:18:21.483951+00:00
US-2850440,Natchez,Mississippi,MS,,,2025,14880,119716.62,0.64,3.03,-8.4,-8.81,-1.64,3,0.2,-25.0,383.0,2.41,101.33,0.5,10.31,93.52,12,31.29,23.49,84.64,41.9,36.95,35.0,33.11,36.74,2236,2422,2530,2605,2448.25,369,138.74,2236,2502,14,20,2026-09-19 22:18:21.483951+00:00
US-0168736,Scottsboro,Alabama,AL,,,2025,16123,215557.53,0.74,3.51,0.93,1.82,5.62,42,2.6,-6.67,443.0,0.23,78.75,25.5,6.63,95.8,12,49.16,23.28,41.81,38.26,40.29,33.82,36.78,37.29,2493,2246,2588,2468,2448.75,342,125.33,2493,2503,47,47,2026-09-19 22:18:21.483951+00:00
US-0636056,Huntington Park,California,CA,,,2025,51544,669539.81,-1.01,-5.78,-0.79,2.22,5.09,6,0.12,500.0,206.0,-0.96,26.25,3.28,4.93,99.68,12,11.74,43.34,85.29,41.19,32.25,40.15,33.32,36.73,2297,2632,2280,2596,2451.25,352,163.36,2297,2504,259,298,2026-09-19 22:18:21.483951+00:00
US-3650397,New Hyde Park,New York,NY,,,2025,10226,944824.78,-0.1,-0.24,4.26,5.64,5.24,7,0.68,,160.0,-23.08,14.83,14.1,3.44,99.36,12,30.09,32.46,67.08,40.16,36.35,36.94,34.85,37.08,2365,2455,2441,2545,2451.5,180,63.93,2365,2505,60,60,2026-09-19 22:18:21.483951+00:00
US-1323536,Doraville,Georgia,GA,,,2025,16365,366868.53,-0.23,11.97,-1.78,0.78,5.47,82,5.01,1540.0,174.0,-5.43,20.17,65.75,4.59,96.59,12,58.78,21.25,19.41,35.8,41.61,32.23,37.95,36.9,2599,2170,2642,2396,2451.75,472,187.33,2599,2506,79,77,2026-09-19 22:18:21.483951+00:00
US-2056025,Pittsburg,Kansas,KS,,,2025,20569,137579.23,0.0,-0.35,0.45,3.82,7.43,27,1.31,17.39,704.0,-12.87,79.17,37.68,4.17,95.75,12,54.89,15.38,44.57,38.48,41.49,31.61,36.08,36.91,2475,2180,2664,2496,2453.75,484,174.2,2475,2507,33,32,2026-09-19 22:18:21.483951+00:00
US-1225175,Gainesville,Florida,FL,,,2025,148671,297547.63,0.53,4.48,-3.04,0.55,5.4,2665,17.93,118.8,4200.0,-0.21,488.17,17.16,4.38,96.75,12,48.85,30.33,23.28,35.97,39.46,34.83,37.96,37.05,2591,2290,2540,2395,2454.0,301,118.89,2591,2508,139,128,2026-09-19 22:18:21.483951+00:00
US-4269720,Sharon,Pennsylvania,PA,,,2025,12648,78809.19,-0.67,-3.65,-1.69,6.45,5.24,0,0.0,,457.0,39.33,73.58,18.68,6.02,92.56,12,16.35,41.06,79.26,40.73,33.2,39.38,33.76,36.77,2318,2590,2324,2584,2454.0,272,133.03,2318,2509,47,47,2026-09-19 22:18:21.483951+00:00
US-3964304,Portsmouth,Ohio,OH,,,2025,17282,92646.32,-0.98,-4.97,-1.2,3.57,6.15,5,0.29,0.0,20.0,-73.33,5.5,-25.0,10.89,111.71,12,22.6,30.01,89.86,42.01,34.91,36.76,32.66,36.59,2222,2531,2445,2618,2454.0,396,147.25,2222,2510,135,139,2026-09-19 22:18:21.483951+00:00
US-2137918,Hopkinsville,Kentucky,KY,,,2025,30411,189251.38,-1.46,-2.44,4.29,5.65,9.23,147,4.83,-15.52,957.0,-15.08,114.0,11.49,4.48,96.85,12,55.18,15.6,43.25,38.34,41.52,31.62,36.18,36.91,2487,2175,2663,2492,2454.25,488,176.11,2487,2511,22,22,2026-09-19 22:18:21.483951+00:00
US-0608142,Brentwood,California,CA,,,2025,66607,792853.76,0.65,3.34,-3.59,-0.8,3.74,114,1.71,185.0,1809.0,-11.41,150.58,44.68,3.02,98.95,12,36.7,37.36,38.46,37.37,37.16,37.32,37.17,37.25,2539,2412,2425,2442,2454.5,127,49.93,2539,2512,298,299,2026-09-19 22:18:21.483951+00:00
US-4879000,Wichita Falls,Texas,TX,,,2025,101951,174077.58,-0.11,-0.51,-1.05,1.41,6.38,49,0.48,-53.77,3597.0,-3.64,501.33,15.56,5.15,95.36,12,41.5,19.44,68.56,40.54,38.94,33.42,34.28,36.8,2330,2321,2596,2574,2455.25,275,130.02,2330,2513,124,161,2026-09-19 22:18:21.483951+00:00
US-0600674,Albany,California,CA,,,2025,19195,1203508.07,-0.05,-5.0,0.18,0.11,2.45,216,11.25,1863.64,363.0,0.55,18.92,10.19,1.98,118.02,12,0.24,73.55,32.43,33.95,27.06,45.39,36.45,35.71,2675,2763,1903,2481,2455.5,860,334.9,2675,2514,327,300,2026-09-19 22:18:21.483951+00:00
US-3564930,Roswell,New Mexico,NM,,,2025,46878,175102.19,-0.7,-3.22,-2.23,-1.0,2.03,54,1.15,-11.48,1648.0,18.31,137.58,-13.74,3.13,82.25,12,4.7,52.17,78.93,39.87,30.07,41.94,33.48,36.34,2386,2699,2146,2594,2456.25,553,211.6,2386,2515,8,8,2026-09-19 22:18:21.483951+00:00
US-4816432,Conroe,Texas,TX,,,2025,119564,317838.78,4.28,31.16,-0.88,-1.27,4.68,1893,15.83,-21.94,6891.0,-6.85,935.42,7.87,4.94,96.75,12,56.63,18.65,31.68,37.1,41.49,32.0,37.04,36.91,2559,2179,2645,2450,2458.25,466,175.41,2559,2516,173,162,2026-09-19 22:18:21.483951+00:00
US-1270675,Tamarac,Florida,FL,,,2025,74134,298346.47,-0.17,3.08,-8.25,-1.22,6.24,5,0.07,-64.29,1822.0,-15.06,489.42,41.31,9.83,96.16,12,54.84,7.91,60.92,39.93,41.67,29.94,34.33,36.47,2379,2168,2721,2568,2459.0,553,207.13,2379,2517,119,129,2026-09-19 22:18:21.483951+00:00
US-2028300,Great Bend,Kansas,KS,,,2025,14266,123362.98,-0.53,-2.89,2.29,5.43,7.9,4,0.28,0.0,425.0,-10.34,46.0,40.46,4.02,95.75,12,47.9,17.62,56.03,39.34,40.04,32.47,35.09,36.73,2414,2262,2630,2532,2459.5,368,137.3,2414,2518,31,33,2026-09-19 22:18:21.483951+00:00
US-0648816,Montebello,California,CA,,,2025,60693,818235.44,0.09,-2.79,-0.16,2.69,4.85,135,2.22,25.0,671.0,0.75,68.42,40.58,3.72,101.26,12,16.2,58.0,36.08,35.8,31.72,42.17,37.0,36.67,2600,2650,2137,2454,2460.25,513,200.04,2600,2519,308,301,2026-09-19 22:18:21.483951+00:00
US-0675000,Stockton,California,CA,,,2025,324597,432686.42,-0.01,1.16,-4.03,-0.82,4.05,333,1.03,-36.81,5720.0,-9.49,513.75,21.43,3.27,98.93,12,29.91,36.43,56.96,38.96,35.93,37.56,35.55,37.0,2436,2480,2414,2518,2462.0,104,40.12,2436,2520,280,302,2026-09-19 22:18:21.483951+00:00
US-0669088,Santa Clarita,California,CA,,,2025,228430,798236.52,-0.41,-1.71,-2.64,1.01,4.92,395,1.73,46.84,6268.0,2.0,632.17,42.19,3.71,99.44,12,20.62,52.67,39.19,36.48,33.02,41.03,36.9,36.86,2576,2602,2211,2462,2462.75,391,154.59,2576,2521,303,303,2026-09-19 22:18:21.483951+00:00
US-4820884,Donna,Texas,TX,,,2025,16698,150563.48,-0.96,-0.62,-0.25,4.03,8.43,56,3.35,143.48,154.0,-31.56,44.0,14.04,12.15,96.94,12,60.64,7.37,46.7,38.51,42.57,29.25,35.27,36.4,2473,2123,2736,2525,2464.25,613,220.27,2473,2522,150,163,2026-09-19 22:18:21.483951+00:00
US-1939765,Johnston,Iowa,IA,,,2025,25065,397793.51,0.51,4.51,0.87,2.08,5.01,122,4.87,0.0,973.0,-7.24,106.5,23.72,4.19,98.51,12,45.66,29.56,33.18,36.91,38.96,34.93,37.17,36.99,2566,2319,2536,2443,2466.0,247,96.23,2566,2523,34,32,2026-09-19 22:18:21.483951+00:00
US-4865600,San Marcos,Texas,TX,,,2025,77830,316296.48,2.25,14.12,-4.35,-5.2,3.12,718,9.23,-43.99,2422.0,0.58,448.5,9.7,6.83,96.78,12,48.24,26.03,35.19,37.21,39.62,34.07,36.94,36.96,2551,2283,2573,2457,2466.0,290,114.28,2551,2524,171,164,2026-09-19 22:18:21.483951+00:00
US-4864472,San Angelo,Texas,TX,,,2025,100640,228920.17,0.33,0.58,3.05,3.05,5.51,335,3.33,43.78,3747.0,6.93,419.42,26.05,4.17,89.84,12,36.3,37.47,37.76,37.08,36.87,37.16,36.97,37.02,2560,2426,2432,2455,2468.25,134,54.07,2560,2525,174,165,2026-09-19 22:18:21.483951+00:00
US-0678092,Tehachapi,California,CA,,,2025,11852,422357.2,7.33,-8.87,0.24,1.79,5.75,9,0.76,-81.63,340.0,-14.14,21.58,3.19,2.42,98.78,12,18.09,40.5,74.95,40.15,33.34,38.94,33.86,36.57,2366,2582,2346,2579,2468.25,236,112.48,2366,2526,268,304,2026-09-19 22:18:21.483951+00:00
US-1728326,Galesburg,Illinois,IL,,,2025,28581,102181.54,-0.4,-4.57,10.55,6.9,3.45,1,0.03,,1045.0,6.09,68.42,16.62,2.42,95.94,12,4.03,52.74,76.94,39.31,29.58,41.76,33.24,35.97,2418,2709,2161,2598,2471.5,548,207.17,2418,2527,207,207,2026-09-19 22:18:21.483951+00:00
US-3532520,Hobbs,New Mexico,NM,,,2025,40863,209694.07,0.44,0.51,2.6,-0.83,-3.42,143,3.5,-16.86,1186.0,-2.55,49.75,-32.24,1.56,86.24,12,20.79,42.52,63.07,38.97,33.65,39.09,34.8,36.63,2435,2571,2334,2547,2471.75,237,94.66,2435,2528,9,9,2026-09-19 22:18:21.483951+00:00
US-1851912,Munster,Indiana,IN,,,2025,23504,355633.51,-0.3,-1.61,3.18,3.03,5.64,18,0.77,80.0,888.0,-3.9,76.5,19.22,3.15,97.72,12,27.85,36.07,61.81,39.21,35.41,37.46,34.94,36.76,2422,2507,2417,2542,2472.0,125,53.97,2422,2529,76,76,2026-09-19 22:18:21.483951+00:00
US-3658574,Plattsburgh,New York,NY,,,2025,19744,247157.05,0.28,-0.41,4.31,,,68,3.44,-5.56,426.0,0.71,25.5,2.68,2.21,97.21,12,16.11,50.06,55.64,37.87,32.22,40.71,35.34,36.54,2508,2634,2229,2523,2473.5,405,149.32,2508,2530,61,61,2026-09-19 22:18:21.483951+00:00
US-4842388,Leon Valley,Texas,TX,,,2025,11563,263784.54,0.62,0.15,-0.22,-0.59,4.64,79,6.83,146.88,347.0,49.57,43.0,43.73,4.77,97.75,12,27.8,53.03,17.41,34.03,33.81,40.12,38.11,36.52,2668,2566,2282,2388,2476.0,386,150.29,2668,2531,196,166,2026-09-19 22:18:21.483951+00:00
US-5667235,Rock Springs,Wyoming,WY,,,2025,22936,290631.72,-0.34,-2.36,1.35,3.94,4.42,21,0.92,23.53,799.0,4.44,65.17,34.83,2.96,98.07,12,15.58,52.68,49.88,37.14,31.85,41.13,35.7,36.46,2556,2645,2200,2509,2477.5,445,167.49,2556,2532,11,10,2026-09-19 22:18:21.483951+00:00
US-0671806,Sierra Madre,California,CA,,,2025,10620,1400404.32,-1.17,-5.47,-3.18,1.64,5.18,15,1.41,200.0,276.0,2.99,30.0,52.54,4.2,101.56,12,12.46,59.47,39.27,35.62,30.59,42.34,36.3,36.21,2611,2687,2127,2485,2477.5,560,214.84,2611,2533,311,305,2026-09-19 22:18:21.483951+00:00
US-4729920,Goodlettsville,Tennessee,TN,,,2025,17506,392264.23,-0.02,-1.59,-0.56,0.12,6.37,48,2.74,20.0,610.0,-5.57,68.58,7.58,4.21,98.18,12,36.45,29.34,55.35,38.69,37.16,35.38,35.14,36.59,2458,2413,2517,2531,2479.75,118,47.28,2458,2534,55,56,2026-09-19 22:18:21.483951+00:00
US-1950160,Mason City,Iowa,IA,,,2025,26853,159792.57,-0.05,-1.57,4.11,2.99,6.09,41,1.53,192.86,1167.0,-3.07,113.17,8.64,3.62,96.55,12,32.91,29.7,63.03,39.32,36.47,35.66,34.48,36.48,2415,2446,2505,2565,2482.75,150,57.45,2415,2535,32,33,2026-09-19 22:18:21.483951+00:00
US-2171688,Somerset,Kentucky,KY,,,2025,12695,197533.51,1.83,5.67,-0.48,0.14,3.52,122,9.61,8.93,381.0,8.24,57.5,13.49,5.71,94.4,12,41.53,33.61,31.23,36.19,37.61,35.63,36.94,36.59,2584,2386,2506,2458,2483.5,198,72.05,2584,2536,23,23,2026-09-19 22:18:21.483951+00:00
US-4145000,McMinnville,Oregon,OR,,,2025,34647,484568.63,-1.58,1.02,-0.71,0.52,4.19,26,0.75,-16.13,919.0,-12.48,77.5,22.69,3.12,98.69,12,29.88,34.3,59.41,38.81,35.64,36.74,34.82,36.5,2448,2494,2448,2546,2484.0,98,40.42,2448,2537,39,42,2026-09-19 22:18:21.483951+00:00
US-1254250,Palmetto,Florida,FL,,,2025,13562,355940.41,-0.94,1.77,-7.1,-4.52,5.66,10,0.74,-16.67,515.0,-1.53,116.33,20.34,8.36,94.74,12,43.8,18.53,61.35,39.34,38.85,32.53,34.18,36.23,2412,2327,2628,2575,2485.5,301,121.29,2412,2538,122,130,2026-09-19 22:18:21.483951+00:00
US-2904222,Bellefontaine Neighbors,Missouri,MO,,,2025,10368,106749.27,-0.31,-3.1,-0.98,1.17,5.58,0,0.0,,625.0,1.46,46.58,85.71,2.93,96.5,12,21.12,41.95,62.0,38.63,33.5,38.71,34.58,36.36,2465,2577,2353,2557,2488.0,224,88.65,2465,2539,63,63,2026-09-19 22:18:21.483951+00:00
US-4814920,Cibolo,Texas,TX,,,2025,39019,335613.92,3.04,18.91,-2.08,-2.8,3.82,428,10.97,-7.96,1668.0,-14.9,231.33,-3.44,5.11,98.01,12,51.79,18.11,41.79,37.5,40.19,31.77,35.64,36.27,2529,2253,2658,2513,2488.25,405,147.0,2529,2540,166,167,2026-09-19 22:18:21.483951+00:00
US-4875428,Victoria,Texas,TX,,,2025,66500,214860.94,0.41,1.49,-1.97,0.35,4.22,185,2.78,330.23,1731.0,4.03,228.08,10.27,4.88,96.47,12,32.17,34.46,52.96,38.17,35.98,36.55,35.28,36.49,2496,2476,2462,2524,2489.5,62,23.3,2496,2541,152,168,2026-09-19 22:18:21.483951+00:00
US-4147000,Medford,Oregon,OR,,,2025,86494,407425.74,0.22,0.17,0.12,0.42,4.24,619,7.16,66.4,3343.0,-1.82,272.17,8.87,2.99,98.69,12,25.92,46.19,39.28,36.35,34.0,39.07,36.38,36.45,2578,2563,2337,2483,2490.25,241,95.57,2578,2542,43,43,2026-09-19 22:18:21.483951+00:00
US-3121415,Hastings,Nebraska,NE,,,2025,25121,203541.75,-0.18,-0.06,3.52,4.31,5.58,111,4.42,-47.39,881.0,3.4,75.0,70.45,3.16,96.92,12,34.06,44.77,21.49,34.67,35.39,38.06,37.62,36.44,2652,2509,2390,2415,2491.5,262,102.74,2652,2543,16,16,2026-09-19 22:18:21.483951+00:00
US-1217325,Destin,Florida,FL,,,2025,14046,604717.83,-0.14,0.02,-4.72,-4.28,5.49,49,3.49,-14.04,2025.0,6.69,601.58,0.43,11.11,94.81,12,33.48,31.47,56.45,38.52,36.32,35.82,34.87,36.38,2471,2459,2498,2544,2493.0,85,32.66,2471,2544,128,131,2026-09-19 22:18:21.483951+00:00
US-0655156,Palmdale,California,CA,,,2025,161845,500822.21,-0.4,-4.17,-2.34,0.78,5.87,131,0.81,31.0,3456.0,-3.79,371.17,29.21,3.95,99.74,12,22.05,43.82,54.15,37.7,33.4,38.84,35.06,36.25,2517,2581,2349,2536,2495.75,232,87.86,2517,2545,296,306,2026-09-19 22:18:21.483951+00:00
US-4865036,San Benito,Texas,TX,,,2025,24980,160738.29,-0.04,0.08,2.02,1.83,5.06,81,3.24,-27.03,379.0,18.81,67.92,18.46,7.11,94.8,12,30.07,40.09,43.87,37.02,35.14,37.65,35.96,36.44,2561,2522,2412,2503,2499.5,149,54.67,2561,2546,175,169,2026-09-19 22:18:21.483951+00:00
US-0477000,Tucson,Arizona,AZ,,,2025,548371,325590.54,-0.41,1.06,-3.07,-0.47,5.62,1505,2.74,0.0,15179.0,-4.96,1748.75,20.49,4.23,98.04,12,40.02,29.13,44.61,37.35,37.44,34.72,35.58,36.27,2544,2394,2544,2517,2499.75,150,62.04,2544,2547,40,40,2026-09-19 22:18:21.483951+00:00
US-2035750,Junction City,Kansas,KS,,,2025,22583,209456.01,2.38,-1.61,8.75,4.26,6.22,78,3.45,41.82,1467.0,-4.55,98.5,8.84,2.45,,12,34.15,32.65,50.93,37.82,36.22,35.84,35.15,36.26,2510,2463,2497,2530,2500.0,67,24.38,2510,2548,34,34,2026-09-19 22:18:21.483951+00:00
US-2507000,Boston,Massachusetts,MA,,,2025,672973,787376.74,-0.2,0.49,-0.02,1.79,2.27,2107,3.13,17.78,14593.0,1.96,1512.42,20.04,3.84,99.1,12,20.72,49.2,43.14,36.3,32.63,39.75,35.78,36.11,2582,2614,2299,2508,2500.75,315,122.66,2582,2549,41,41,2026-09-19 22:18:21.483951+00:00
US-4840588,Lake Jackson,Texas,TX,,,2025,27803,270905.28,-0.86,-1.19,0.09,1.09,3.64,6,0.22,20.0,1030.0,0.59,101.5,1.33,3.8,97.02,12,17.19,35.79,83.88,40.38,32.78,37.43,32.23,35.7,2343,2611,2419,2631,2501.0,288,123.17,2343,2550,127,170,2026-09-19 22:18:21.483951+00:00
US-1255925,Pensacola,Florida,FL,,,2025,53817,264287.63,-0.03,-1.37,-1.87,-0.11,5.91,88,1.64,-5.38,2783.0,2.35,432.83,3.47,5.76,96.11,12,31.64,28.59,66.15,39.2,35.9,35.14,33.72,35.99,2425,2483,2526,2587,2505.25,162,59.26,2425,2551,123,132,2026-09-19 22:18:21.483951+00:00
US-0646170,Marysville,California,CA,,,2025,12738,395521.03,-0.04,-0.83,-2.05,0.46,4.45,4,0.31,-50.0,320.0,-4.48,28.33,49.78,3.29,99.25,12,22.2,43.71,52.84,37.39,33.25,38.63,34.94,36.05,2537,2588,2358,2541,2506.0,230,87.77,2537,2552,297,307,2026-09-19 22:18:21.483951+00:00
US-4865408,Sanger,Texas,TX,,,2025,10238,359890.84,0.77,14.63,-2.33,-1.22,5.49,422,41.22,615.25,458.0,-14.23,75.92,38.87,6.34,98.74,12,60.33,20.59,9.77,33.78,40.82,30.89,37.39,35.72,2681,2221,2697,2430,2507.25,476,196.28,2681,2553,199,171,2026-09-19 22:18:21.483951+00:00
US-4858904,Portland,Texas,TX,,,2025,20833,267808.65,0.36,2.05,0.3,0.44,3.73,104,4.99,-6.31,905.0,0.0,98.92,-9.94,4.2,97.0,12,32.63,32.34,54.84,38.08,35.88,35.8,34.72,36.12,2499,2485,2499,2551,2508.5,66,25.19,2499,2554,155,172,2026-09-19 22:18:21.483951+00:00
US-4841464,Laredo,Texas,TX,,,2025,269515,221023.44,0.29,5.5,2.5,1.09,3.44,1340,4.97,-7.46,3157.0,-4.39,588.58,4.02,6.91,98.47,12,40.9,25.94,48.76,37.63,37.59,33.85,34.95,36.01,2520,2388,2586,2540,2508.5,198,73.57,2520,2555,162,173,2026-09-19 22:18:21.483951+00:00
US-1710373,Cahokia Heights,Illinois,IL,,,2025,16874,54322.24,-0.97,-5.31,2.94,3.71,3.12,0,0.0,,767.0,17.64,66.5,28.71,3.26,95.61,12,3.32,53.52,71.98,38.05,28.68,41.23,32.78,35.18,2502,2725,2193,2615,2508.75,532,198.62,2502,2556,210,208,2026-09-19 22:18:21.483951+00:00
US-4023950,Enid,Oklahoma,OK,,,2025,50297,135009.15,-0.46,-1.64,3.49,4.3,4.58,19,0.38,5.56,1867.0,1.63,198.0,-3.1,3.97,96.03,12,18.97,33.69,83.45,40.24,33.06,36.74,32.04,35.52,2353,2600,2449,2642,2511.0,289,116.07,2353,2557,37,40,2026-09-19 22:18:21.483951+00:00
US-2849240,Moss Point,Mississippi,MS,,,2025,11743,149271.7,-0.49,-3.13,-3.28,1.61,3.65,0,0.0,,257.0,12.72,31.33,4.74,4.76,93.52,12,9.36,40.11,90.66,40.45,30.78,38.47,31.33,35.26,2336,2680,2366,2664,2511.5,344,160.95,2336,2558,16,21,2026-09-19 22:18:21.483951+00:00
US-1921000,Des Moines,Iowa,IA,,,2025,212086,212262.64,-0.09,-0.75,1.07,3.49,5.66,1676,7.9,171.2,8518.0,1.79,704.08,33.6,3.08,97.85,12,31.94,46.29,20.12,34.01,34.47,38.06,37.22,35.94,2671,2547,2391,2438,2511.75,280,107.96,2671,2559,37,34,2026-09-19 22:18:21.483951+00:00
US-0671876,Signal Hill,California,CA,,,2025,11153,700822.32,-0.99,-5.6,-3.99,0.28,3.84,6,0.54,200.0,320.0,24.51,32.5,55.38,3.88,98.36,12,5.42,60.46,48.63,35.49,28.42,42.18,34.51,35.15,2617,2736,2134,2560,2511.75,602,227.15,2617,2560,315,308,2026-09-19 22:18:21.483951+00:00
US-0684816,West Sacramento,California,CA,,,2025,56216,531900.03,0.91,4.45,-3.75,-0.98,3.38,192,3.42,-52.83,1114.0,-13.37,93.92,34.01,3.13,98.85,12,38.24,34.88,32.76,35.7,36.41,35.57,36.18,35.97,2607,2451,2508,2490,2514.0,156,57.51,2607,2561,309,309,2026-09-19 22:18:21.483951+00:00
US-1270600,Tallahassee,Florida,FL,,,2025,204902,290812.78,0.43,3.53,-0.67,1.8,4.97,1898,9.26,30.0,6720.0,-0.37,789.67,20.27,4.4,97.4,12,43.13,32.32,26.28,35.14,37.36,34.66,36.58,35.94,2635,2397,2547,2477,2514.0,238,87.73,2635,2562,146,133,2026-09-19 22:18:21.483951+00:00
US-0604870,Bell,California,CA,,,2025,31625,679488.69,-0.85,-5.45,-1.0,2.73,5.42,5,0.16,-70.59,89.0,-4.3,10.75,-2.27,4.59,99.23,12,14.44,36.28,87.47,40.34,31.95,37.41,31.57,35.32,2348,2641,2421,2658,2517.0,310,135.12,2348,2563,265,310,2026-09-19 22:18:21.483951+00:00
US-0681134,Ukiah,California,CA,,,2025,16068,486799.17,0.06,-2.85,-6.35,-5.35,-2.97,2,0.12,-75.0,361.0,9.73,41.92,21.2,4.29,98.28,12,6.16,51.19,70.53,38.01,29.33,40.58,32.86,35.2,2504,2713,2238,2613,2517.0,475,177.23,2504,2564,294,311,2026-09-19 22:18:21.483951+00:00
US-1224125,Fort Myers,Florida,FL,,,2025,101581,311331.65,1.43,16.37,-11.93,-5.82,5.35,1849,18.2,7.44,4274.0,-5.32,939.0,12.25,8.24,94.97,12,59.66,13.45,27.49,35.44,40.97,29.42,35.65,35.37,2619,2208,2732,2512,2517.75,524,195.02,2619,2565,144,134,2026-09-19 22:18:21.483951+00:00
US-0609598,Calabasas,California,CA,,,2025,22027,1694372.35,-0.97,-5.23,-1.61,1.24,6.21,6,0.27,0.0,720.0,6.67,98.58,58.58,5.05,97.74,12,23.22,42.42,52.13,37.17,33.31,38.11,34.75,35.84,2555,2583,2386,2549,2518.25,197,77.43,2555,2566,300,312,2026-09-19 22:18:21.483951+00:00
US-4863284,Rosenberg,Texas,TX,,,2025,42701,317820.1,0.83,10.92,-2.48,-1.08,5.41,419,9.81,34.73,1323.0,-7.29,161.0,44.72,4.48,97.31,12,57.64,21.94,12.03,33.74,40.09,31.16,37.01,35.5,2682,2258,2684,2452,2519.0,426,177.77,2682,2567,200,174,2026-09-19 22:18:21.483951+00:00
US-1342268,Jesup,Georgia,GA,,,2025,10301,197288.85,0.56,5.02,-0.1,3.47,6.24,32,3.11,-23.81,236.0,-9.92,36.42,48.14,5.98,96.4,12,59.71,12.7,28.83,35.54,40.97,29.22,35.47,35.3,2614,2207,2737,2519,2519.25,530,196.15,2614,2568,80,78,2026-09-19 22:18:21.483951+00:00
US-4813492,Cedar Hill,Texas,TX,,,2025,49801,314848.99,0.26,1.41,-3.75,-2.47,5.2,174,3.49,-29.55,1391.0,-1.7,171.58,20.27,4.53,97.94,12,37.62,31.89,41.06,36.48,36.42,34.99,35.39,35.82,2577,2450,2531,2522,2520.0,127,45.48,2577,2569,179,175,2026-09-19 22:18:21.483951+00:00
US-0600884,Alhambra,California,CA,,,2025,79820,924169.16,-0.5,-3.45,0.12,2.47,5.05,116,1.45,-13.43,881.0,-4.96,84.5,26.12,3.54,101.8,12,15.15,51.06,49.47,36.3,31.07,40.05,34.74,35.54,2581,2666,2287,2550,2521.0,379,141.62,2581,2570,305,313,2026-09-19 22:18:21.483951+00:00
US-4861796,Richardson,Texas,TX,,,2025,118542,440471.15,0.48,-0.65,-3.34,0.52,5.97,677,5.71,-14.3,3042.0,1.0,295.25,33.75,3.56,97.68,12,35.7,40.45,24.59,34.58,35.46,36.65,36.73,35.85,2653,2506,2459,2471,2522.25,194,77.44,2653,2571,192,176,2026-09-19 22:18:21.483951+00:00
US-4865000,San Antonio,Texas,TX,,,2025,1548422,251664.39,0.94,7.66,-3.06,-2.77,3.56,5320,3.44,-14.99,34466.0,-2.88,5438.58,11.07,5.79,96.61,12,44.25,21.51,49.05,37.49,38.15,32.46,34.5,35.65,2530,2369,2631,2562,2523.0,262,96.11,2530,2572,167,177,2026-09-19 22:18:21.483951+00:00
US-2203985,Baker,Louisiana,LA,,,2025,12136,182888.69,-0.39,-2.55,-3.4,0.2,2.43,9,0.74,0.0,488.0,54.43,50.92,42.09,4.2,98.22,12,7.4,57.94,48.8,35.44,28.77,41.41,34.29,34.98,2620,2724,2181,2573,2524.5,543,205.71,2620,2573,9,8,2026-09-19 22:18:21.483951+00:00
US-4805864,Bastrop,Texas,TX,,,2025,13383,359521.15,4.9,36.74,-3.1,-4.72,4.88,372,27.8,-2.11,363.0,-47.84,58.75,-12.2,6.32,97.36,12,57.68,9.84,40.96,36.75,40.82,28.86,34.48,35.23,2569,2222,2745,2564,2525.0,523,189.52,2569,2574,178,178,2026-09-19 22:18:21.483951+00:00
US-0648788,Montclair,California,CA,,,2025,37563,653393.11,-0.49,-0.98,-3.15,1.79,6.01,112,2.98,-86.32,336.0,-31.01,26.83,44.39,3.33,100.27,12,34.73,38.91,30.41,35.11,35.34,36.38,36.18,35.75,2638,2512,2468,2491,2527.25,170,65.81,2638,2575,320,314,2026-09-19 22:18:21.483951+00:00
US-0668224,San Marino,California,CA,,,2025,11964,2766619.52,-0.8,-4.07,5.36,4.1,3.54,77,6.44,2466.67,337.0,-2.88,26.33,-9.2,3.14,104.1,12,6.92,57.37,50.71,35.52,28.62,41.23,34.0,34.84,2615,2728,2192,2578,2528.25,536,201.84,2615,2576,313,315,2026-09-19 22:18:21.483951+00:00
US-2657760,Niles,Michigan,MI,,,2025,11665,204825.03,-0.45,-2.55,1.62,2.68,4.85,3,0.26,0.0,455.0,-14.63,29.67,-6.56,2.46,97.6,12,17.23,32.87,86.78,40.09,32.35,36.26,31.22,34.98,2368,2628,2477,2670,2535.75,302,120.55,2368,2577,77,78,2026-09-19 22:18:21.483951+00:00
US-4854132,Orange,Texas,TX,,,2025,19419,181026.48,0.67,0.76,2.07,-1.56,-0.42,123,6.33,3.36,771.0,29.8,125.5,10.65,6.28,97.19,12,22.08,47.22,39.8,35.31,32.28,38.56,35.16,35.33,2627,2629,2363,2528,2536.75,266,108.31,2627,2578,188,179,2026-09-19 22:18:21.483951+00:00
US-1764278,Riverdale,Illinois,IL,,,2025,10280,115129.69,-0.21,-3.22,-6.03,-0.07,7.64,0,0.0,,313.0,-16.76,70.25,27.34,8.55,96.87,12,44.87,9.39,72.78,39.43,38.41,29.54,31.7,34.77,2408,2357,2729,2655,2537.25,372,157.98,2408,2579,206,209,2026-09-19 22:18:21.483951+00:00
US-3528460,Gallup,New Mexico,NM,,,2025,19969,222955.35,-1.4,-8.37,1.59,1.98,2.45,0,0.0,-100.0,296.0,20.82,36.83,26.29,4.62,98.03,12,0.24,54.25,73.41,37.44,27.42,40.92,31.86,34.41,2534,2750,2219,2649,2538.0,531,199.4,2534,2580,10,10,2026-09-19 22:18:21.483951+00:00
US-0640886,Lawndale,California,CA,,,2025,29892,779420.74,-0.9,-5.8,-3.51,0.89,3.75,24,0.8,0.0,309.0,7.29,30.58,24.41,4.11,99.17,12,4.91,55.94,57.42,35.9,28.09,40.85,33.12,34.49,2594,2742,2224,2603,2540.75,518,192.06,2594,2581,307,316,2026-09-19 22:18:21.483951+00:00
US-1258050,Pompano Beach,Florida,FL,,,2025,117211,353269.32,0.26,4.67,-5.98,-1.04,6.5,356,3.04,13.38,2451.0,-8.58,836.67,50.1,12.55,94.49,12,62.56,8.22,28.65,35.06,41.17,27.59,34.72,34.63,2639,2198,2775,2552,2541.0,577,213.38,2639,2582,147,135,2026-09-19 22:18:21.483951+00:00
US-2715832,Detroit Lakes,Minnesota,MN,,,2025,10019,365830.54,0.1,-0.01,3.1,3.02,5.75,57,5.69,83.87,549.0,0.55,56.0,13.71,4.21,96.92,12,36.35,33.03,38.5,35.72,35.68,34.84,35.07,35.33,2605,2491,2538,2533,2541.75,114,40.83,2605,2583,92,93,2026-09-19 22:18:21.483951+00:00
US-1960465,Ottumwa,Iowa,IA,,,2025,25319,123540.91,-0.59,-0.56,-1.07,3.34,6.09,35,1.38,-7.89,795.0,-7.02,78.83,0.85,3.85,93.73,12,37.45,18.51,69.78,38.91,36.62,31.89,32.16,34.89,2443,2439,2653,2636,2542.75,214,101.94,2443,2584,33,35,2026-09-19 22:18:21.483951+00:00
US-1218575,Dunedin,Florida,FL,,,2025,35227,405086.53,-1.58,-2.52,-6.17,-1.0,6.47,25,0.71,-16.67,2369.0,1.54,317.08,28.76,4.97,95.32,12,34.35,28.02,55.92,37.53,35.69,34.11,33.66,35.25,2528,2490,2571,2591,2545.0,101,39.07,2528,2585,133,136,2026-09-19 22:18:21.483951+00:00
US-4829336,Georgetown,Texas,TX,,,2025,106907,435524.71,5.38,55.56,-4.11,-5.0,4.17,1770,16.56,-24.81,6320.0,-6.76,951.67,18.71,5.48,97.57,12,54.17,20.17,22.38,34.32,39.2,30.7,35.69,34.98,2661,2307,2705,2510,2545.75,398,155.66,2661,2586,195,180,2026-09-19 22:18:21.483951+00:00
US-1249600,North Palm Beach,Florida,FL,,,2025,13319,610292.66,-0.32,1.37,-6.95,-3.31,6.35,14,1.05,-26.32,924.0,-11.66,226.83,10.07,9.56,93.33,12,49.86,6.07,66.24,38.63,39.18,28.23,31.79,34.46,2466,2308,2762,2652,2547.0,454,173.88,2466,2587,127,137,2026-09-19 22:18:21.483951+00:00
US-4837000,Irving,Texas,TX,,,2025,257076,341399.92,-0.6,0.07,-3.25,-0.22,5.37,103,0.4,-81.14,3407.0,-1.36,433.25,37.98,4.64,97.55,12,32.58,30.17,55.06,37.36,35.23,34.63,33.75,35.24,2542,2517,2549,2585,2548.25,68,24.32,2542,2588,170,181,2026-09-19 22:18:21.483951+00:00
US-0648914,Monterey Park,California,CA,,,2025,57457,912838.26,-0.84,-5.61,-0.31,2.85,5.26,57,0.99,-63.92,844.0,-10.12,71.08,15.9,3.07,100.36,12,13.29,46.65,61.88,37.11,30.58,38.92,33.16,34.94,2557,2688,2347,2601,2548.25,341,125.39,2557,2589,301,317,2026-09-19 22:18:21.483951+00:00
US-1207875,Boynton Beach,Florida,FL,,,2025,82396,400377.84,-0.4,2.39,-7.2,-2.47,6.5,462,5.61,1183.33,3590.0,-8.86,721.83,10.92,7.52,94.86,12,56.35,9.48,41.16,36.15,40.01,28.29,33.74,34.55,2586,2264,2759,2586,2548.75,495,178.93,2586,2590,137,138,2026-09-19 22:18:21.483951+00:00
US-4876672,Watauga,Texas,TX,,,2025,22981,276325.36,-0.49,-2.59,-2.56,-1.44,5.38,67,2.92,-10.67,829.0,-7.68,63.33,-8.43,2.81,98.39,12,21.15,38.0,63.1,37.54,32.5,36.71,32.93,34.92,2526,2623,2455,2611,2553.75,168,68.18,2526,2591,165,182,2026-09-19 22:18:21.483951+00:00
US-4231200,Greensburg,Pennsylvania,PA,,,2025,14462,251166.15,-0.58,-3.02,1.41,2.54,4.24,0,0.0,,498.0,-5.32,40.67,-4.31,3.02,97.07,12,12.2,32.76,95.55,40.23,30.87,36.01,29.79,34.23,2355,2675,2487,2706,2555.75,351,143.02,2355,2592,48,48,2026-09-19 22:18:21.483951+00:00
US-1264175,Sarasota,Florida,FL,,,2025,58458,411852.14,1.18,5.86,-9.01,-4.29,6.17,216,3.69,-80.4,3236.0,-16.32,799.25,19.72,9.13,93.79,12,60.48,4.11,40.54,35.77,40.58,26.49,33.12,33.99,2601,2229,2789,2604,2555.75,560,203.44,2601,2593,142,139,2026-09-19 22:18:21.483951+00:00
US-0640130,Lancaster,California,CA,,,2025,170084,466196.24,0.68,-1.78,-3.18,0.53,5.73,520,3.06,-42.03,4484.0,-4.86,489.67,31.19,3.98,99.69,12,27.93,41.83,35.68,34.73,33.26,36.74,34.96,34.92,2650,2586,2450,2539,2556.25,200,72.91,2650,2594,322,318,2026-09-19 22:18:21.483951+00:00
US-4105350,Beaverton,Oregon,OR,,,2025,97842,535737.16,-0.08,0.25,-2.19,-0.28,4.24,442,4.52,174.53,2936.0,-2.33,284.17,35.96,3.5,99.4,12,26.28,46.78,27.31,33.71,32.59,37.71,35.61,34.91,2685,2616,2410,2515,2556.5,275,103.97,2685,2595,45,44,2026-09-19 22:18:21.483951+00:00
US-4835000,Houston,Texas,TX,,,2025,2397315,266376.1,0.48,4.31,-3.04,-1.0,4.71,11878,4.95,-0.17,59921.0,0.37,9148.5,27.14,5.6,96.86,12,43.39,27.73,30.6,34.71,36.77,32.86,35.07,34.85,2651,2430,2618,2535,2558.5,221,85.38,2651,2596,191,183,2026-09-19 22:18:21.483951+00:00
US-4839952,Kyle,Texas,TX,,,2025,69917,307822.9,6.06,50.58,-7.95,-7.34,3.38,1298,18.56,-26.58,2383.0,-13.6,337.67,6.16,5.19,98.02,12,51.36,18.42,32.6,35.14,38.66,30.43,34.66,34.72,2634,2340,2710,2554,2559.5,370,138.21,2634,2597,189,184,2026-09-19 22:18:21.483951+00:00
US-4821628,Duncanville,Texas,TX,,,2025,38915,275821.55,-1.13,-3.98,-3.45,-1.25,5.6,0,0.0,-100.0,781.0,-4.41,80.67,15.65,3.85,97.97,12,19.24,31.46,81.55,39.1,32.25,35.31,30.97,34.41,2428,2631,2519,2671,2562.25,243,95.46,2428,2598,144,185,2026-09-19 22:18:21.483951+00:00
US-1757394,Palos Hills,Illinois,IL,,,2025,18028,287997.38,-0.02,-2.35,0.6,3.39,5.49,2,0.11,-81.82,719.0,-11.01,64.83,13.74,3.4,98.24,12,23.06,29.66,76.81,38.81,33.11,34.76,31.41,34.52,2449,2598,2542,2662,2562.75,213,78.2,2449,2599,209,210,2026-09-19 22:18:21.483951+00:00
US-4801240,Addison,Texas,TX,,,2025,17195,507399.9,-0.62,0.61,-2.04,1.04,5.91,34,1.98,-38.18,401.0,-2.43,59.25,38.6,5.54,97.77,12,40.81,26.94,38.84,35.46,36.35,32.89,34.37,34.77,2618,2453,2616,2567,2563.5,165,66.99,2618,2600,186,186,2026-09-19 22:18:21.483951+00:00
US-1216725,Deerfield Beach,Florida,FL,,,2025,89339,275684.12,-0.17,2.95,-7.82,-2.4,6.11,10,0.11,-23.08,2008.0,-11.27,634.42,58.54,11.67,94.37,12,52.86,6.29,55.74,37.28,39.32,27.68,32.19,34.12,2548,2301,2772,2635,2564.0,471,171.56,2548,2601,135,140,2026-09-19 22:18:21.483951+00:00
US-4850820,New Braunfels,Texas,TX,,,2025,122492,352169.09,5.12,33.67,-3.6,-4.39,3.03,879,7.18,-63.95,4103.0,-5.59,713.08,12.79,6.42,96.85,12,50.74,17.55,35.84,35.4,38.55,30.25,34.31,34.63,2623,2348,2716,2571,2564.5,368,135.36,2623,2602,187,187,2026-09-19 22:18:21.483951+00:00
US-0670588,Scotts Valley,California,CA,,,2025,11652,1233504.2,-1.03,-4.67,1.16,1.22,4.88,138,11.84,6800.0,328.0,-3.24,22.17,-17.65,2.45,99.4,12,10.19,54.46,45.72,34.57,28.8,39.87,33.66,34.22,2657,2723,2295,2590,2566.25,428,163.51,2657,2603,324,319,2026-09-19 22:18:21.483951+00:00
US-4860836,Raymondville,Texas,TX,,,2025,10082,118070.45,-0.52,-1.07,1.22,-1.36,-2.45,0,0.0,-100.0,59.0,25.53,14.58,30.6,9.75,95.21,12,13.55,41.51,70.75,37.64,30.52,37.51,31.85,34.38,2519,2692,2415,2650,2569.0,277,109.44,2519,2604,161,188,2026-09-19 22:18:21.483951+00:00
US-1312400,Cairo,Georgia,GA,,,2025,10150,172333.35,0.14,-0.14,-5.0,0.1,3.83,3,0.3,-83.33,191.0,11.7,38.25,76.54,9.34,96.74,12,22.82,39.73,51.77,35.98,32.24,36.46,33.33,34.5,2590,2633,2464,2595,2570.5,169,63.7,2590,2605,78,79,2026-09-19 22:18:21.483951+00:00
US-2149368,Madisonville,Kentucky,KY,,,2025,19428,165633.71,-0.05,-1.09,0.15,3.41,7.0,69,3.55,130.0,738.0,-4.03,75.42,46.92,3.83,95.28,12,47.01,24.32,26.85,34.03,37.18,31.51,34.78,34.37,2669,2411,2667,2548,2573.75,258,105.97,2669,2606,24,24,2026-09-19 22:18:21.483951+00:00
US-1259200,Punta Gorda,Florida,FL,,,2025,20383,336302.27,0.17,3.7,-13.3,-7.72,3.91,122,5.99,-11.59,2138.0,9.64,591.08,25.9,10.51,93.94,12,38.59,32.91,28.43,34.06,35.36,33.94,35.02,34.59,2667,2511,2582,2538,2574.5,156,59.11,2667,2607,148,141,2026-09-19 22:18:21.483951+00:00
US-4103050,Ashland,Oregon,OR,,,2025,20889,543261.68,-0.33,-2.29,0.18,0.1,2.57,43,2.06,-10.42,961.0,6.31,101.67,7.3,3.93,98.34,12,8.35,49.93,59.99,35.81,28.57,38.97,32.22,33.89,2598,2730,2344,2633,2576.25,386,142.54,2598,2608,44,45,2026-09-19 22:18:21.483951+00:00
US-2208920,Bossier City,Louisiana,LA,,,2025,63259,227402.4,0.0,0.89,-0.65,1.83,4.36,301,4.76,3.44,2155.0,2.91,212.75,23.57,3.68,96.78,12,29.83,39.49,33.64,34.16,33.3,35.71,34.56,34.43,2666,2585,2501,2558,2577.5,165,59.42,2666,2609,10,9,2026-09-19 22:18:21.483951+00:00
US-0827700,Fort Lupton,Colorado,CO,,,2025,10402,469944.46,4.3,30.24,-1.16,0.12,4.41,210,20.19,28.05,497.0,-28.9,71.08,48.61,5.28,99.31,12,55.16,23.42,6.57,31.91,38.35,30.42,36.02,34.17,2740,2362,2712,2499,2578.25,378,155.8,2740,2610,44,42,2026-09-19 22:18:21.483951+00:00
US-4816468,Converse,Texas,TX,,,2025,32481,248560.68,2.97,16.59,-3.93,-3.13,3.99,293,9.02,-11.21,1089.0,-33.84,180.0,-2.96,6.03,97.71,12,51.82,11.65,43.7,35.73,38.55,28.51,32.93,33.93,2604,2346,2754,2610,2578.5,408,147.05,2604,2611,183,189,2026-09-19 22:18:21.483951+00:00
US-0670000,Santa Monica,California,CA,,,2025,90082,1671601.29,-0.47,-3.06,-1.82,-2.08,0.65,460,5.11,10.05,1915.0,17.05,250.42,33.79,4.79,99.81,12,5.37,64.61,26.18,31.31,26.26,41.07,34.11,33.19,2759,2782,2204,2576,2580.25,578,231.43,2759,2612,342,320,2026-09-19 22:18:21.483951+00:00
US-0811810,Cañon City,Colorado,CO,,,2025,17030,337216.9,-0.55,0.66,0.78,1.79,6.02,21,1.23,-16.0,766.0,-6.36,123.17,23.68,5.96,97.07,12,42.41,17.94,53.51,36.62,36.73,30.61,32.51,34.12,2572,2432,2707,2622,2583.25,275,99.77,2572,2613,41,43,2026-09-19 22:18:21.483951+00:00
US-1239550,Lauderhill,Florida,FL,,,2025,75668,213292.51,-0.24,1.75,-10.85,-2.46,6.07,2,0.03,,1332.0,-13.22,518.0,39.5,14.28,95.35,12,48.11,7.39,62.82,37.53,38.1,27.92,31.25,33.7,2527,2371,2769,2667,2583.5,398,149.78,2527,2614,132,142,2026-09-19 22:18:21.483951+00:00
US-4836008,Ingleside,Texas,TX,,,2025,10085,215186.3,-0.52,4.84,-1.9,0.27,3.68,17,1.69,13.33,313.0,-1.88,49.67,22.13,6.1,96.31,12,40.14,21.57,50.6,36.25,36.13,31.49,32.83,34.18,2583,2469,2669,2614,2583.75,200,73.06,2583,2615,181,190,2026-09-19 22:18:21.483951+00:00
US-1743536,Lincoln,Illinois,IL,,,2025,12981,133776.82,-0.74,-2.01,5.45,4.64,2.97,59,4.55,,695.0,2.81,33.75,40.14,1.78,97.67,12,12.48,58.55,25.25,31.8,28.22,39.74,34.49,33.56,2743,2739,2301,2563,2586.5,442,180.15,2743,2616,220,211,2026-09-19 22:18:21.483951+00:00
US-4857176,Pflugerville,Texas,TX,,,2025,68316,378846.83,1.53,4.32,-6.98,-6.25,4.03,920,13.47,7.48,1765.0,-3.66,223.33,11.43,4.64,98.14,12,40.31,29.69,29.98,34.01,35.57,32.92,34.5,34.25,2670,2502,2614,2561,2586.75,168,62.29,2670,2617,197,191,2026-09-19 22:18:21.483951+00:00
US-0681666,Vallejo,California,CA,,,2025,123287,524893.69,-0.26,-2.11,-5.51,-1.69,2.25,174,1.41,180.65,2866.0,-2.72,279.42,18.19,3.56,100.04,12,9.33,49.94,56.01,35.21,28.51,38.67,32.27,33.67,2631,2732,2357,2627,2586.75,375,139.16,2631,2618,317,321,2026-09-19 22:18:21.483951+00:00
US-4807552,Benbrook,Texas,TX,,,2025,24279,319691.76,-1.15,-0.91,-2.12,-0.62,5.61,395,16.27,1419.23,931.0,0.0,97.58,10.06,3.88,98.27,12,30.55,39.68,29.78,33.55,33.17,35.46,34.58,34.19,2689,2594,2512,2556,2587.75,177,65.26,2689,2619,202,192,2026-09-19 22:18:21.483951+00:00
US-0642006,Livingston,California,CA,,,2025,14690,429174.74,-0.33,3.53,-2.29,1.11,5.19,87,5.92,2800.0,120.0,-11.11,12.08,130.16,3.81,98.62,12,45.06,29.48,16.85,32.55,36.15,32.26,35.23,34.05,2720,2467,2640,2526,2588.25,253,98.25,2720,2620,334,322,2026-09-19 22:18:21.483951+00:00
US-0644000,Los Angeles,California,CA,,,2025,3869089,945247.64,-0.09,-0.7,-2.73,0.66,3.83,11211,2.9,6.89,55680.0,2.48,7911.83,25.27,5.17,99.29,12,20.34,45.54,40.44,34.19,30.92,37.22,33.69,34.0,2665,2671,2430,2588,2588.5,241,97.19,2665,2621,326,323,2026-09-19 22:18:21.483951+00:00
US-4835528,Huntsville,Texas,TX,,,2025,49088,264004.99,0.09,7.05,0.21,-1.32,3.77,166,3.38,-60.1,905.0,-4.03,141.08,16.52,5.72,96.36,12,44.32,19.11,44.53,35.55,36.79,30.49,33.0,33.96,2613,2429,2709,2607,2589.5,280,101.12,2613,2622,185,193,2026-09-19 22:18:21.483951+00:00
US-1747553,Mattoon,Illinois,IL,,,2025,16667,126860.48,0.26,-1.13,4.87,6.14,4.7,8,0.48,-75.0,616.0,-7.23,34.75,26.36,2.07,95.56,12,22.19,35.85,60.34,36.51,32.01,35.42,32.15,34.02,2575,2637,2514,2637,2590.75,123,51.03,2575,2623,211,212,2026-09-19 22:18:21.483951+00:00
US-1914430,Clinton,Iowa,IA,,,2025,24049,130360.01,-0.25,-1.62,0.31,1.73,3.7,12,0.5,-66.67,1077.0,6.21,100.75,29.72,3.55,95.96,12,15.46,43.27,57.98,35.82,30.18,37.13,32.22,33.84,2597,2698,2436,2634,2591.25,262,96.64,2597,2624,35,36,2026-09-19 22:18:21.483951+00:00
US-0115256,Clay,Alabama,AL,,,2025,10198,249019.82,-0.5,-1.12,-0.04,-0.27,5.01,8,0.78,0.0,410.0,-6.18,54.08,11.7,5.1,99.05,12,24.06,30.93,67.63,37.36,32.66,34.37,31.51,33.97,2543,2613,2557,2659,2593.0,116,46.24,2543,2625,48,48,2026-09-19 22:18:21.483951+00:00
US-4848804,Missouri City,Texas,TX,,,2025,77327,338632.04,-0.8,3.9,-2.2,-0.45,5.58,737,9.53,524.58,3415.0,-4.4,451.83,24.82,4.89,96.83,12,49.54,22.14,22.58,33.21,37.27,30.43,34.51,33.86,2699,2404,2711,2559,2593.25,307,124.54,2699,2626,203,194,2026-09-19 22:18:21.483951+00:00
US-3246000,Mesquite,Nevada,NV,,,2025,24001,382838.65,2.28,16.46,-0.78,-0.53,5.04,416,17.33,10.34,365.0,-27.58,56.17,9.59,5.64,97.19,12,57.07,10.27,29.82,33.88,38.94,27.24,33.28,33.34,2679,2320,2780,2597,2594.0,460,170.96,2679,2627,9,9,2026-09-19 22:18:21.483951+00:00
US-0409690,Camp Verde,Arizona,AZ,,,2025,12581,429390.74,-0.44,2.25,1.05,1.02,5.69,30,2.38,-91.69,211.0,-13.88,33.33,5.54,6.0,96.47,12,45.96,10.55,59.18,36.87,37.32,28.46,31.34,33.5,2567,2399,2755,2663,2596.0,356,131.74,2567,2628,41,41,2026-09-19 22:18:21.483951+00:00
US-0121184,Dothan,Alabama,AL,,,2025,72060,206355.65,0.31,1.34,2.97,3.96,6.48,252,3.5,-7.01,2415.0,-16.17,255.58,47.74,3.87,96.5,12,51.86,17.19,26.94,33.49,37.72,29.05,33.76,33.51,2692,2382,2741,2583,2599.5,359,137.98,2692,2629,53,49,2026-09-19 22:18:21.483951+00:00
US-0600394,Agoura Hills,California,CA,,,2025,19243,1232111.77,-0.88,-4.85,-1.45,2.08,6.04,4,0.21,300.0,574.0,-0.69,61.75,52.78,4.02,98.37,12,21.34,38.5,54.2,35.56,31.42,35.7,32.35,33.76,2612,2660,2502,2625,2599.75,158,59.1,2612,2630,312,324,2026-09-19 22:18:21.483951+00:00
US-0521070,El Dorado,Arkansas,AR,,,2025,16609,139074.29,-0.69,-6.17,-1.23,-0.11,0.19,14,0.84,7.69,539.0,9.11,45.42,-4.72,3.13,95.73,12,0.24,49.19,77.67,36.73,26.54,38.78,30.01,33.01,2570,2778,2351,2701,2600.0,427,161.85,2570,2631,25,25,2026-09-19 22:18:21.483951+00:00
US-2656020,Mount Pleasant,Michigan,MI,,,2025,20925,218565.0,-0.52,-3.73,2.41,3.37,5.44,5,0.24,66.67,709.0,-3.41,73.33,1.73,3.83,97.17,12,17.88,29.99,83.23,38.46,31.32,34.34,29.86,33.49,2476,2663,2559,2704,2600.5,228,89.22,2476,2632,78,79,2026-09-19 22:18:21.483951+00:00
US-3512150,Carlsbad,New Mexico,NM,,,2025,32524,251075.76,1.16,0.92,-1.38,-0.15,-1.14,220,6.76,73.23,1309.0,0.15,87.08,-1.79,2.45,74.64,12,22.79,39.97,47.26,34.92,31.61,35.91,32.97,33.85,2647,2656,2493,2608,2601.0,163,64.91,2647,2633,11,11,2026-09-19 22:18:21.483951+00:00
US-4819792,Del Rio,Texas,TX,,,2025,34496,210857.04,-0.16,-0.64,-3.16,0.73,4.0,23,0.67,-20.69,744.0,-15.84,142.75,12.62,7.03,114.44,12,21.2,32.89,68.85,37.21,31.86,34.78,31.23,33.77,2552,2644,2541,2668,2601.25,127,55.54,2552,2634,172,195,2026-09-19 22:18:21.483951+00:00
US-2839640,Laurel,Mississippi,MS,,,2025,17662,139168.34,0.23,-0.79,-5.46,-1.59,1.96,0,0.0,,390.0,-20.73,54.92,13.82,5.22,106.03,12,14.89,33.12,82.99,38.3,30.57,35.13,29.9,33.48,2490,2689,2527,2702,2602.0,212,94.52,2490,2635,22,22,2026-09-19 22:18:21.483951+00:00
US-1955110,Muscatine,Iowa,IA,,,2025,23164,189814.74,-0.72,-2.6,6.48,3.58,5.21,93,4.01,69.09,858.0,-8.72,57.67,0.73,2.5,98.38,12,19.67,39.96,54.11,35.38,30.92,35.99,32.24,33.64,2624,2670,2489,2629,2603.0,181,68.19,2624,2636,36,37,2026-09-19 22:18:21.483951+00:00
US-4842016,Leander,Texas,TX,,,2025,91132,440702.47,3.94,49.72,-5.82,-6.26,4.57,1336,14.66,11.99,3717.0,-9.89,549.5,28.46,5.34,97.32,12,55.8,17.05,16.3,32.36,38.25,28.56,34.41,33.4,2729,2366,2753,2566,2603.5,387,154.85,2729,2637,209,196,2026-09-19 22:18:21.483951+00:00
US-0642468,Lomita,California,CA,,,2025,19724,911543.41,-0.67,-5.56,-2.16,1.64,4.03,19,0.96,90.0,336.0,-4.0,26.08,12.19,2.9,99.31,12,6.18,48.08,65.31,35.63,27.62,38.1,30.95,33.07,2609,2747,2387,2673,2604.0,360,134.47,2609,2638,310,325,2026-09-19 22:18:21.483951+00:00
US-1316544,Clarkston,Georgia,GA,,,2025,14431,267846.42,-0.03,-1.81,-5.75,0.24,7.14,6,0.42,-53.85,104.0,-27.27,14.92,20.13,5.82,96.47,12,45.3,7.56,65.79,37.21,37.05,27.62,30.37,33.06,2550,2415,2774,2691,2607.5,359,136.98,2550,2639,77,80,2026-09-19 22:18:21.483951+00:00
US-0632548,Hawthorne,California,CA,,,2025,82741,875974.58,-0.94,-5.75,-1.97,0.48,3.1,69,0.83,475.0,576.0,5.11,62.75,47.07,4.07,99.8,12,3.25,57.95,45.94,33.07,26.06,39.74,32.13,32.75,2701,2791,2300,2639,2607.75,491,185.72,2701,2640,330,326,2026-09-19 22:18:21.483951+00:00
US-2636700,Harper Woods,Michigan,MI,,,2025,14860,157600.15,-0.28,-3.81,4.57,4.07,6.89,31,2.09,,644.0,-11.66,73.0,4.04,4.28,97.54,12,35.47,20.56,62.2,36.94,35.01,31.28,31.44,33.67,2565,2527,2681,2661,2608.5,154,64.32,2565,2641,80,80,2026-09-19 22:18:21.483951+00:00
US-1228175,Gulfport,Florida,FL,,,2025,11404,351990.83,-1.67,-3.1,-11.23,-3.75,5.59,13,1.14,8.33,1016.0,11.4,166.0,16.36,6.13,94.46,12,21.24,35.72,60.01,36.0,31.4,35.02,31.63,33.51,2589,2662,2529,2657,2609.25,133,54.57,2589,2642,138,143,2026-09-19 22:18:21.483951+00:00
US-1315172,Chamblee,Georgia,GA,,,2025,32334,473700.97,-0.15,7.02,0.19,2.57,5.09,401,12.4,1905.0,647.0,-8.23,86.5,82.75,4.94,98.46,12,51.05,25.25,7.3,31.08,36.75,30.3,35.07,33.3,2766,2431,2714,2534,2611.25,335,135.06,2766,2643,83,81,2026-09-19 22:18:21.483951+00:00
US-2031100,Hays,Kansas,KS,,,2025,21258,254059.01,0.11,0.47,6.91,4.78,6.06,83,3.9,295.24,631.0,-3.96,66.42,15.34,4.01,,12,41.88,21.28,43.11,34.98,35.88,30.73,32.73,33.58,2644,2484,2703,2616,2611.75,219,80.16,2644,2644,35,35,2026-09-19 22:18:21.483951+00:00
US-4841212,Lancaster,Texas,TX,,,2025,40526,274344.94,-0.84,-1.76,-4.52,-2.0,5.8,23,0.57,-42.5,877.0,-10.96,94.0,8.99,4.05,97.53,12,28.81,22.2,73.01,37.55,33.46,31.8,30.26,33.27,2525,2578,2656,2693,2613.0,168,65.61,2525,2645,164,197,2026-09-19 22:18:21.483951+00:00
US-5426452,Fairmont,West Virginia,WV,,,2025,18035,188003.63,-0.35,-2.12,3.25,2.59,4.13,5,0.28,400.0,639.0,-2.59,58.42,-8.72,3.48,95.78,12,15.54,29.79,87.06,38.41,30.54,34.1,29.1,33.04,2480,2691,2572,2715,2614.5,235,94.67,2480,2646,9,9,2026-09-19 22:18:21.483951+00:00
US-4843240,Lockhart,Texas,TX,,,2025,18159,284161.53,4.63,26.33,-6.68,-5.26,4.57,154,8.48,-40.54,649.0,-38.66,84.58,10.93,4.88,95.23,12,55.9,7.63,35.38,33.88,38.34,26.28,32.13,32.66,2678,2363,2794,2640,2618.75,431,158.18,2678,2647,198,198,2026-09-19 22:18:21.483951+00:00
US-3943554,Lima,Ohio,OH,,,2025,34695,149606.22,-0.32,-2.2,5.2,5.15,7.36,45,1.3,650.0,895.0,-17.66,99.83,36.45,4.05,96.7,12,46.47,14.35,45.47,34.98,36.69,28.66,31.92,33.06,2643,2436,2750,2647,2619.0,314,114.03,2643,2648,141,140,2026-09-19 22:18:21.483951+00:00
US-0625296,Fortuna,California,CA,,,2025,12003,428426.16,-0.78,-3.91,-3.45,-3.25,0.59,35,2.92,29.63,414.0,8.95,34.75,-1.88,3.07,96.75,12,3.12,51.88,60.7,34.58,26.38,38.57,30.82,32.59,2655,2779,2362,2680,2619.0,417,155.46,2655,2649,323,327,2026-09-19 22:18:21.483951+00:00
US-2855360,Pascagoula,Mississippi,MS,,,2025,21409,144574.43,-0.4,-2.59,-0.66,1.87,5.39,8,0.37,14.29,591.0,-3.27,62.08,-11.94,4.08,94.87,12,21.26,23.85,86.41,38.45,31.81,32.46,28.94,32.91,2479,2648,2632,2719,2619.5,240,87.48,2479,2650,21,23,2026-09-19 22:18:21.483951+00:00
US-5633740,Green River,Wyoming,WY,,,2025,11450,294923.96,-0.4,-3.09,3.8,4.53,5.18,5,0.44,-16.67,355.0,-4.83,28.83,7.79,3.19,97.28,12,17.47,32.56,75.83,37.34,30.75,34.52,30.1,33.18,2545,2682,2554,2698,2619.75,153,70.55,2545,2651,10,11,2026-09-19 22:18:21.483951+00:00
US-1251650,Opa-locka,Florida,FL,,,2025,16177,469326.09,-1.23,-1.25,-4.18,4.15,9.22,101,6.24,1162.5,240.0,-26.61,42.0,22.93,6.9,95.71,12,59.83,4.64,29.8,33.0,38.77,24.97,31.99,32.18,2706,2332,2814,2644,2624.0,482,179.23,2706,2652,150,144,2026-09-19 22:18:21.483951+00:00
US-4600100,Aberdeen,South Dakota,SD,,,2025,27961,236461.64,-0.17,-1.63,5.22,3.43,5.45,143,5.11,116.67,1017.0,1.19,89.83,22.92,3.27,97.19,12,25.35,40.84,32.74,32.62,31.11,34.98,33.06,32.94,2717,2664,2532,2606,2629.75,185,68.75,2717,2653,14,14,2026-09-19 22:18:21.483951+00:00
US-1720162,Dixon,Illinois,IL,,,2025,14582,174291.4,0.68,-5.0,7.97,6.95,6.23,18,1.23,-35.71,478.0,-17.3,33.58,12.89,2.64,97.83,12,23.44,31.3,62.12,35.86,31.6,33.57,30.85,32.97,2595,2657,2593,2678,2630.75,85,37.5,2595,2654,212,213,2026-09-19 22:18:21.483951+00:00
US-0658072,Pomona,California,CA,,,2025,147807,691624.95,0.06,-2.13,-1.86,2.32,5.88,426,2.88,50.0,2000.0,-12.51,208.5,29.04,3.81,99.56,12,28.49,35.64,38.0,33.37,32.06,33.85,32.66,32.98,2697,2636,2587,2619,2634.75,110,40.01,2697,2655,329,328,2026-09-19 22:18:21.483951+00:00
US-2232755,Hammond,Louisiana,LA,,,2025,24032,226520.25,2.93,22.51,0.8,-1.37,1.48,551,22.93,18.75,442.0,-9.61,71.17,-6.67,5.97,96.86,12,47.64,14.38,39.39,33.93,36.42,28.11,31.85,32.58,2676,2449,2764,2651,2635.0,315,115.3,2676,2656,12,10,2026-09-19 22:18:21.483951+00:00
US-0673080,South Gate,California,CA,,,2025,90071,691925.41,-0.64,-2.78,-1.12,2.54,5.09,159,1.77,-21.29,417.0,-6.71,45.92,47.33,4.11,101.99,12,17.95,45.65,37.49,32.53,29.19,36.12,32.37,32.55,2721,2717,2481,2624,2635.75,240,97.41,2721,2657,335,329,2026-09-19 22:18:21.483951+00:00
US-2445900,Laurel,Maryland,MD,,,2025,30254,475988.79,0.4,0.92,0.71,2.62,4.32,112,3.7,250.0,698.0,-27.14,62.0,37.02,3.27,99.88,12,29.86,37.26,29.72,32.42,32.06,33.91,33.18,32.89,2726,2635,2583,2600,2636.0,143,55.24,2726,2658,14,13,2026-09-19 22:18:21.483951+00:00
US-0609780,California City,California,CA,,,2025,13300,279265.14,0.5,-11.81,-5.23,0.68,7.75,129,9.7,17.27,751.0,-1.83,145.25,43.57,7.39,98.84,12,41.27,32.17,12.77,30.96,34.27,31.99,34.32,32.88,2770,2557,2647,2570,2636.0,213,84.67,2770,2659,345,330,2026-09-19 22:18:21.483951+00:00
US-2959096,Poplar Bluff,Missouri,MO,,,2025,16295,164556.72,0.51,0.11,4.95,4.32,6.03,45,2.76,-28.57,604.0,-21.25,66.5,-16.09,4.03,95.19,12,39.93,11.42,66.79,36.67,35.41,28.28,29.79,32.54,2571,2508,2760,2705,2636.0,252,100.93,2571,2660,64,64,2026-09-19 22:18:21.483951+00:00
US-4821556,Dumas,Texas,TX,,,2025,14862,189025.77,0.92,3.02,10.06,3.02,4.06,19,1.28,-26.92,443.0,-3.49,43.08,37.14,3.77,,12,37.35,23.61,45.25,34.52,34.41,30.98,31.96,32.97,2658,2551,2693,2645,2636.75,142,52.53,2658,2661,193,199,2026-09-19 22:18:21.483951+00:00
US-2813820,Clarksdale,Mississippi,MS,,,2025,13643,46960.05,-1.25,-7.65,-3.67,-12.13,-6.22,2,0.15,,205.0,46.43,22.25,-0.37,5.17,89.95,12,0.24,43.0,86.81,36.85,26.05,36.74,28.14,31.95,2568,2792,2447,2741,2637.0,345,137.57,2568,2662,24,24,2026-09-19 22:18:21.483951+00:00
US-3916000,Cleveland,Ohio,OH,,,2025,363608,121012.26,0.07,-2.23,-1.32,3.12,5.56,706,1.94,-21.21,12985.0,-2.38,1197.67,15.81,3.37,96.96,12,24.32,33.69,53.61,34.92,31.52,33.87,31.46,32.94,2646,2658,2585,2660,2637.25,75,30.64,2646,2663,142,141,2026-09-19 22:18:21.483951+00:00
US-2412400,Cambridge,Maryland,MD,,,2025,13457,264358.09,1.08,2.76,-0.06,2.99,5.74,23,1.71,0.0,660.0,-35.61,113.83,23.4,6.4,97.14,12,48.4,8.93,49.51,34.86,36.73,26.86,30.75,32.3,2648,2433,2786,2682,2637.25,353,128.42,2648,2664,13,14,2026-09-19 22:18:21.483951+00:00
US-0884440,Wheat Ridge,Colorado,CO,,,2025,32081,607452.83,-0.02,-0.92,-2.48,-0.43,3.73,158,4.93,-3.07,1406.0,-4.61,101.42,29.19,2.63,99.03,12,18.71,47.76,29.51,31.58,29.04,36.31,32.86,32.45,2751,2719,2473,2612,2638.75,278,108.66,2751,2665,46,44,2026-09-19 22:18:21.483951+00:00
US-0628112,Galt,California,CA,,,2025,26964,535265.03,1.35,5.09,-2.63,-0.7,3.48,263,9.75,60.37,715.0,-20.64,72.42,33.28,3.88,99.57,12,40.14,31.15,17.34,31.29,34.02,31.77,33.81,32.72,2760,2562,2657,2582,2640.25,198,77.68,2760,2666,343,331,2026-09-19 22:18:21.483951+00:00
US-0648872,Monterey,California,CA,,,2025,28953,1152414.74,0.27,-4.11,-3.25,0.68,5.03,5,0.17,-61.54,584.0,-5.5,56.17,5.64,3.57,97.92,12,13.8,31.81,82.43,37.26,29.5,34.0,28.77,32.38,2549,2710,2579,2725,2640.75,176,77.66,2549,2667,299,332,2026-09-19 22:18:21.483951+00:00
US-4842664,Liberty Hill,Texas,TX,,,2025,13317,506297.29,11.7,261.88,-4.31,-4.83,4.98,107,8.03,-80.58,233.0,-43.17,60.83,30.82,9.62,97.33,12,58.3,8.7,21.09,31.63,37.83,25.43,32.25,31.79,2749,2379,2807,2628,2640.75,428,164.34,2749,2668,211,200,2026-09-19 22:18:21.483951+00:00
US-0561670,Russellville,Arkansas,AR,,,2025,29521,213121.19,0.39,1.69,2.14,3.15,5.03,38,1.29,26.67,1008.0,-6.49,110.67,34.01,4.08,96.75,12,37.4,22.69,46.71,34.58,34.39,30.71,31.71,32.85,2654,2553,2704,2654,2641.25,151,54.89,2654,2669,27,26,2026-09-19 22:18:21.483951+00:00
US-3840580,Jamestown,North Dakota,ND,,,2025,15688,210859.44,-0.24,-0.79,8.83,2.82,3.78,5,0.32,0.0,406.0,0.25,36.5,33.54,3.37,96.28,12,19.62,35.68,58.83,35.04,30.32,34.33,30.77,32.62,2640,2694,2560,2681,2643.75,134,52.3,2640,2670,9,9,2026-09-19 22:18:21.483951+00:00
US-0541000,Little Rock,Arkansas,AR,,,2025,206427,217367.43,0.2,1.88,0.81,1.69,4.61,1003,4.86,106.38,7750.0,-2.52,907.83,16.49,4.3,96.73,12,35.71,27.05,38.79,33.45,33.58,31.41,32.12,32.64,2694,2572,2672,2641,2644.75,122,46.03,2694,2671,28,27,2026-09-19 22:18:21.483951+00:00
US-3702140,Asheville,North Carolina,NC,,,2025,93523,465009.47,-1.71,-0.9,-4.41,0.65,6.01,743,7.94,0.54,3701.0,7.52,619.42,58.82,6.08,96.93,12,35.06,37.89,12.67,30.46,32.55,33.26,34.1,32.59,2780,2619,2604,2577,2645.0,203,79.38,2780,2672,57,55,2026-09-19 22:18:21.483951+00:00
US-3606607,Binghamton,New York,NY,,,2025,46418,185545.66,-0.24,-2.77,3.3,,,65,1.4,0.0,1345.0,0.75,109.17,23.12,2.98,98.69,12,6.27,50.37,52.16,33.18,26.38,37.41,30.7,31.92,2700,2780,2420,2683,2645.75,360,135.39,2700,2673,63,62,2026-09-19 22:18:21.483951+00:00
US-4261000,Pittsburgh,Pennsylvania,PA,,,2025,307632,241993.16,0.3,1.58,0.32,2.32,3.89,1984,6.45,19.23,9371.0,1.12,1215.92,7.76,4.82,96.66,12,31.27,30.44,41.76,33.6,32.6,32.39,31.95,32.63,2688,2615,2636,2646,2646.25,73,26.57,2688,2674,50,49,2026-09-19 22:18:21.483951+00:00
US-4858280,Pleasanton,Texas,TX,,,2025,11511,258187.24,1.03,7.85,0.41,-0.88,3.22,143,12.42,180.39,243.0,5.19,62.67,79.9,9.58,95.98,12,43.65,31.01,7.28,30.13,34.4,31.24,34.33,32.53,2787,2552,2682,2569,2647.5,235,94.78,2787,2675,219,201,2026-09-19 22:18:21.483951+00:00
US-5311825,Cheney,Washington,WA,,,2025,12650,426050.76,-0.39,-5.49,0.08,0.19,5.51,20,1.58,-20.0,252.0,2.02,28.67,37.05,4.23,98.84,12,15.52,45.35,42.66,32.75,28.54,36.0,31.66,32.24,2715,2731,2488,2656,2647.5,243,96.23,2715,2676,91,90,2026-09-19 22:18:21.483951+00:00
US-0603386,Azusa,California,CA,,,2025,47447,712544.72,-1.14,-5.49,-1.46,2.54,5.76,70,1.48,150.0,676.0,-12.77,59.92,39.07,3.26,100.23,12,18.23,43.0,42.36,32.93,29.28,35.47,31.79,32.37,2712,2715,2511,2653,2647.75,204,82.73,2712,2677,332,333,2026-09-19 22:18:21.483951+00:00
US-4829000,Garland,Texas,TX,,,2025,249625,288892.89,-0.56,1.32,-6.29,-1.89,5.19,159,0.64,-70.77,5238.0,-8.97,652.5,36.94,4.59,97.3,12,37.07,19.92,52.72,34.98,34.28,29.99,30.92,32.54,2642,2556,2720,2675,2648.25,164,60.03,2642,2678,190,202,2026-09-19 22:18:21.483951+00:00
US-3739700,Lumberton,North Carolina,NC,,,2025,18955,147344.62,0.0,0.27,-2.05,1.36,6.54,132,6.96,180.85,439.0,-7.19,51.5,23.6,4.33,95.9,12,47.3,18.64,27.55,32.33,35.74,28.57,32.43,32.27,2731,2488,2752,2623,2648.5,264,104.8,2731,2679,55,56,2026-09-19 22:18:21.483951+00:00
US-1213275,Coconut Creek,Florida,FL,,,2025,58626,287713.16,-0.16,1.96,-9.95,-2.56,5.1,2,0.03,-50.0,984.0,-7.43,289.92,39.16,10.78,96.23,12,39.19,12.71,62.87,35.84,34.8,28.18,29.64,32.12,2596,2535,2763,2709,2650.75,228,89.98,2596,2680,141,145,2026-09-19 22:18:21.483951+00:00
US-0649362,Morro Bay,California,CA,,,2025,10613,926166.31,0.08,-1.35,-2.01,0.11,4.57,19,1.79,-24.0,331.0,2.16,39.08,24.73,4.32,97.81,12,20.33,38.67,47.78,33.61,29.95,34.53,31.33,32.35,2687,2700,2552,2665,2651.0,148,58.51,2687,2681,328,334,2026-09-19 22:18:21.483951+00:00
US-2737502,Little Canada,Minnesota,MN,,,2025,10567,364042.1,0.07,-2.15,0.87,1.82,3.9,208,19.68,1500.0,458.0,3.39,32.17,16.27,2.67,97.8,12,14.53,52.4,24.01,30.15,27.31,36.78,32.52,31.69,2786,2755,2444,2621,2651.5,342,134.9,2786,2682,94,94,2026-09-19 22:18:21.483951+00:00
US-3624229,Elmira,New York,NY,,,2025,26089,126897.34,-0.16,-0.79,-1.76,,,65,2.49,3.17,849.0,13.05,129.92,9.33,5.68,95.93,12,14.56,40.92,55.45,34.01,28.6,35.19,30.51,32.08,2672,2729,2525,2685,2652.75,204,76.72,2672,2683,62,63,2026-09-19 22:18:21.483951+00:00
US-1322052,Decatur,Georgia,GA,,,2025,25276,286401.47,2.47,1.44,-7.74,-3.28,3.49,30,1.19,-92.27,959.0,-9.61,110.67,25.28,4.28,98.59,12,29.17,27.67,52.85,34.57,32.27,31.9,30.87,32.4,2656,2630,2652,2677,2653.75,47,16.68,2656,2684,81,82,2026-09-19 22:18:21.483951+00:00
US-4023500,Elk City,Oklahoma,OK,,,2025,11335,166603.23,-0.22,-1.54,3.82,3.92,5.0,2,0.18,-50.0,424.0,5.47,69.58,25.38,6.23,93.9,12,22.05,29.25,66.41,35.66,30.86,32.67,29.73,32.23,2608,2676,2624,2708,2654.0,100,40.05,2608,2685,41,41,2026-09-19 22:18:21.483951+00:00
US-0673108,South Lake Tahoe,California,CA,,,2025,21115,651569.52,-0.2,-0.92,-1.33,-0.78,5.81,71,3.36,545.45,1118.0,-3.04,158.67,0.21,5.44,96.61,12,32.89,21.89,57.25,35.13,33.25,30.5,30.38,32.31,2636,2589,2708,2690,2655.75,119,46.77,2636,2686,318,335,2026-09-19 22:18:21.483951+00:00
US-2814420,Clinton,Mississippi,MS,,,2025,26640,235683.25,-0.26,-4.78,2.15,1.8,5.27,23,0.86,-32.35,859.0,-5.29,86.5,-6.32,3.74,98.08,12,13.32,32.01,77.96,36.02,28.62,33.3,28.2,31.53,2587,2727,2602,2737,2663.25,150,69.04,2587,2687,25,25,2026-09-19 22:18:21.483951+00:00
US-3923380,East Cleveland,Ohio,OH,,,2025,13229,72400.21,-0.38,-3.62,-13.23,0.02,3.58,0,0.0,,325.0,10.17,45.83,18.53,5.22,92.99,12,7.78,36.54,79.43,35.76,27.15,34.34,27.89,31.29,2602,2759,2558,2748,2666.75,201,88.22,2602,2688,140,142,2026-09-19 22:18:21.483951+00:00
US-3206500,Boulder City,Nevada,NV,,,2025,14884,477007.11,-0.47,-0.11,0.25,1.87,6.13,19,1.28,171.43,560.0,-6.51,81.75,41.97,5.47,97.22,12,39.98,19.16,43.17,33.49,34.21,29.01,30.93,31.91,2693,2559,2742,2674,2667.0,183,67.11,2693,2689,10,10,2026-09-19 22:18:21.483951+00:00
US-4810156,Brenham,Texas,TX,,,2025,19957,331958.14,1.98,14.99,-1.49,-0.72,4.34,197,9.87,77.48,703.0,-7.26,122.42,25.66,6.59,96.19,12,52.63,13.48,21.42,31.13,36.21,26.42,31.89,31.41,2765,2465,2790,2648,2667.0,325,128.35,2765,2690,214,203,2026-09-19 22:18:21.483951+00:00
US-0820000,Denver,Colorado,CO,,,2025,740613,537181.18,-0.13,3.2,-4.2,-2.12,2.6,4727,6.38,18.35,27782.0,-4.36,3023.42,23.91,3.95,98.4,12,31.65,33.57,28.75,31.6,31.79,32.27,32.22,31.97,2750,2649,2639,2632,2667.5,118,48.01,2750,2691,45,45,2026-09-19 22:18:21.483951+00:00
US-5414600,Charleston,West Virginia,WV,,,2025,46117,163175.27,-0.68,-5.2,1.63,3.95,5.44,9,0.2,-70.97,1294.0,-6.64,114.83,-20.48,3.25,94.93,12,14.65,24.69,91.72,37.43,29.22,31.73,26.87,31.31,2535,2716,2659,2762,2668.0,227,85.01,2535,2692,10,10,2026-09-19 22:18:21.483951+00:00
US-4848072,Midland,Texas,TX,,,2025,147615,327843.48,2.37,10.78,3.84,3.96,2.62,1317,8.92,-12.43,465.0,-56.78,531.58,21.04,197.68,99.54,12,43.39,22.21,26.16,31.67,34.45,29.16,32.14,31.86,2747,2549,2739,2638,2668.25,198,81.15,2747,2693,210,204,2026-09-19 22:18:21.483951+00:00
US-4835624,Hutto,Texas,TX,,,2025,46048,347044.75,7.88,63.92,-5.46,-6.02,4.56,582,12.64,-42.38,1993.0,-23.08,279.08,59.17,5.27,98.13,12,55.75,15.34,7.14,29.45,36.33,26.23,32.7,31.18,2804,2457,2795,2617,2668.25,347,142.96,2804,2694,225,205,2026-09-19 22:18:21.483951+00:00
US-0639259,Laguna Woods,California,CA,,,2025,16844,447226.53,-0.85,-4.34,-3.85,1.27,4.7,0,0.0,,2064.0,-5.58,193.25,27.21,3.42,98.7,12,9.24,37.74,72.87,35.13,27.34,34.46,28.43,31.34,2637,2753,2555,2734,2669.75,198,79.53,2637,2695,319,336,2026-09-19 22:18:21.483951+00:00
US-1239425,Largo,Florida,FL,,,2025,80690,331143.73,-1.51,-2.47,-6.27,-2.2,5.81,3,0.04,-94.34,2915.0,-8.65,383.33,8.11,4.83,96.21,12,26.44,15.9,84.25,37.2,31.95,29.31,27.48,31.48,2553,2639,2735,2752,2669.75,199,80.0,2553,2696,136,146,2026-09-19 22:18:21.483951+00:00
US-4819900,Denison,Texas,TX,,,2025,26822,233943.58,0.93,9.2,-4.92,-1.73,4.64,123,4.59,-61.08,1220.0,-16.72,272.75,20.11,8.25,96.73,12,50.65,8.84,36.88,32.58,36.04,25.59,30.46,31.17,2719,2472,2804,2688,2670.75,332,122.35,2719,2697,206,206,2026-09-19 22:18:21.483951+00:00
US-1256975,Pinellas Park,Florida,FL,,,2025,52295,300729.64,-1.62,-2.03,-7.38,-2.4,5.58,52,0.99,205.88,2003.0,-9.04,193.5,7.7,3.59,96.74,12,25.61,23.35,68.81,35.62,31.41,30.85,28.91,31.7,2610,2661,2698,2720,2672.25,110,41.67,2610,2698,143,147,2026-09-19 22:18:21.483951+00:00
US-2025325,Garden City,Kansas,KS,,,2025,27402,236805.38,-0.79,-2.26,1.48,1.99,5.16,107,3.9,205.71,590.0,-3.91,70.42,-10.86,4.48,98.49,12,20.52,32.17,59.05,34.23,29.79,32.71,29.61,31.58,2663,2704,2622,2710,2674.75,88,35.42,2663,2699,36,36,2026-09-19 22:18:21.483951+00:00
US-0660984,Rio Vista,California,CA,,,2025,10523,464038.93,1.87,5.1,-2.67,-2.0,2.13,41,3.9,-66.67,701.0,-12.7,104.42,18.21,5.48,98.82,12,36.32,23.37,41.12,32.99,33.15,29.92,30.97,31.76,2709,2597,2723,2672,2675.25,126,48.87,2709,2700,331,337,2026-09-19 22:18:21.483951+00:00
US-4253368,New Castle,Pennsylvania,PA,,,2025,21175,144733.02,-0.4,-3.27,0.62,2.14,5.49,0,0.0,-100.0,803.0,-1.59,141.33,-3.03,6.5,93.81,12,19.66,17.69,95.02,37.81,30.37,29.88,26.31,31.09,2512,2693,2724,2777,2676.5,265,99.61,2512,2701,49,50,2026-09-19 22:18:21.483951+00:00
US-0683668,Watsonville,California,CA,,,2025,50716,816048.89,-0.53,-3.34,-0.6,0.6,4.06,57,1.12,-22.97,392.0,-4.62,31.92,35.34,3.1,99.4,12,10.34,46.22,47.62,32.22,26.7,35.67,30.21,31.2,2734,2775,2504,2695,2677.0,271,103.81,2734,2702,337,338,2026-09-19 22:18:21.483951+00:00
US-1212875,Clearwater,Florida,FL,,,2025,114364,338597.77,-1.46,-2.46,-7.64,-2.69,5.62,55,0.48,-65.41,5427.0,-0.75,916.08,8.77,6.18,95.46,12,24.34,21.67,74.43,35.93,31.05,30.38,28.15,31.38,2592,2667,2713,2740,2678.0,148,56.09,2592,2703,140,148,2026-09-19 22:18:21.483951+00:00
US-2641420,Jackson,Michigan,MI,,,2025,31022,189566.74,0.67,-0.92,3.5,4.6,5.88,130,4.19,-14.47,1422.0,-13.5,134.25,5.02,3.47,96.85,12,33.53,21.97,50.93,33.83,32.67,29.78,30.06,31.59,2680,2612,2725,2700,2679.25,113,41.97,2680,2704,81,81,2026-09-19 22:18:21.483951+00:00
US-2270805,Slidell,Louisiana,LA,,,2025,28341,225030.89,-0.44,-0.93,-2.15,-3.03,1.7,13,0.46,18.18,893.0,1.48,152.75,-3.53,6.39,96.71,12,14.11,27.79,82.59,36.02,28.49,31.91,27.12,30.88,2588,2733,2651,2758,2682.5,170,67.4,2588,2705,8,11,2026-09-19 22:18:21.483951+00:00
US-0174352,Sylacauga,Alabama,AL,,,2025,12055,168456.48,-0.8,-3.93,2.27,3.35,5.05,0,0.0,,401.0,-1.23,56.67,1.95,5.31,96.16,12,14.25,23.71,92.41,37.1,28.81,31.18,26.32,30.85,2558,2721,2683,2776,2684.5,218,80.17,2558,2706,49,50,2026-09-19 22:18:21.483951+00:00
US-1368516,Sandy Springs,Georgia,GA,,,2025,105013,680294.47,-0.45,-2.97,2.19,2.86,6.18,1187,11.3,241.09,3675.0,2.65,443.08,26.53,4.44,97.84,12,28.4,38.96,19.32,29.83,30.21,32.85,32.24,31.28,2797,2695,2619,2630,2685.25,178,70.75,2797,2707,86,83,2026-09-19 22:18:21.483951+00:00
US-1213175,Cocoa Beach,Florida,FL,,,2025,11314,453012.11,-0.43,-0.33,-3.26,-2.27,6.0,23,2.03,187.5,959.0,-0.83,229.83,27.39,8.89,94.81,12,37.44,19.77,44.41,33.0,33.18,28.76,30.18,31.28,2707,2593,2748,2696,2686.0,155,57.08,2707,2708,151,149,2026-09-19 22:18:21.483951+00:00
US-1746916,Marion,Illinois,IL,,,2025,17148,180120.09,0.74,1.85,2.2,3.11,4.36,88,5.13,3.53,751.0,-10.6,72.25,8.51,3.52,96.83,12,34.35,23.18,44.52,32.99,32.53,29.74,30.34,31.4,2708,2620,2726,2692,2686.5,106,40.23,2708,2709,216,214,2026-09-19 22:18:21.483951+00:00
US-4840984,Lakeway,Texas,TX,,,2025,19027,739877.56,-0.94,-1.2,-4.77,-5.52,4.02,54,2.84,-1.82,1330.0,7.17,240.83,9.59,6.65,96.36,12,18.76,35.07,53.15,33.07,28.81,32.89,29.54,31.08,2702,2722,2615,2711,2687.5,107,42.45,2702,2710,204,207,2026-09-19 22:18:21.483951+00:00
US-0807850,Boulder,Colorado,CO,,,2025,105689,951526.09,-0.81,-2.53,-2.31,-1.58,3.84,336,3.18,-17.24,3502.0,8.69,458.75,13.32,4.85,97.17,12,12.7,42.81,48.06,32.08,27.04,34.56,29.79,30.87,2737,2765,2550,2707,2689.75,215,83.25,2737,2711,43,46,2026-09-19 22:18:21.483951+00:00
US-0654386,Oroville,California,CA,,,2025,20451,309243.77,2.66,2.1,0.21,-1.75,1.65,63,3.08,,461.0,-0.86,66.42,21.31,5.69,98.01,12,28.21,30.21,42.18,32.4,30.91,31.41,30.51,31.31,2727,2674,2674,2686,2690.25,53,21.78,2727,2712,336,339,2026-09-19 22:18:21.483951+00:00
US-0101132,Alexander City,Alabama,AL,,,2025,14515,211858.55,0.12,-2.14,2.69,0.99,5.23,66,4.55,-13.16,458.0,9.31,78.75,11.18,6.48,95.38,12,21.81,35.53,44.41,32.26,29.32,32.75,30.24,31.14,2733,2714,2620,2694,2690.25,113,42.84,2733,2713,55,51,2026-09-19 22:18:21.483951+00:00
US-2923986,Ferguson,Missouri,MO,,,2025,17953,117950.41,-0.37,-2.85,-5.31,-0.68,5.34,1,0.06,,777.0,-11.8,55.33,22.28,2.66,95.57,12,19.76,26.64,71.75,35.17,29.62,31.34,28.05,31.05,2633,2707,2679,2743,2690.5,110,40.21,2633,2714,65,65,2026-09-19 22:18:21.483951+00:00
US-0157648,Ozark,Alabama,AL,,,2025,14269,147205.13,-0.47,-0.45,-0.98,2.64,5.19,12,0.84,-25.0,432.0,-7.49,62.83,-0.13,5.37,96.34,12,28.52,15.58,75.55,35.75,31.69,28.45,27.4,30.82,2603,2652,2756,2753,2691.0,153,65.83,2603,2715,50,52,2026-09-19 22:18:21.483951+00:00
US-5114968,Charlottesville,Virginia,VA,,,2025,44388,512778.3,-0.5,-4.4,0.66,3.57,5.66,889,20.03,1714.29,1300.0,3.34,100.92,67.96,2.88,98.34,12,17.28,53.45,4.99,26.87,26.29,35.33,32.33,30.2,2843,2781,2518,2626,2692.0,325,127.82,2843,2716,36,36,2026-09-19 22:18:21.483951+00:00
US-0633056,Healdsburg,California,CA,,,2025,11172,1091568.05,-0.34,-1.57,-3.38,-0.22,2.32,124,11.1,18.1,446.0,21.2,60.5,21.61,5.06,98.03,12,11.26,53.05,23.25,28.88,25.59,36.04,31.26,30.45,2821,2798,2484,2666,2692.25,337,133.99,2821,2717,352,340,2026-09-19 22:18:21.483951+00:00
US-4131250,Gresham,Oregon,OR,,,2025,111513,467712.96,0.08,-2.59,-0.44,0.57,3.76,296,2.65,23.85,3025.0,-4.27,255.67,41.19,3.08,99.66,12,11.94,48.76,33.23,30.15,26.18,35.39,30.64,30.59,2785,2787,2516,2684,2693.0,271,110.35,2785,2718,46,46,2026-09-19 22:18:21.483951+00:00
US-5300100,Aberdeen,Washington,WA,,,2025,17088,281736.95,0.26,0.29,-4.97,-0.45,4.37,11,0.64,0.0,541.0,-3.05,73.42,45.38,4.99,97.97,12,26.99,28.45,49.25,33.06,30.76,31.13,29.87,31.21,2703,2681,2686,2703,2693.25,22,9.91,2703,2719,90,91,2026-09-19 22:18:21.483951+00:00
US-3756900,Roanoke Rapids,North Carolina,NC,,,2025,14386,129844.99,-1.38,-5.34,0.34,2.39,5.91,23,1.6,360.0,212.0,472.97,40.75,348.62,9.48,93.28,12,19.93,39.62,36.84,31.05,28.38,33.3,30.48,30.8,2767,2738,2601,2687,2698.25,166,63.03,2767,2720,56,57,2026-09-19 22:18:21.483951+00:00
US-0423760,Florence,Arizona,AZ,,,2025,25222,332629.0,2.99,-7.51,-3.92,-3.01,5.86,258,10.23,-26.91,1222.0,19.69,219.92,53.43,6.74,98.05,12,19.35,49.59,9.9,27.57,27.0,34.56,32.01,30.29,2832,2768,2551,2643,2698.5,281,108.96,2832,2721,42,42,2026-09-19 22:18:21.483951+00:00
US-4819000,Dallas,Texas,TX,,,2025,1329491,310576.25,-0.14,1.99,-4.1,-1.55,4.73,6993,5.26,15.82,30153.0,-2.49,4320.92,24.55,5.24,97.05,12,37.01,24.76,31.24,31.28,32.47,29.41,30.92,31.02,2761,2625,2733,2676,2698.75,136,52.45,2761,2722,212,208,2026-09-19 22:18:21.483951+00:00
US-0680994,Twentynine Palms,California,CA,,,2025,25939,248448.4,-2.88,-7.61,-5.04,-4.57,6.3,57,2.2,119.23,755.0,2.17,154.58,27.58,7.53,97.95,12,24.49,32.85,42.91,32.02,29.76,31.85,30.09,30.93,2738,2705,2654,2699,2699.0,84,29.92,2738,2723,339,341,2026-09-19 22:18:21.483951+00:00
US-1718563,Danville,Illinois,IL,,,2025,28138,82296.81,-0.16,-3.39,-3.24,1.73,2.88,6,0.21,,798.0,-4.66,55.67,3.25,2.57,95.47,12,6.83,33.54,82.88,35.19,26.25,32.93,26.46,30.21,2632,2783,2613,2769,2699.25,170,77.2,2632,2724,213,215,2026-09-19 22:18:21.483951+00:00
US-0630798,Grass Valley,California,CA,,,2025,14035,506134.0,-0.41,-0.33,-1.61,-0.83,2.39,51,3.63,628.57,458.0,2.23,47.25,39.66,3.87,98.53,12,16.75,45.38,28.87,29.8,27.16,34.31,30.84,30.53,2798,2758,2562,2679,2699.25,236,90.07,2798,2725,347,342,2026-09-19 22:18:21.483951+00:00
US-4846776,Marshall,Texas,TX,,,2025,24467,163904.97,0.51,4.87,0.04,0.72,1.52,22,0.9,-45.0,499.0,-18.99,77.0,-7.97,5.88,95.29,12,35.71,5.29,78.27,35.7,32.97,25.36,26.28,30.08,2606,2604,2810,2778,2699.5,206,95.18,2606,2726,184,209,2026-09-19 22:18:21.483951+00:00
US-4048000,Miami,Oklahoma,OK,,,2025,12893,124462.59,-0.09,-0.62,-6.1,0.88,5.91,17,1.32,6.25,74.0,-25.25,9.92,-10.53,5.07,95.34,12,35.28,7.29,74.84,35.37,32.82,25.82,26.64,30.16,2625,2609,2803,2765,2700.5,194,84.76,2625,2727,42,42,2026-09-19 22:18:21.483951+00:00
US-4845072,Lufkin,Texas,TX,,,2025,34350,209766.78,0.01,0.67,0.84,1.49,4.84,103,3.0,33.77,372.0,6.29,105.5,73.66,10.56,95.63,12,31.2,32.06,27.57,30.6,30.92,31.13,31.23,30.97,2777,2673,2685,2669,2701.0,108,44.27,2777,2728,217,210,2026-09-19 22:18:21.483951+00:00
US-0543610,Malvern,Arkansas,AR,,,2025,11144,149358.85,0.55,2.67,-5.07,-0.29,2.06,7,0.63,75.0,276.0,-8.31,38.08,5.79,5.38,95.27,12,30.26,13.06,75.02,35.43,31.81,27.51,27.0,30.44,2621,2647,2777,2759,2701.0,156,67.93,2621,2729,26,28,2026-09-19 22:18:21.483951+00:00
US-4874408,Universal City,Texas,TX,,,2025,20399,267180.3,0.18,3.28,-4.19,-2.25,4.02,16,0.78,-5.88,535.0,-6.47,90.5,39.05,6.71,96.82,12,37.71,15.92,49.42,33.01,32.93,27.48,29.07,30.62,2705,2606,2778,2716,2701.25,172,61.63,2705,2730,205,211,2026-09-19 22:18:21.483951+00:00
US-2622000,Detroit,Michigan,MI,,,2025,649095,80377.66,0.79,1.67,-1.6,0.74,5.24,2620,4.04,36.53,19076.0,-6.35,2880.75,8.87,5.53,95.13,12,39.26,14.36,48.4,32.83,33.16,26.94,28.97,30.47,2713,2595,2784,2717,2702.25,189,68.04,2713,2731,82,82,2026-09-19 22:18:21.483951+00:00
US-1224000,Fort Lauderdale,Florida,FL,,,2025,188677,511427.36,-0.01,3.26,-5.39,-0.72,6.47,1372,7.27,438.04,3978.0,-13.73,1604.83,47.74,14.77,94.52,12,58.57,5.01,15.46,29.05,36.04,22.65,30.16,29.47,2815,2473,2839,2697,2706.0,366,144.86,2815,2732,156,150,2026-09-19 22:18:21.483951+00:00
US-4801852,Alice,Texas,TX,,,2025,17550,145632.89,-0.36,-1.71,-5.05,-4.17,-4.66,2,0.11,-33.33,239.0,2.58,39.33,-14.34,6.17,94.31,12,10.46,24.96,93.64,36.33,27.29,30.91,25.3,29.96,2580,2756,2696,2795,2706.75,215,81.23,2580,2733,180,212,2026-09-19 22:18:21.483951+00:00
US-0167056,Russellville,Alabama,AL,,,2025,10904,179734.25,0.71,0.45,-2.09,4.2,6.83,21,1.93,90.91,135.0,-26.63,18.08,42.76,5.54,93.99,12,51.88,3.9,37.35,31.45,35.31,23.31,28.84,29.73,2755,2514,2836,2723,2707.0,322,118.8,2755,2734,58,53,2026-09-19 22:18:21.483951+00:00
US-1909550,Burlington,Iowa,IA,,,2025,23336,129348.95,-0.49,-2.62,1.48,1.27,2.56,23,0.99,130.0,1178.0,4.62,102.58,20.33,3.23,95.48,12,7.06,42.62,58.33,32.32,25.42,34.3,28.19,30.06,2732,2800,2563,2739,2708.5,237,88.07,2732,2735,38,38,2026-09-19 22:18:21.483951+00:00
US-2967790,Sikeston,Missouri,MO,,,2025,15983,160160.0,-0.45,-1.73,-4.43,-1.45,1.33,18,1.13,20.0,466.0,15.63,59.75,25.13,4.82,94.12,12,10.36,41.35,53.6,32.02,26.14,33.89,28.63,30.17,2739,2788,2584,2729,2710.0,204,76.1,2739,2736,67,66,2026-09-19 22:18:21.483951+00:00
US-2946316,Marshall,Missouri,MO,,,2025,13766,182364.43,0.25,-0.15,6.23,2.83,4.86,7,0.51,-22.22,407.0,-10.55,36.58,26.15,3.81,96.92,12,27.57,21.73,59.99,33.63,30.68,29.22,28.19,30.43,2686,2683,2738,2738,2711.25,55,26.77,2686,2737,66,67,2026-09-19 22:18:21.483951+00:00
US-0136448,Hueytown,Alabama,AL,,,2025,16159,166300.2,-0.4,-3.65,1.9,-0.12,5.29,27,1.67,50.0,706.0,2.77,90.08,23.4,4.81,97.49,12,16.82,36.24,49.77,31.85,27.59,32.44,28.85,30.18,2741,2748,2634,2722,2711.25,114,45.6,2741,2738,56,54,2026-09-19 22:18:21.483951+00:00
US-3678608,Watertown,New York,NY,,,2025,23517,198802.71,-1.43,-4.24,-0.38,,,66,2.81,,1069.0,18.91,133.67,12.4,4.57,97.39,12,0.0,51.08,50.93,30.61,22.96,35.73,28.08,29.35,2776,2835,2500,2742,2713.25,335,127.54,2776,2739,65,64,2026-09-19 22:18:21.483951+00:00
US-4238288,Johnstown,Pennsylvania,PA,,,2025,17654,94037.04,-0.87,-3.89,-7.2,-4.43,0.4,0,0.0,,564.0,3.49,42.17,34.93,2.88,93.78,12,3.13,41.61,68.58,32.96,24.49,34.11,26.99,29.64,2710,2814,2570,2760,2713.5,244,90.65,2710,2740,53,51,2026-09-19 22:18:21.483951+00:00
US-0174592,Talladega,Alabama,AL,,,2025,14840,150758.41,0.55,-1.96,-5.54,-0.23,2.86,10,0.67,-16.67,325.0,4.5,51.58,4.56,6.21,94.89,12,12.48,29.7,75.28,34.21,27.06,31.37,26.51,29.79,2664,2761,2678,2768,2717.75,104,47.08,2664,2741,52,55,2026-09-19 22:18:21.483951+00:00
US-0150000,Mobile,Alabama,AL,,,2025,200824,197339.93,-0.39,-2.74,-2.1,1.51,5.23,301,1.5,-55.34,6586.0,-1.63,711.17,13.15,3.97,96.62,12,19.31,29.74,59.28,32.95,28.43,31.04,28.0,30.11,2711,2735,2688,2746,2720.0,58,22.39,2711,2742,54,56,2026-09-19 22:18:21.483951+00:00
US-4871540,Sweetwater,Texas,TX,,,2025,10141,119895.8,-0.24,-4.39,-4.53,-6.46,-3.77,6,0.59,-62.5,273.0,14.71,50.42,-13.94,7.1,89.36,12,0.24,36.78,85.56,34.36,24.0,33.14,25.22,29.18,2660,2819,2607,2796,2720.5,212,89.37,2660,2743,194,213,2026-09-19 22:18:21.483951+00:00
US-0655380,Palos Verdes Estates,California,CA,,,2025,12559,2669739.9,-0.82,-5.64,-2.0,0.89,5.51,20,1.59,42.86,459.0,3.15,53.83,20.97,4.53,96.83,12,15.54,35.61,52.22,31.74,27.06,32.08,28.24,29.78,2746,2762,2644,2735,2721.75,118,45.9,2746,2744,340,343,2026-09-19 22:18:21.483951+00:00
US-0632506,Hawaiian Gardens,California,CA,,,2025,13373,644310.25,-0.63,-5.12,-2.71,2.36,5.56,13,0.97,-23.53,102.0,-26.09,9.17,41.03,3.35,100.04,12,16.02,37.54,46.5,31.17,27.05,32.43,28.75,29.85,2763,2764,2635,2726,2722.0,129,52.51,2763,2745,344,344,2026-09-19 22:18:21.483951+00:00
US-2946640,Maryville,Missouri,MO,,,2025,10092,224144.2,-0.78,-5.03,3.32,2.23,6.57,15,1.49,66.67,387.0,1.04,50.42,31.52,4.82,94.63,12,28.42,25.55,45.96,31.8,30.19,29.47,28.88,30.09,2742,2697,2731,2721,2722.75,45,16.62,2742,2746,68,68,2026-09-19 22:18:21.483951+00:00
US-1269555,Sunny Isles Beach,Florida,FL,,,2025,22395,645648.8,-1.26,0.62,-6.76,-2.75,6.29,219,9.78,5375.0,2078.0,-5.55,1019.75,11.59,18.06,92.39,12,45.35,11.37,32.7,30.29,33.26,24.76,28.79,29.28,2781,2587,2817,2724,2727.25,230,87.5,2781,2747,153,151,2026-09-19 22:18:21.483951+00:00
US-4831928,Haltom City,Texas,TX,,,2025,45542,245975.19,-0.5,-0.98,-5.83,-1.46,5.27,57,1.25,-63.46,862.0,-24.58,92.75,7.12,4.01,97.59,12,27.02,17.68,66.88,33.72,30.2,27.86,26.8,29.65,2684,2696,2770,2764,2728.5,86,38.79,2684,2748,201,214,2026-09-19 22:18:21.483951+00:00
US-1243125,Margate,Florida,FL,,,2025,60070,323774.53,-0.13,2.19,-6.01,-0.22,6.33,233,3.88,1065.0,1150.0,-21.88,334.17,50.47,10.63,96.24,12,53.12,5.26,24.76,29.28,34.5,22.54,28.74,28.77,2807,2542,2841,2727,2729.25,299,115.76,2807,2749,155,152,2026-09-19 22:18:21.483951+00:00
US-0524550,Fort Smith,Arkansas,AR,,,2025,90855,192761.2,0.12,1.91,2.51,2.28,4.67,384,4.23,51.78,2844.0,-14.54,325.58,13.54,4.19,96.94,12,36.25,17.49,43.45,31.48,31.7,27.01,28.53,29.68,2754,2651,2783,2733,2730.25,132,49.08,2754,2750,31,29,2026-09-19 22:18:21.483951+00:00
US-4140550,Lake Oswego,Oregon,OR,,,2025,39722,880124.15,-0.62,-2.82,0.03,1.44,5.54,138,3.47,475.0,1782.0,-0.89,199.0,29.5,4.07,97.99,12,21.76,35.72,34.88,29.93,27.92,31.41,29.35,29.65,2794,2744,2673,2712,2730.75,121,44.34,2794,2751,47,47,2026-09-19 22:18:21.483951+00:00
US-1236550,Key West,Florida,FL,,,2025,24999,1000347.17,-2.37,-5.18,-5.87,-1.1,6.67,29,1.16,7.41,1196.0,-3.63,303.25,6.72,9.48,94.56,12,29.59,13.99,67.97,33.72,30.66,26.76,26.4,29.39,2683,2684,2787,2772,2731.5,104,48.29,2683,2752,149,153,2026-09-19 22:18:21.483951+00:00
US-2275425,Thibodaux,Louisiana,LA,,,2025,15573,227442.07,-0.22,-2.08,0.47,-0.85,-0.62,76,4.88,38.18,407.0,17.63,57.25,8.7,5.53,95.88,12,9.4,43.24,45.48,30.26,24.96,33.42,28.23,29.22,2782,2811,2597,2736,2731.5,214,82.13,2782,2753,16,12,2026-09-19 22:18:21.483951+00:00
US-1202681,Aventura,Florida,FL,,,2025,39880,428182.52,-0.51,-0.39,-10.98,-4.64,5.45,0,0.0,-100.0,2361.0,-16.63,1165.0,10.74,18.04,92.47,12,30.93,3.98,85.9,35.24,31.09,24.35,24.3,28.74,2630,2665,2821,2810,2731.5,191,85.0,2630,2754,145,154,2026-09-19 22:18:21.483951+00:00
US-1745434,Lyons,Illinois,IL,,,2025,10433,276049.05,-0.15,-3.16,-0.06,3.27,4.94,1,0.1,-75.0,220.0,-12.0,23.92,16.67,5.2,99.06,12,15.18,26.09,74.84,33.91,27.4,30.13,26.05,29.37,2677,2751,2718,2781,2731.75,104,38.67,2677,2755,214,216,2026-09-19 22:18:21.483951+00:00
US-3520270,Deming,New Mexico,NM,,,2025,14944,157110.6,-1.21,-1.61,-0.56,-0.84,2.2,2,0.13,-71.43,228.0,12.87,32.25,72.77,5.5,,12,11.05,37.94,55.16,31.49,25.73,32.46,27.56,29.31,2753,2796,2633,2751,2733.25,163,60.61,2753,2756,14,12,2026-09-19 22:18:21.483951+00:00
US-1738115,Jacksonville,Illinois,IL,,,2025,17752,141663.43,-0.34,-2.69,3.42,5.04,3.47,12,0.68,140.0,576.0,-18.64,33.17,8.15,2.15,97.17,12,10.74,31.47,72.52,33.44,26.23,31.41,26.25,29.33,2695,2784,2675,2780,2733.5,109,49.03,2695,2757,215,217,2026-09-19 22:18:21.483951+00:00
US-0534750,Jacksonville,Arkansas,AR,,,2025,29460,168548.74,0.74,-0.07,2.51,2.81,5.5,154,5.23,20.31,942.0,-13.97,108.33,5.43,4.22,97.27,12,33.34,18.59,46.77,31.53,30.93,27.24,28.04,29.44,2752,2669,2781,2745,2736.75,112,41.38,2752,2758,30,30,2026-09-19 22:18:21.483951+00:00
US-2239475,Kenner,Louisiana,LA,,,2025,65136,268987.41,-0.38,-1.73,3.44,-7.19,-3.7,28,0.43,7.69,1392.0,1.09,184.25,3.37,5.0,96.22,12,10.41,28.65,79.25,34.01,26.21,30.77,25.51,29.12,2673,2786,2702,2791,2738.0,118,51.56,2673,2759,11,13,2026-09-19 22:18:21.483951+00:00
US-0613294,Chowchilla,California,CA,,,2025,18730,387930.51,-2.4,-0.71,1.22,2.53,6.61,146,7.79,329.41,371.0,-25.65,46.92,27.09,4.71,97.9,12,43.87,15.87,23.94,29.09,32.48,25.48,29.28,29.08,2813,2624,2805,2713,2738.75,189,77.03,2813,2760,350,345,2026-09-19 22:18:21.483951+00:00
US-0169120,Selma,Alabama,AL,,,2025,16077,74340.57,-1.62,-9.8,-9.4,-2.92,-1.72,0,0.0,,280.0,7.69,62.58,-3.47,8.68,91.49,12,0.24,31.05,95.3,34.79,23.74,31.44,23.61,28.4,2649,2824,2671,2813,2739.25,175,79.73,2649,2761,51,57,2026-09-19 22:18:21.483951+00:00
US-4234064,Hermitage,Pennsylvania,PA,,,2025,16308,223832.28,-0.55,-3.02,1.44,3.63,5.12,5,0.31,-16.67,429.0,-5.09,48.83,19.35,4.51,97.68,12,17.21,25.98,68.28,33.05,27.5,29.7,26.27,29.13,2704,2749,2727,2779,2739.75,75,27.69,2704,2762,52,52,2026-09-19 22:18:21.483951+00:00
US-4839040,Kerrville,Texas,TX,,,2025,25578,358978.59,1.41,5.17,-2.94,-1.81,4.38,177,6.92,-55.86,907.0,-5.62,188.67,24.53,7.58,96.09,12,43.79,14.51,27.17,29.39,32.51,25.19,28.95,29.01,2806,2622,2813,2718,2739.75,191,77.61,2806,2763,226,215,2026-09-19 22:18:21.483951+00:00
US-4805000,Austin,Texas,TX,,,2025,1002632,512707.05,0.4,4.21,-6.39,-6.15,2.42,8893,8.87,-5.83,26666.0,-1.21,4501.17,13.93,6.13,96.69,12,34.06,23.6,31.95,29.87,30.61,27.99,29.14,29.4,2795,2686,2766,2714,2740.25,109,42.7,2795,2764,220,216,2026-09-19 22:18:21.483951+00:00
US-4549570,Newberry,South Carolina,SC,,,2025,10891,170705.26,-0.26,1.75,-3.8,-3.78,0.33,14,1.29,366.67,182.0,-8.54,24.25,-10.19,5.3,95.11,12,26.71,12.97,75.1,34.0,29.85,26.42,25.37,28.91,2674,2703,2791,2793,2740.25,119,52.76,2674,2765,37,37,2026-09-19 22:18:21.483951+00:00
US-0568810,Texarkana,Arkansas,AR,,,2025,29123,167825.64,0.08,-0.64,-1.61,-0.72,2.59,37,1.27,76.19,649.0,2.69,100.0,7.43,5.93,95.94,12,15.37,28.57,66.39,32.74,26.98,30.28,26.41,29.1,2716,2769,2715,2771,2742.75,56,27.26,2716,2766,29,31,2026-09-19 22:18:21.483951+00:00
US-0636294,Imperial Beach,California,CA,,,2025,25206,829749.64,-0.85,-3.26,-1.46,1.19,4.49,70,2.78,-10.26,527.0,-4.53,61.33,-15.01,4.25,98.34,12,12.34,31.38,66.75,32.6,26.21,30.97,26.35,29.03,2718,2785,2695,2775,2743.25,90,37.8,2718,2767,333,346,2026-09-19 22:18:21.483951+00:00
US-1317776,College Park,Georgia,GA,,,2025,13887,278311.37,-0.47,-0.08,-6.99,-2.91,3.96,290,20.88,353.13,401.0,18.99,81.83,42.94,7.57,96.24,12,23.7,42.18,8.05,26.26,26.9,31.52,30.45,28.78,2850,2771,2666,2689,2744.0,184,72.58,2850,2768,89,84,2026-09-19 22:18:21.483951+00:00
US-1365464,Riverdale,Georgia,GA,,,2025,14637,220343.5,0.4,-2.5,-7.97,-2.16,6.73,70,4.78,0.0,316.0,-20.6,41.83,15.4,4.99,98.05,12,37.73,15.73,39.9,30.57,31.45,25.95,28.04,29.01,2778,2659,2801,2744,2745.5,142,53.9,2778,2769,85,85,2026-09-19 22:18:21.483951+00:00
US-0105980,Bessemer,Alabama,AL,,,2025,24984,134053.79,-0.38,-3.67,-0.95,-3.4,3.34,66,2.64,78.38,724.0,21.07,103.42,27.28,5.29,96.37,12,7.01,45.99,40.33,28.98,23.7,33.45,27.88,28.5,2818,2825,2595,2749,2746.75,230,92.51,2818,2770,61,58,2026-09-19 22:18:21.483951+00:00
US-3651000,New York,New York,NY,,,2025,8584629,801831.12,-0.14,-1.9,3.24,0.8,1.92,19763,2.3,-27.45,95952.0,3.53,16144.67,10.8,6.15,98.16,12,9.9,37.6,55.33,30.95,25.02,31.95,26.91,28.71,2771,2808,2650,2761,2747.5,158,58.95,2771,2771,64,65,2026-09-19 22:18:21.483951+00:00
US-0606308,Beverly Hills,California,CA,,,2025,30764,3522471.97,-0.83,-5.58,-0.12,-2.88,0.79,21,0.68,-50.0,792.0,12.82,158.67,6.25,7.35,96.14,12,0.24,38.96,73.85,32.2,22.9,32.58,25.03,28.17,2735,2836,2627,2799,2749.25,209,79.29,2735,2772,338,347,2026-09-19 22:18:21.483951+00:00
US-1351492,Milledgeville,Georgia,GA,,,2025,16835,239057.83,0.5,-1.04,4.09,2.95,6.29,9,0.53,80.0,261.0,-18.69,39.33,24.54,5.58,95.17,12,37.83,5.7,60.95,32.37,31.66,23.63,25.68,28.33,2728,2654,2830,2787,2749.75,176,66.08,2728,2773,82,86,2026-09-19 22:18:21.483951+00:00
US-0550450,North Little Rock,Arkansas,AR,,,2025,65120,166334.65,0.28,0.68,-0.08,0.63,4.26,237,3.64,35.43,2570.0,0.27,330.5,33.58,4.81,96.4,12,28.36,28.27,31.89,29.21,28.86,28.84,28.67,28.9,2809,2720,2746,2728,2750.75,89,34.92,2809,2774,32,32,2026-09-19 22:18:21.483951+00:00
US-4855080,Paris,Texas,TX,,,2025,25205,174627.26,0.47,2.87,0.87,-1.33,4.65,41,1.63,-59.41,627.0,-7.79,125.83,26.04,7.58,92.95,12,39.62,8.81,48.37,31.02,31.69,23.99,26.63,28.33,2768,2653,2826,2766,2753.25,173,62.7,2768,2775,215,217,2026-09-19 22:18:21.483951+00:00
US-2250885,Minden,Louisiana,LA,,,2025,11103,144269.19,-0.98,-6.37,-9.8,-6.05,-5.24,35,3.15,250.0,334.0,19.29,38.92,33.05,4.5,97.6,12,0.24,52.37,34.6,27.08,21.03,34.07,27.13,27.33,2834,2851,2574,2757,2754.0,277,109.79,2834,2776,21,14,2026-09-19 22:18:21.483951+00:00
US-5439460,Huntington,West Virginia,WV,,,2025,44815,142771.86,-0.56,-4.26,5.39,6.07,5.87,7,0.16,16.67,1252.0,-7.67,140.08,13.5,4.17,95.76,12,19.41,18.9,76.08,33.4,27.76,27.63,24.85,28.41,2696,2746,2773,2803,2754.5,107,39.34,2696,2777,11,11,2026-09-19 22:18:21.483951+00:00
US-4850256,Nacogdoches,Texas,TX,,,2025,32500,213824.14,-0.12,1.41,0.93,1.55,4.59,31,0.95,-11.43,690.0,-13.32,85.42,13.38,5.13,90.53,12,33.41,8.72,64.25,32.48,30.63,24.46,25.38,28.24,2723,2685,2819,2792,2754.75,134,53.36,2723,2778,208,218,2026-09-19 22:18:21.483951+00:00
US-2806220,Biloxi,Mississippi,MS,,,2025,48516,231557.1,0.22,-1.81,0.59,1.23,4.92,436,8.99,53.52,1755.0,5.79,241.33,12.82,5.05,96.22,12,20.31,35.98,32.8,28.92,26.88,30.8,28.61,28.8,2820,2772,2700,2730,2755.5,120,45.17,2820,2779,27,26,2026-09-19 22:18:21.483951+00:00
US-3539940,Las Vegas,New Mexico,NM,,,2025,12574,229689.47,-1.17,-4.57,3.97,2.95,4.63,0,0.0,,170.0,3.66,21.67,36.13,5.12,96.3,12,8.9,32.9,68.06,32.09,24.97,30.97,25.61,28.41,2736,2810,2694,2789,2757.25,116,45.39,2736,2780,13,13,2026-09-19 22:18:21.483951+00:00
US-2253545,Natchitoches,Louisiana,LA,,,2025,17146,189848.62,-0.68,-5.2,0.03,-2.97,-0.71,6,0.35,500.0,371.0,2.49,38.92,-36.72,3.92,94.39,12,0.24,31.99,88.83,33.5,23.05,30.99,23.38,27.73,2691,2833,2692,2815,2757.75,142,66.56,2691,2781,13,15,2026-09-19 22:18:21.483951+00:00
US-4828068,Galveston,Texas,TX,,,2025,53636,323776.0,0.06,-0.04,-8.62,-4.87,4.13,254,4.74,-8.96,3178.0,5.23,1095.83,14.41,13.04,94.07,12,24.58,27.92,40.91,29.83,28.03,28.87,27.72,28.61,2796,2743,2744,2750,2758.25,53,21.96,2796,2782,221,219,2026-09-19 22:18:21.483951+00:00
US-4817000,Corpus Christi,Texas,TX,,,2025,317247,222383.78,0.03,-0.32,-2.23,-1.06,2.32,1384,4.36,7.2,10257.0,8.21,1684.83,19.94,6.03,96.37,12,16.83,36.86,37.89,29.11,26.0,31.01,27.95,28.52,2812,2793,2690,2747,2760.5,122,47.07,2812,2783,228,220,2026-09-19 22:18:21.483951+00:00
US-0151000,Montgomery,Alabama,AL,,,2025,195300,151370.44,-0.29,-2.37,0.04,1.31,5.62,503,2.58,100.4,6951.0,-1.81,900.67,15.13,4.76,95.84,12,24.51,24.07,49.89,30.7,28.19,28.08,26.85,28.45,2775,2741,2765,2763,2761.0,34,12.41,2775,2784,59,59,2026-09-19 22:18:21.483951+00:00
US-1304000,Atlanta,Georgia,GA,,,2025,529110,385924.12,1.6,5.8,-4.25,-1.88,2.67,5622,10.63,-30.67,20758.0,-5.82,3977.5,26.57,7.0,97.44,12,40.36,18.72,20.1,27.72,30.83,25.42,28.6,28.14,2830,2677,2809,2731,2761.75,153,61.28,2830,2785,87,87,2026-09-19 22:18:21.483951+00:00
US-4528060,Gaffney,South Carolina,SC,,,2025,12583,191682.04,0.33,-1.09,-4.9,-2.1,1.74,125,9.93,127.27,401.0,40.7,57.08,30.23,5.25,96.15,12,13.39,46.03,18.44,26.08,23.94,32.1,28.58,27.67,2851,2821,2643,2732,2761.75,208,81.34,2851,2786,39,38,2026-09-19 22:18:21.483951+00:00
US-3559260,Portales,New Mexico,NM,,,2025,11734,138805.88,-0.8,-3.18,-1.9,0.05,0.28,0,0.0,-100.0,370.0,0.27,51.33,-6.95,5.07,,12,4.85,23.43,96.54,34.28,24.18,28.83,22.38,27.42,2662,2816,2747,2827,2763.0,165,65.88,2662,2787,12,14,2026-09-19 22:18:21.483951+00:00
US-1712164,Centralia,Illinois,IL,,,2025,11863,108551.9,-0.21,-2.1,-2.15,2.72,4.8,2,0.17,0.0,351.0,-3.57,40.25,20.75,4.2,94.05,12,18.92,21.07,70.03,32.45,27.23,27.77,25.0,28.11,2725,2757,2771,2800,2763.25,75,26.98,2725,2788,218,218,2026-09-19 22:18:21.483951+00:00
US-1239525,Lauderdale Lakes,Florida,FL,,,2025,36898,141718.95,0.0,2.63,-13.62,-3.13,5.59,33,0.89,-13.16,485.0,-31.3,297.5,64.82,23.98,94.57,12,46.28,1.62,43.43,29.94,32.46,21.29,25.9,27.4,2793,2626,2853,2784,2764.0,227,83.97,2793,2789,154,155,2026-09-19 22:18:21.483951+00:00
US-0623042,Eureka,California,CA,,,2025,25304,418233.14,-0.51,-4.41,-4.68,-3.84,0.89,132,5.22,186.96,660.0,4.27,52.92,18.25,2.89,97.62,12,0.24,50.71,36.21,26.9,20.78,33.39,26.55,26.9,2842,2852,2598,2767,2764.75,254,101.72,2842,2790,354,348,2026-09-19 22:18:21.483951+00:00
US-4260000,Philadelphia,Pennsylvania,PA,,,2025,1574281,234504.42,0.1,-1.65,2.4,1.44,2.94,3366,2.14,13.64,42880.0,-1.32,5090.58,7.01,4.36,97.42,12,13.48,30.95,59.63,31.13,25.64,30.01,25.95,28.18,2764,2797,2719,2783,2765.75,78,29.42,2764,2791,55,53,2026-09-19 22:18:21.483951+00:00
US-0633364,Hermosa Beach,California,CA,,,2025,18513,2206428.08,-0.92,-5.92,1.94,0.64,4.43,25,1.35,78.57,515.0,0.39,55.33,27.94,3.92,98.2,12,7.76,39.81,49.6,29.44,23.65,31.66,26.37,27.78,2805,2827,2662,2774,2767.0,165,63.48,2805,2792,349,349,2026-09-19 22:18:21.483951+00:00
US-1745889,Macomb,Illinois,IL,,,2025,14530,112541.52,-0.71,-5.41,-1.76,1.61,2.74,1,0.07,0.0,519.0,4.01,60.58,11.67,4.35,94.3,12,2.77,32.41,80.06,32.47,23.26,30.66,23.84,27.56,2724,2830,2706,2811,2767.75,124,53.56,2724,2793,217,219,2026-09-19 22:18:21.483951+00:00
US-3937464,Ironton,Ohio,OH,,,2025,10148,123779.4,-0.28,-4.07,5.35,2.51,5.07,19,1.87,5.56,269.0,5.49,28.5,32.05,3.93,94.57,12,14.22,36.58,42.77,29.18,25.21,30.8,27.14,28.08,2811,2806,2701,2756,2768.5,110,44.51,2811,2794,143,143,2026-09-19 22:18:21.483951+00:00
US-2218650,Crowley,Louisiana,LA,,,2025,11223,120635.18,-0.64,-3.68,-8.58,-8.02,-5.05,25,2.23,19.05,269.0,8.03,32.92,1.54,4.58,94.98,12,3.53,38.38,62.69,30.52,22.86,31.57,25.13,27.52,2779,2837,2665,2797,2769.5,172,63.88,2779,2795,15,16,2026-09-19 22:18:21.483951+00:00
US-4246256,McKeesport,Pennsylvania,PA,,,2025,16907,98797.59,-0.65,-4.48,-5.24,-0.19,4.19,0,0.0,,501.0,1.42,80.75,6.37,5.94,90.86,12,6.73,23.48,89.44,33.27,24.16,28.35,22.54,27.08,2698,2817,2758,2826,2774.75,128,51.44,2698,2796,51,54,2026-09-19 22:18:21.483951+00:00
US-4001700,Altus,Oklahoma,OK,,,2025,18707,107864.82,0.49,0.04,-5.76,1.14,4.75,19,1.02,171.43,659.0,-4.91,87.5,33.76,4.98,95.76,12,28.06,18.66,49.47,30.12,28.45,26.1,25.97,27.66,2788,2734,2797,2782,2775.25,63,24.41,2788,2797,44,43,2026-09-19 22:18:21.483951+00:00
US-2254035,New Iberia,Louisiana,LA,,,2025,26533,147402.81,-1.51,-6.62,-3.62,-2.83,-3.45,14,0.53,16.67,611.0,13.36,93.58,25.33,5.72,95.92,12,0.24,41.06,60.5,29.59,21.52,31.73,24.63,26.87,2800,2847,2660,2805,2778.0,187,70.53,2800,2798,19,17,2026-09-19 22:18:21.483951+00:00
US-4806128,Baytown,Texas,TX,,,2025,86561,247834.36,0.86,1.38,-0.05,-0.3,4.63,233,2.69,-52.35,2030.0,-10.69,310.92,19.81,5.63,96.66,12,33.6,13.66,45.6,29.62,29.42,24.43,25.83,27.32,2799,2711,2820,2785,2778.75,109,41.05,2799,2799,222,221,2026-09-19 22:18:21.483951+00:00
US-2252040,Morgan City,Louisiana,LA,,,2025,10757,134674.93,-0.98,-5.74,-11.61,-1.6,-0.87,2,0.19,-90.0,202.0,27.85,42.92,28.75,8.61,91.88,12,0.24,39.62,63.94,29.95,21.61,31.46,24.33,26.84,2792,2846,2670,2809,2779.25,176,66.03,2792,2800,18,18,2026-09-19 22:18:21.483951+00:00
US-0138416,Jasper,Alabama,AL,,,2025,14585,197115.89,0.18,0.22,-0.91,0.34,3.14,12,0.82,-66.67,521.0,-9.39,65.58,7.51,4.81,95.63,12,22.53,14.51,70.66,31.75,27.34,25.34,23.73,27.04,2745,2752,2811,2812,2780.0,67,31.6,2745,2801,57,60,2026-09-19 22:18:21.483951+00:00
US-3505220,Artesia,New Mexico,NM,,,2025,12735,241066.02,0.78,-1.14,-1.08,-0.33,0.42,21,1.65,-27.59,436.0,-6.44,32.92,-0.25,2.93,93.42,12,13.15,25.88,68.21,31.37,25.23,28.41,24.38,27.35,2757,2803,2757,2808,2781.25,51,24.31,2757,2802,15,15,2026-09-19 22:18:21.483951+00:00
US-1271150,Tarpon Springs,Florida,FL,,,2025,25602,388170.56,-1.41,1.94,-8.5,-3.23,5.14,633,24.72,1565.79,1298.0,-4.42,243.33,21.67,6.89,96.17,12,39.41,16.51,19.74,26.48,29.59,23.86,27.14,26.77,2846,2708,2829,2755,2784.5,138,55.87,2846,2803,158,156,2026-09-19 22:18:21.483951+00:00
US-4878544,White Settlement,Texas,TX,,,2025,17932,221602.23,-1.06,-1.84,-6.03,-1.76,5.13,26,1.45,8.33,525.0,-12.5,56.58,11.68,4.35,97.43,12,21.86,19.4,60.87,30.75,26.97,26.36,24.65,27.18,2774,2770,2792,2804,2785.0,34,13.75,2774,2804,216,222,2026-09-19 22:18:21.483951+00:00
US-1720292,Dolton,Illinois,IL,,,2025,20671,152588.78,-0.2,-3.08,-3.02,-1.1,5.04,0,0.0,,683.0,-15.89,130.17,18.51,7.06,98.42,12,16.33,16.97,79.46,32.34,25.99,26.15,22.93,26.85,2730,2794,2796,2821,2785.25,91,33.63,2730,2805,219,220,2026-09-19 22:18:21.483951+00:00
US-4044800,McAlester,Oklahoma,OK,,,2025,18044,150885.71,-0.55,-0.63,2.46,3.28,5.23,14,0.78,40.0,562.0,-17.47,74.92,5.76,5.35,93.81,12,28.23,6.41,72.88,31.75,28.38,22.93,22.87,26.48,2744,2737,2838,2822,2785.25,101,45.17,2744,2806,43,44,2026-09-19 22:18:21.483951+00:00
US-1264975,Seminole,Florida,FL,,,2025,18997,380946.25,-1.43,-2.18,-7.15,-1.89,5.54,20,1.05,-33.33,1021.0,-8.92,153.83,9.23,5.6,95.88,12,24.37,12.96,66.88,31.0,27.32,24.47,23.49,26.57,2769,2754,2818,2814,2788.75,64,27.8,2769,2807,152,157,2026-09-19 22:18:21.483951+00:00
US-4854912,Pampa,Texas,TX,,,2025,16414,107799.91,-0.1,-2.68,-1.82,1.88,2.51,8,0.49,166.67,605.0,10.4,102.5,29.34,6.29,93.25,12,6.9,34.7,58.5,29.53,22.98,29.93,24.57,26.75,2801,2834,2722,2807,2791.0,112,41.73,2801,2808,223,223,2026-09-19 22:18:21.483951+00:00
US-0604996,Bell Gardens,California,CA,,,2025,37367,684586.47,-0.62,-5.11,-2.53,2.32,5.19,47,1.26,34.29,103.0,-22.56,14.25,-6.04,5.37,99.23,12,12.56,22.53,74.1,31.44,24.79,27.28,23.2,26.68,2756,2812,2779,2818,2791.25,62,25.19,2756,2809,341,350,2026-09-19 22:18:21.483951+00:00
US-2811100,Canton,Mississippi,MS,,,2025,10873,221880.46,0.24,-0.34,-0.45,1.81,4.1,17,1.56,6.25,95.0,-43.11,9.0,-18.8,3.86,91.13,12,22.91,10.5,75.24,31.65,27.04,23.93,22.56,26.29,2748,2766,2827,2825,2791.5,79,35.09,2748,2810,26,27,2026-09-19 22:18:21.483951+00:00
US-4553080,Orangeburg,South Carolina,SC,,,2025,13383,162716.9,-0.18,1.59,-2.37,1.48,3.57,33,2.47,65.0,320.0,-2.74,65.75,24.45,7.94,95.0,12,30.12,17.08,43.35,28.86,28.19,24.93,25.57,26.89,2822,2740,2815,2790,2791.75,82,32.16,2822,2811,38,39,2026-09-19 22:18:21.483951+00:00
US-0650258,Napa,California,CA,,,2025,76562,873322.35,-0.64,-3.5,-4.05,-0.41,2.85,135,1.76,16.38,1749.0,4.86,228.92,41.45,4.87,98.01,12,6.54,41.73,39.26,27.04,22.01,30.8,25.65,26.37,2837,2843,2699,2788,2791.75,144,57.64,2837,2812,353,351,2026-09-19 22:18:21.483951+00:00
US-0672646,Sonoma,California,CA,,,2025,10537,937895.84,-0.58,-1.76,-4.58,-2.35,1.54,7,0.66,-78.13,389.0,1.57,53.0,37.07,5.24,97.68,12,10.29,33.77,52.33,29.02,23.64,29.51,25.06,26.81,2817,2828,2730,2798,2793.25,98,38.06,2817,2813,351,352,2026-09-19 22:18:21.483951+00:00
US-2251410,Monroe,Louisiana,LA,,,2025,46860,152807.39,-0.38,-1.83,-3.19,-0.84,2.44,18,0.38,-81.25,867.0,-5.45,87.17,13.45,3.71,96.54,12,10.03,25.78,71.64,30.94,24.0,27.93,23.28,26.54,2772,2820,2768,2816,2794.0,52,24.08,2772,2814,14,19,2026-09-19 22:18:21.483951+00:00
US-4842448,Levelland,Texas,TX,,,2025,12513,147159.47,0.22,-0.82,-1.45,-0.86,0.59,5,0.4,0.0,308.0,-14.44,32.25,-23.37,3.88,,12,14.63,13.25,88.02,32.49,25.22,24.88,21.35,25.99,2722,2804,2816,2839,2795.25,117,44.12,2722,2815,207,224,2026-09-19 22:18:21.483951+00:00
US-4210464,Butler,Pennsylvania,PA,,,2025,12879,256112.05,-0.75,-4.49,4.44,4.74,4.79,0,0.0,,437.0,-6.22,54.5,-1.95,4.79,93.43,12,9.78,14.79,94.64,32.75,24.01,25.26,20.52,25.64,2714,2818,2812,2844,2797.0,130,49.41,2714,2816,54,55,2026-09-19 22:18:21.483951+00:00
US-2260530,Pineville,Louisiana,LA,,,2025,13967,197697.22,-0.12,-2.83,-0.88,0.04,1.28,34,2.43,13.33,335.0,-7.46,28.17,-27.47,3.14,97.32,12,6.21,29.99,68.73,30.16,22.72,28.67,23.16,26.18,2783,2838,2749,2819,2797.25,89,34.15,2783,2817,17,20,2026-09-19 22:18:21.483951+00:00
US-4856000,Pasadena,Texas,TX,,,2025,148539,220819.73,-0.49,-1.89,-4.3,-1.07,4.06,87,0.59,85.11,2284.0,-3.95,273.17,32.61,4.38,97.25,12,15.99,26.29,55.54,29.48,25.01,27.58,24.58,26.66,2803,2809,2776,2806,2798.5,33,13.16,2803,2818,224,225,2026-09-19 22:18:21.483951+00:00
US-3720080,Eden,North Carolina,NC,,,2025,15500,150204.19,0.17,0.53,-5.34,1.7,3.45,51,3.29,27.5,672.0,-2.04,93.25,18.79,5.18,95.55,12,24.66,22.04,43.37,28.42,26.68,26.03,25.36,26.62,2825,2776,2799,2794,2798.5,49,17.53,2825,2819,58,58,2026-09-19 22:18:21.483951+00:00
US-1330536,Forest Park,Georgia,GA,,,2025,19168,171051.04,-0.65,-3.08,-11.59,-3.44,5.93,8,0.42,0.0,432.0,-19.7,56.17,13.47,5.02,96.01,12,25.2,8.57,71.05,30.84,27.09,22.93,22.3,25.79,2773,2760,2837,2828,2799.5,77,33.47,2773,2820,84,88,2026-09-19 22:18:21.483951+00:00
US-4849800,Mount Pleasant,Texas,TX,,,2025,16225,224667.93,-0.16,0.69,-3.41,-0.55,4.72,253,15.59,622.86,264.0,-5.38,74.67,43.82,11.02,98.99,12,30.81,28.12,8.38,24.26,26.64,25.97,27.36,26.06,2867,2777,2800,2754,2799.5,113,42.23,2867,2821,237,226,2026-09-19 22:18:21.483951+00:00
US-1907480,Boone,Iowa,IA,,,2025,12471,212352.33,0.17,0.19,4.37,3.77,6.06,170,13.63,385.71,557.0,-21.44,54.33,41.13,3.75,96.57,12,40.59,15.79,10.5,24.39,28.63,22.43,26.42,25.47,2863,2726,2842,2770,2800.25,137,55.02,2863,2822,40,39,2026-09-19 22:18:21.483951+00:00
US-1323872,Douglas,Georgia,GA,,,2025,11864,174834.94,0.01,1.33,-4.14,0.35,5.52,32,2.7,-13.51,24.0,-17.24,4.17,42.86,6.58,96.23,12,40.12,8.09,32.3,26.95,29.34,21.33,24.92,25.64,2840,2712,2852,2801,2801.25,140,54.87,2840,2823,88,89,2026-09-19 22:18:21.483951+00:00
US-2266655,Ruston,Louisiana,LA,,,2025,22397,223997.12,0.14,1.11,0.14,0.67,2.5,97,4.33,12.79,471.0,-0.42,63.08,76.05,4.92,97.34,12,23.8,29.97,21.76,25.45,25.35,26.89,26.37,26.01,2853,2801,2785,2773,2803.0,80,30.53,2853,2824,23,21,2026-09-19 22:18:21.483951+00:00
US-0659892,Red Bluff,California,CA,,,2025,14404,309226.61,0.13,-2.25,0.33,-0.1,3.22,6,0.42,,359.0,-8.65,41.33,18.94,4.35,98.05,12,11.86,24.69,66.64,30.04,23.93,27.13,23.11,26.05,2789,2822,2782,2820,2803.25,40,17.94,2789,2825,346,353,2026-09-19 22:18:21.483951+00:00
US-4876948,Webster,Texas,TX,,,2025,12507,335976.54,0.1,0.46,-6.44,-4.77,2.28,6,0.48,-86.67,289.0,-10.8,48.0,7.26,6.27,96.38,12,20.5,11.62,75.69,31.19,26.11,23.9,22.02,25.81,2762,2790,2828,2833,2803.25,71,29.05,2762,2826,213,227,2026-09-19 22:18:21.483951+00:00
US-0602462,Arcadia,California,CA,,,2025,54117,1391852.92,-0.54,-4.18,2.26,3.77,5.29,478,8.83,4.82,1219.0,-9.97,140.08,14.12,4.24,99.45,12,16.08,33.95,31.82,26.27,23.8,28.27,25.69,26.01,2849,2823,2761,2786,2804.75,88,33.75,2849,2827,356,354,2026-09-19 22:18:21.483951+00:00
US-4815652,Clute,Texas,TX,,,2025,10821,199875.79,-0.42,1.71,-1.81,-0.87,1.47,29,2.68,38.1,252.0,-20.25,33.08,-13.7,5.27,95.99,12,26.54,7.73,67.35,30.16,27.02,22.32,22.16,25.41,2784,2767,2844,2831,2806.5,77,31.91,2784,2828,218,228,2026-09-19 22:18:21.483951+00:00
US-0873935,Sterling,Colorado,CO,,,2025,13054,245435.77,-0.04,-2.72,1.62,1.38,5.52,0,0.0,-100.0,447.0,-8.21,69.92,44.66,5.74,96.37,12,22.1,14.38,64.49,29.99,26.14,24.21,22.86,25.8,2791,2789,2824,2823,2806.75,35,16.77,2791,2829,47,47,2026-09-19 22:18:21.483951+00:00
US-5415628,Clarksburg,West Virginia,WV,,,2025,15562,111807.07,-0.62,-4.49,-3.93,1.55,3.41,1,0.06,-83.33,484.0,-6.2,50.42,-4.27,4.08,95.42,12,3.92,20.28,90.8,31.37,21.86,25.95,19.97,24.79,2758,2844,2802,2847,2812.75,89,36.27,2758,2830,12,12,2026-09-19 22:18:21.483951+00:00
US-0128696,Gadsden,Alabama,AL,,,2025,33367,113331.1,0.25,-1.5,-1.09,-0.15,4.54,21,0.63,-50.0,1004.0,-8.23,133.08,10.52,4.91,94.03,12,19.5,12.6,71.22,30.01,25.19,23.46,21.56,25.06,2790,2807,2832,2836,2816.25,46,18.79,2790,2831,60,61,2026-09-19 22:18:21.483951+00:00
US-4807000,Beaumont,Texas,TX,,,2025,112967,170432.22,-0.05,-1.59,0.27,-1.48,0.71,157,1.39,-20.3,3000.0,-1.41,418.08,5.82,5.13,95.57,12,11.14,23.24,66.49,29.21,23.07,26.09,22.12,25.12,2810,2832,2798,2832,2818.0,34,14.63,2810,2832,227,229,2026-09-19 22:18:21.483951+00:00
US-4807408,Bellmead,Texas,TX,,,2025,10592,154061.4,0.34,0.91,-8.87,-4.01,4.04,22,2.08,4.76,167.0,-16.08,24.67,4.96,5.83,94.58,12,28.69,5.99,61.78,29.02,26.84,21.17,21.79,24.7,2816,2773,2854,2834,2819.25,81,29.89,2816,2833,229,230,2026-09-19 22:18:21.483951+00:00
US-4810780,Brownwood,Texas,TX,,,2025,18635,171031.8,-0.71,-0.91,-2.99,-0.16,3.81,90,4.83,328.57,633.0,2.43,91.92,34.02,5.36,96.27,12,19.28,29.95,27.21,24.99,23.67,26.34,24.87,24.97,2858,2826,2793,2802,2819.75,65,25.16,2858,2834,236,231,2026-09-19 22:18:21.483951+00:00
US-0613945,Clearlake,California,CA,,,2025,16893,208665.79,1.08,1.16,-6.56,-4.94,0.98,8,0.47,-52.94,345.0,-13.75,77.33,16.88,8.4,96.26,12,23.96,8.66,67.64,29.52,25.92,22.09,21.44,24.74,2802,2795,2847,2837,2820.25,52,22.17,2802,2835,348,355,2026-09-19 22:18:21.483951+00:00
US-0677364,Susanville,California,CA,,,2025,12816,237258.03,0.74,-22.06,0.16,0.57,2.46,9,0.7,,326.0,5.16,51.0,30.21,5.73,97.33,12,0.24,36.87,55.13,26.78,19.46,28.62,22.21,24.27,2844,2858,2751,2830,2820.75,107,41.47,2844,2836,355,356,2026-09-19 22:18:21.483951+00:00
US-2043950,McPherson,Kansas,KS,,,2025,13918,217359.65,-0.17,-1.07,3.01,3.8,4.76,40,2.87,-16.67,72.0,-77.91,34.83,6.63,18.01,98.54,12,22.91,14.99,55.48,28.28,25.42,23.44,22.6,24.94,2828,2799,2833,2824,2821.0,34,13.1,2828,2837,37,37,2026-09-19 22:18:21.483951+00:00
US-2421325,Cumberland,Maryland,MD,,,2025,18799,153252.36,0.43,-1.25,4.98,4.06,5.65,7,0.37,-63.16,719.0,-24.95,114.08,22.89,6.07,94.15,12,29.47,2.95,64.4,28.92,26.75,20.12,21.03,24.21,2819,2774,2862,2841,2824.0,88,32.63,2819,2838,15,15,2026-09-19 22:18:21.483951+00:00
US-4853388,Odessa,Texas,TX,,,2025,122707,246809.81,2.1,6.77,4.08,4.61,1.96,921,7.51,-8.27,1779.0,-61.97,338.83,8.86,256.78,87.3,12,39.21,1.62,38.85,25.96,27.88,18.48,22.26,23.65,2852,2745,2870,2829,2824.0,125,47.87,2852,2839,234,232,2026-09-19 22:18:21.483951+00:00
US-1751180,Mount Vernon,Illinois,IL,,,2025,14187,127783.42,0.04,-2.6,3.81,2.52,3.66,12,0.85,100.0,416.0,-12.61,42.42,4.52,3.87,96.22,12,11.58,17.95,72.65,29.08,22.65,24.24,20.55,24.13,2814,2839,2822,2843,2829.5,29,11.93,2814,2840,221,221,2026-09-19 22:18:21.483951+00:00
US-1245025,Miami Beach,Florida,FL,,,2025,81594,516877.06,-1.24,-1.09,-4.71,-2.32,4.96,65,0.8,-8.45,5618.0,-7.4,2176.83,17.85,14.29,93.11,12,23.84,9.11,62.48,28.34,25.22,21.53,21.08,24.04,2826,2805,2850,2840,2830.25,45,16.89,2826,2841,157,158,2026-09-19 22:18:21.483951+00:00
US-3428650,Guttenberg,New Jersey,NJ,,,2025,11910,409756.11,0.4,-0.77,-0.72,2.84,3.18,6,0.5,-94.34,301.0,-16.16,57.25,12.81,9.07,96.9,12,18.18,9.76,70.58,28.33,23.51,21.41,19.63,23.22,2827,2829,2851,2850,2839.25,24,11.28,2827,2842,114,114,2026-09-19 22:18:21.483951+00:00
US-4805984,Bay City,Texas,TX,,,2025,17488,202522.33,0.48,-3.14,1.98,0.92,3.37,167,9.55,288.37,483.0,14.45,66.17,41.03,5.13,94.51,12,8.54,40.06,13.85,20.9,18.79,26.67,23.25,22.4,2892,2864,2788,2817,2840.25,104,40.35,2892,2843,242,233,2026-09-19 22:18:21.483951+00:00
US-2200975,Alexandria,Louisiana,LA,,,2025,42938,146708.51,-0.6,-4.84,-1.57,-0.15,0.68,8,0.19,-33.33,987.0,-4.55,138.25,-23.69,5.33,95.53,12,0.24,17.64,91.99,29.27,19.22,23.57,17.25,22.33,2808,2860,2831,2863,2840.5,55,22.54,2808,2844,20,22,2026-09-19 22:18:21.483951+00:00
US-0507330,Blytheville,Arkansas,AR,,,2025,12227,92927.77,-1.28,-8.41,0.57,-2.26,-6.22,7,0.57,0.0,286.0,-6.23,30.67,-23.65,4.05,95.24,12,0.24,20.15,85.71,28.58,19.03,24.01,17.75,22.34,2823,2861,2825,2858,2841.75,38,17.8,2823,2845,33,33,2026-09-19 22:18:21.483951+00:00
US-3516420,Clovis,New Mexico,NM,,,2025,37127,162116.3,-1.61,-3.49,-3.27,-1.5,0.6,62,1.67,-63.31,1660.0,3.88,214.5,21.24,4.86,91.36,12,3.92,30.06,51.39,24.94,18.89,25.42,20.43,22.42,2859,2862,2808,2845,2843.5,54,21.48,2859,2846,16,16,2026-09-19 22:18:21.483951+00:00
US-0449640,Nogales,Arizona,AZ,,,2025,19495,217866.07,-0.92,-1.31,-1.16,1.48,5.44,8,0.41,-57.89,140.0,-26.32,31.5,23.53,9.02,94.72,12,26.73,1.62,63.18,27.05,24.66,18.39,19.08,22.3,2836,2813,2872,2854,2843.75,59,21.84,2836,2847,43,43,2026-09-19 22:18:21.483951+00:00
US-4874588,Uvalde,Texas,TX,,,2025,15455,185733.75,-0.06,1.55,-3.36,-0.96,1.91,11,0.71,-35.29,198.0,-33.33,48.5,21.0,9.38,95.33,12,25.8,3.67,61.17,26.9,24.47,18.93,19.38,22.42,2841,2815,2867,2853,2844.0,52,19.1,2841,2848,231,234,2026-09-19 22:18:21.483951+00:00
US-0162496,Prichard,Alabama,AL,,,2025,18825,56191.4,0.13,-2.38,-14.86,-3.98,-3.37,4,0.21,-96.8,226.0,-5.83,33.25,4.45,5.43,91.49,12,8.04,13.46,82.04,28.44,20.76,22.12,17.88,22.3,2824,2853,2846,2856,2844.75,32,12.52,2824,2849,62,62,2026-09-19 22:18:21.483951+00:00
US-2241155,Lake Charles,Louisiana,LA,,,2025,82676,202994.18,1.5,-2.61,4.36,-2.16,-1.68,207,2.5,-78.7,2403.0,6.85,456.83,50.73,6.95,96.18,12,7.11,33.82,31.48,22.55,18.78,25.46,21.57,22.09,2883,2865,2806,2835,2847.25,77,29.35,2883,2850,28,23,2026-09-19 22:18:21.483951+00:00
US-4722200,Dyersburg,Tennessee,TN,,,2025,15906,164066.27,-0.36,-1.39,-5.35,1.05,3.2,34,2.14,-33.33,441.0,0.0,58.0,34.1,4.9,94.69,12,15.25,23.43,39.68,24.22,21.37,23.41,21.37,22.59,2868,2849,2835,2838,2847.5,33,12.93,2868,2851,57,57,2026-09-19 22:18:21.483951+00:00
US-3650034,Newburgh,New York,NY,,,2025,28059,392625.6,-1.25,-2.46,2.45,,,26,0.93,13.04,508.0,-11.81,77.5,-0.43,5.93,97.49,12,7.52,15.3,74.82,27.07,19.95,21.89,17.75,21.67,2835,2856,2849,2857,2849.25,22,8.79,2835,2852,66,66,2026-09-19 22:18:21.483951+00:00
US-2857160,Picayune,Mississippi,MS,,,2025,12019,191173.69,0.0,1.26,0.28,2.1,4.97,33,2.75,-35.29,182.0,-20.52,63.33,39.96,13.61,95.26,12,34.92,3.56,33.1,23.49,25.24,17.4,20.63,21.69,2876,2802,2879,2842,2849.75,77,31.16,2876,2853,33,28,2026-09-19 22:18:21.483951+00:00
US-1928515,Fort Dodge,Iowa,IA,,,2025,24837,130814.68,0.0,-0.22,1.14,-0.59,2.62,4,0.16,0.0,65.0,-21.69,9.08,7.92,6.42,93.02,12,17.38,2.51,80.85,28.04,22.44,18.72,17.04,21.56,2829,2840,2869,2865,2850.75,40,16.77,2829,2854,39,40,2026-09-19 22:18:21.483951+00:00
US-1734358,Herrin,Illinois,IL,,,2025,12268,116522.0,0.15,-0.54,0.45,3.15,3.41,26,2.12,18.18,460.0,-10.51,58.92,18.82,4.8,95.56,12,19.52,13.72,49.93,25.09,22.34,20.89,19.95,22.07,2857,2841,2858,2848,2851.0,17,6.96,2857,2855,222,222,2026-09-19 22:18:21.483951+00:00
US-0636546,Inglewood,California,CA,,,2025,101662,756809.43,-1.0,-5.32,-2.01,0.63,3.6,181,1.78,-50.14,841.0,-11.75,131.58,17.66,5.76,99.36,12,4.42,27.09,53.24,24.56,18.55,24.21,19.51,21.71,2861,2868,2823,2852,2851.0,45,17.13,2861,2856,357,357,2026-09-19 22:18:21.483951+00:00
US-2808820,Brookhaven,Mississippi,MS,,,2025,11646,160153.65,-0.23,-0.11,-3.61,-2.08,-0.02,40,3.43,300.0,225.0,-3.43,39.42,14.25,6.97,94.77,12,17.8,16.02,46.18,24.27,21.52,21.08,19.84,21.68,2866,2848,2856,2849,2854.75,18,7.19,2866,2857,29,29,2026-09-19 22:18:21.483951+00:00
US-0101852,Anniston,Alabama,AL,,,2025,20930,144379.6,-0.78,-2.67,2.02,1.03,3.43,11,0.53,0.0,681.0,-11.9,95.5,6.01,5.22,94.87,12,10.67,10.7,75.99,27.01,20.48,20.48,17.21,21.3,2839,2855,2861,2864,2854.75,25,9.65,2839,2858,64,63,2026-09-19 22:18:21.483951+00:00
US-4031750,Guymon,Oklahoma,OK,,,2025,12241,168653.11,-0.58,-5.2,6.09,0.93,5.64,15,1.23,-6.25,101.0,-43.26,16.67,-34.64,6.47,94.15,12,17.02,2.48,78.33,27.26,21.86,18.22,16.61,20.99,2833,2845,2874,2869,2855.25,41,16.89,2833,2859,45,45,2026-09-19 22:18:21.483951+00:00
US-0113264,Center Point,Alabama,AL,,,2025,15538,150814.27,-0.66,-4.79,-0.41,-2.24,4.14,2,0.13,-66.67,618.0,-20.05,79.58,10.79,4.69,97.22,12,6.61,13.08,79.17,27.01,19.44,21.05,16.78,21.07,2838,2859,2857,2868,2855.5,30,10.92,2838,2860,63,64,2026-09-19 22:18:21.483951+00:00
US-2270000,Shreveport,Louisiana,LA,,,2025,175902,141672.7,-0.6,-5.84,-3.01,-0.11,0.81,261,1.48,22.54,5440.0,-0.64,785.0,5.33,5.3,96.0,12,0.24,24.48,66.0,25.16,17.37,23.43,17.72,20.92,2856,2876,2834,2859,2856.25,42,14.94,2856,2861,24,24,2026-09-19 22:18:21.483951+00:00
US-4835348,Humble,Texas,TX,,,2025,16484,257241.79,-0.16,-1.46,-2.61,-1.26,5.12,38,2.31,100.0,199.0,-10.76,38.33,40.67,7.34,97.23,12,23.51,13.38,35.48,22.96,22.27,19.73,20.15,21.28,2879,2842,2863,2846,2857.5,37,14.71,2879,2862,239,235,2026-09-19 22:18:21.483951+00:00
US-4808236,Big Spring,Texas,TX,,,2025,22290,142867.0,-0.24,-15.21,-3.25,-4.29,-4.57,0,0.0,-100.0,24.0,-4.0,101.67,3.74,216.25,90.19,12,0.24,13.31,91.38,27.6,17.83,21.1,15.24,20.44,2831,2870,2855,2876,2858.0,45,17.36,2831,2863,230,236,2026-09-19 22:18:21.483951+00:00
US-2829340,Greenwood,Mississippi,MS,,,2025,13429,88770.07,-1.6,-8.28,1.79,-6.65,-1.17,29,2.16,-19.44,152.0,1.33,28.08,-14.25,8.07,93.53,12,0.24,21.74,70.46,25.32,17.22,22.6,16.94,20.52,2854,2878,2840,2866,2859.5,38,14.1,2854,2864,28,30,2026-09-19 22:18:21.483951+00:00
US-2829460,Grenada,Mississippi,MS,,,2025,12088,133300.87,-0.41,-4.48,4.74,1.25,3.17,54,4.47,980.0,61.0,1.67,16.58,-47.07,10.62,90.76,12,3.43,22.39,59.27,24.02,17.49,22.23,17.54,20.32,2872,2874,2845,2860,2862.75,29,11.56,2872,2865,32,31,2026-09-19 22:18:21.483951+00:00
US-2815700,Corinth,Mississippi,MS,,,2025,14345,172262.08,-0.33,-1.79,4.11,2.11,4.35,35,2.44,169.23,327.0,-18.45,38.08,7.03,4.28,91.15,12,17.38,8.22,57.51,24.21,20.65,18.36,17.27,20.12,2869,2854,2873,2862,2864.5,19,7.23,2869,2866,30,32,2026-09-19 22:18:21.483951+00:00
US-2255000,New Orleans,Louisiana,LA,,,2025,362154,244389.36,-0.36,-5.53,-3.51,-5.39,-0.76,882,2.44,24.23,10592.0,0.57,2423.67,-7.41,8.47,95.39,12,0.24,22.6,65.43,24.37,16.73,22.32,16.82,20.06,2864,2884,2843,2867,2864.5,41,14.57,2864,2867,26,25,2026-09-19 22:18:21.483951+00:00
US-3621105,Dunkirk,New York,NY,,,2025,12326,134423.99,-0.58,-3.18,4.37,,,0,0.0,-100.0,276.0,-16.36,26.83,33.06,3.61,94.79,12,4.6,16.16,69.68,24.91,17.83,20.72,16.31,19.94,2860,2871,2859,2870,2865.0,12,5.52,2860,2868,67,67,2026-09-19 22:18:21.483951+00:00
US-4869020,South Houston,Texas,TX,,,2025,16407,193923.54,1.53,1.48,-4.49,-2.24,4.47,85,5.18,-24.11,91.0,-44.17,24.42,41.55,10.97,96.25,12,33.27,5.29,22.3,20.73,23.23,16.23,19.58,19.94,2894,2831,2887,2851,2865.75,63,25.86,2894,2869,243,237,2026-09-19 22:18:21.483951+00:00
US-1325720,East Point,Georgia,GA,,,2025,38225,238292.21,-0.27,-0.52,-10.54,-4.01,4.29,159,4.16,-10.67,1195.0,-20.39,262.08,12.97,8.1,96.89,12,22.81,7.18,44.33,22.72,21.35,17.44,17.93,19.86,2882,2850,2878,2855,2866.25,32,13.94,2882,2870,90,90,2026-09-19 22:18:21.483951+00:00
US-2258045,Opelousas,Louisiana,LA,,,2025,15098,133336.62,-0.84,-4.24,-9.27,-6.63,-4.32,2,0.13,-33.33,219.0,-6.01,50.5,-11.01,8.85,92.64,12,0.24,10.67,90.97,26.57,16.98,19.58,14.01,19.29,2845,2881,2864,2883,2868.25,38,15.32,2845,2871,22,26,2026-09-19 22:18:21.483951+00:00
US-4868624,Snyder,Texas,TX,,,2025,11166,143289.43,0.17,-2.05,-0.1,0.81,1.35,1,0.09,-96.88,29.0,-30.95,37.25,0.22,56.06,94.08,12,9.48,1.62,87.86,26.32,18.88,16.92,13.78,18.98,2847,2863,2883,2885,2869.5,38,15.58,2847,2872,232,238,2026-09-19 22:18:21.483951+00:00
US-4827996,Galena Park,Texas,TX,,,2025,10352,157072.35,-0.72,-3.13,-10.64,-4.67,1.98,0,0.0,,137.0,-15.95,24.0,5.11,6.7,93.75,12,5.03,4.82,90.42,26.3,17.77,17.72,13.47,18.82,2848,2872,2875,2886,2870.25,38,13.86,2848,2873,233,239,2026-09-19 22:18:21.483951+00:00
US-2938306,Kennett,Missouri,MO,,,2025,10118,107333.94,-0.39,-3.48,-0.73,-2.0,0.93,26,2.57,-3.7,243.0,-3.19,33.58,-3.36,5.18,93.85,12,3.96,17.97,63.19,23.67,17.05,20.55,16.19,19.37,2875,2880,2860,2871,2871.5,20,7.37,2875,2874,69,69,2026-09-19 22:18:21.483951+00:00
US-4827420,Freeport,Texas,TX,,,2025,10508,159153.66,-0.86,-1.73,4.89,0.01,1.5,3,0.29,-50.0,240.0,-17.81,53.75,6.09,8.38,94.86,12,10.38,3.22,79.55,25.17,18.61,16.82,14.07,18.67,2855,2867,2884,2882,2872.0,29,11.81,2855,2875,235,240,2026-09-19 22:18:21.483951+00:00
US-2815380,Columbus,Mississippi,MS,,,2025,22792,172468.74,-0.28,-5.01,0.37,2.62,3.82,14,0.61,-33.33,6.0,-60.0,2.17,8.33,7.12,97.77,12,5.34,10.69,73.16,24.17,17.12,18.45,14.53,18.57,2870,2879,2871,2879,2874.75,9,4.26,2870,2876,31,33,2026-09-19 22:18:21.483951+00:00
US-0684410,West Hollywood,California,CA,,,2025,34231,996339.23,-0.61,-4.22,-3.4,-2.66,0.08,118,3.45,-10.61,988.0,2.92,229.58,31.19,8.51,97.13,12,0.24,30.72,33.85,19.31,14.43,22.05,17.32,18.28,2897,2896,2848,2861,2875.5,49,21.5,2897,2877,359,358,2026-09-19 22:18:21.483951+00:00
US-4839352,Kingsville,Texas,TX,,,2025,24687,150649.92,-0.14,-2.35,1.36,0.65,1.83,18,0.73,63.64,439.0,-14.92,69.83,8.27,5.93,94.89,12,8.14,7.81,71.57,23.88,17.56,17.48,14.34,18.31,2873,2873,2877,2880,2875.75,7,2.95,2873,2878,238,241,2026-09-19 22:18:21.483951+00:00
US-2231915,Gretna,Louisiana,LA,,,2025,17360,243875.65,-0.33,-2.29,4.16,-3.46,-1.27,11,0.63,-15.38,299.0,-21.11,53.0,2.42,6.51,95.1,12,8.36,4.18,77.25,24.12,17.44,16.4,13.37,17.83,2871,2875,2886,2888,2880.0,17,7.18,2871,2879,27,27,2026-09-19 22:18:21.483951+00:00
US-4803216,Andrews,Texas,TX,,,2025,13665,254594.12,0.74,1.11,5.46,2.37,2.25,93,6.81,29.17,185.0,-62.17,39.92,5.97,34.31,94.29,12,23.79,1.62,42.3,20.66,19.91,14.37,15.66,17.65,2895,2857,2896,2873,2880.25,39,16.27,2895,2880,244,242,2026-09-19 22:18:21.483951+00:00
US-0107000,Birmingham,Alabama,AL,,,2025,195893,140454.79,-0.46,-2.16,-3.06,-3.77,3.02,579,2.96,-14.35,6543.0,-10.2,966.5,15.59,5.45,95.54,12,12.01,11.83,47.5,20.82,17.28,17.24,15.48,17.7,2893,2877,2880,2874,2881.0,19,7.25,2893,2881,66,65,2026-09-19 22:18:21.483951+00:00
US-4809556,Borger,Texas,TX,,,2025,11842,107537.6,-1.02,-5.48,-2.22,-0.49,1.5,2,0.17,,374.0,-1.58,63.33,30.14,6.88,,12,0.24,17.2,63.55,22.0,14.83,19.07,14.2,17.53,2886,2892,2866,2881,2881.25,26,9.63,2886,2882,241,243,2026-09-19 22:18:21.483951+00:00
US-2200100,Abbeville,Louisiana,LA,,,2025,10861,141818.9,-0.58,-2.73,-1.66,-3.6,-2.32,7,0.64,-63.16,179.0,-21.83,41.0,-26.79,8.83,92.22,12,6.7,1.62,84.94,24.48,16.91,15.64,12.24,17.32,2862,2882,2890,2893,2881.75,31,12.09,2862,2883,25,28,2026-09-19 22:18:21.483951+00:00
US-4858916,Port Lavaca,Texas,TX,,,2025,11060,186640.62,-1.46,-3.98,-4.29,-1.54,1.57,18,1.63,125.0,226.0,-10.32,32.17,-9.18,5.84,95.4,12,2.96,10.82,71.88,22.94,15.66,17.62,13.39,17.4,2880,2887,2876,2887,2882.5,11,4.72,2880,2884,240,244,2026-09-19 22:18:21.483951+00:00
US-2829180,Greenville,Mississippi,MS,,,2025,26530,51102.15,-2.0,-10.06,-27.11,-14.83,-12.63,1,0.04,,385.0,-1.79,74.08,37.4,7.33,84.6,12,0.24,16.64,63.54,21.81,14.66,18.76,13.95,17.29,2887,2895,2868,2884,2883.5,27,9.81,2887,2885,35,34,2026-09-19 22:18:21.483951+00:00
US-4805372,Balch Springs,Texas,TX,,,2025,27258,225936.18,-0.3,-1.33,-6.87,-2.92,4.57,220,8.07,228.36,354.0,-30.31,51.58,16.14,5.43,96.12,12,20.36,7.47,31.5,18.63,18.16,14.94,15.67,16.85,2899,2869,2894,2872,2883.5,30,13.16,2899,2886,246,245,2026-09-19 22:18:21.483951+00:00
US-0124568,Eufaula,Alabama,AL,,,2025,12437,162778.03,-0.2,-3.33,-1.7,-0.38,3.85,14,1.13,-58.82,295.0,-8.39,71.0,26.04,8.95,95.93,12,9.57,11.37,52.93,21.04,16.61,17.06,14.71,17.36,2890,2885,2882,2878,2883.75,12,4.38,2890,2887,65,66,2026-09-19 22:18:21.483951+00:00
US-2280955,West Monroe,Louisiana,LA,,,2025,12478,200103.52,-0.68,-4.4,-0.98,0.1,2.42,37,2.97,428.57,309.0,-11.71,28.33,12.58,3.39,96.15,12,0.24,21.41,50.04,20.1,14.06,19.35,14.75,17.07,2896,2897,2865,2877,2883.75,32,13.44,2896,2888,29,29,2026-09-19 22:18:21.483951+00:00
US-4872368,Texarkana,Texas,TX,,,2025,36195,202769.23,0.04,-0.05,-0.34,-0.69,3.41,235,6.49,115.6,860.0,-16.1,162.42,14.85,6.96,94.68,12,21.82,4.47,35.52,19.17,18.67,14.33,15.38,16.89,2898,2866,2897,2875,2884.0,32,13.87,2898,2889,245,246,2026-09-19 22:18:21.483951+00:00
US-4082150,Woodward,Oklahoma,OK,,,2025,11635,132352.58,-0.55,-3.69,3.6,1.91,2.78,6,0.52,500.0,367.0,-18.44,63.42,2.28,6.64,95.55,12,6.06,4.66,78.69,23.72,16.53,16.18,12.69,17.28,2874,2886,2888,2890,2884.5,16,6.22,2874,2890,46,46,2026-09-19 22:18:21.483951+00:00
US-0510720,Camden,Arkansas,AR,,,2025,10127,107126.52,-0.68,-4.47,-9.92,-3.07,-0.46,1,0.1,,266.0,-8.59,41.92,13.03,5.92,90.45,12,0.24,9.8,77.78,22.97,14.74,17.13,12.29,16.78,2878,2893,2881,2892,2886.0,15,6.6,2878,2891,36,34,2026-09-19 22:18:21.483951+00:00
US-0524430,Forrest City,Arkansas,AR,,,2025,12308,77835.67,-0.57,-5.16,-7.36,0.0,-1.65,1,0.08,-50.0,82.0,-31.67,15.83,-20.5,7.7,93.96,12,0.24,1.62,94.75,24.35,14.83,15.18,10.31,16.17,2865,2891,2892,2899,2886.75,34,12.93,2865,2892,34,35,2026-09-19 22:18:21.483951+00:00
US-0420050,Douglas,Arizona,AZ,,,2025,16038,178159.72,2.13,-2.91,1.9,0.06,3.5,20,1.25,42.86,179.0,-23.83,37.58,-2.38,8.17,92.54,12,9.81,1.62,72.92,22.72,16.82,14.77,12.44,16.69,2881,2883,2895,2891,2887.5,14,5.72,2881,2893,44,44,2026-09-19 22:18:21.483951+00:00
US-0543460,Magnolia,Arkansas,AR,,,2025,10660,151372.99,-0.53,-4.29,-5.41,-2.75,-0.52,11,1.03,-21.43,99.0,-33.56,10.33,-29.94,4.23,93.06,12,0.24,8.49,79.94,23.05,14.67,16.73,11.92,16.6,2877,2894,2885,2895,2887.75,18,7.33,2877,2894,35,36,2026-09-19 22:18:21.483951+00:00
US-0607218,Blythe,California,CA,,,2025,15042,226438.45,-5.4,-15.57,-8.24,-1.96,3.29,0,0.0,,239.0,-16.72,54.83,24.62,8.59,95.39,12,3.6,6.08,74.65,22.23,15.0,15.62,11.82,16.17,2884,2890,2891,2896,2890.25,12,4.26,2884,2895,358,359,2026-09-19 22:18:21.483951+00:00
US-2843280,McComb,Mississippi,MS,,,2025,11697,92374.37,-1.07,-5.36,-8.18,-6.39,-2.37,6,0.51,-25.0,250.0,-14.09,44.25,-1.85,6.72,94.56,12,0.24,5.32,81.05,22.22,13.89,15.15,10.61,15.47,2885,2898,2893,2898,2893.5,13,5.32,2885,2896,34,35,2026-09-19 22:18:21.483951+00:00
US-2039825,Liberal,Kansas,KS,,,2025,19010,148238.32,-0.31,-3.73,3.35,0.07,3.77,19,1.0,35.71,188.0,-36.05,30.58,7.62,17.23,91.17,12,8.14,1.62,68.7,21.0,15.27,13.64,11.26,15.29,2891,2888,2900,2897,2894.0,12,4.74,2891,2897,38,38,2026-09-19 22:18:21.483951+00:00
US-4822864,El Campo,Texas,TX,,,2025,12142,225230.72,-0.21,-1.52,-2.24,-1.16,2.02,10,0.82,-79.17,241.0,-9.06,59.58,72.71,9.78,93.8,12,11.43,7.72,44.15,18.31,15.22,14.3,13.03,15.22,2901,2889,2898,2889,2894.25,12,5.36,2901,2898,247,247,2026-09-19 22:18:21.483951+00:00
US-0574540,West Memphis,Arkansas,AR,,,2025,23336,129821.46,-1.28,-4.61,3.02,-1.25,2.24,35,1.5,20.69,659.0,-13.74,73.92,27.26,4.17,96.16,12,0.24,15.63,48.45,17.68,12.09,15.94,11.99,14.42,2902,2901,2889,2894,2896.5,13,5.32,2902,2899,38,37,2026-09-19 22:18:21.483951+00:00
US-0555310,Pine Bluff,Arkansas,AR,,,2025,38213,73606.44,-1.39,-6.75,-4.05,-0.97,2.07,14,0.37,7.69,708.0,-17.48,145.25,5.44,7.55,92.25,12,0.24,3.66,78.79,21.07,13.05,13.9,9.63,14.41,2889,2899,2899,2900,2896.75,11,4.49,2889,2900,37,38,2026-09-19 22:18:21.483951+00:00
US-2846640,Meridian,Mississippi,MS,,,2025,33370,112619.14,-0.6,-4.31,-3.25,-2.15,2.46,7,0.21,0.0,44.0,-91.34,92.17,4.34,97.06,85.17,12,0.24,1.62,82.16,21.2,12.94,13.29,9.05,14.12,2888,2900,2901,2901,2897.5,13,5.5,2888,2901,36,36,2026-09-19 22:18:21.483951+00:00
US-2814260,Cleveland,Mississippi,MS,,,2025,10138,143446.62,-1.03,-9.08,-4.29,-4.11,-2.12,12,1.18,50.0,91.0,-23.53,15.75,0.53,7.23,90.62,12,0.24,1.64,71.85,18.63,11.4,11.75,8.03,12.46,2900,2902,2905,2905,2903.0,5,2.12,2900,2902,37,37,2026-09-19 22:18:21.483951+00:00
US-4807192,Beeville,Texas,TX,,,2025,13086,163831.82,-0.81,-4.2,-5.97,-6.32,-2.61,14,1.07,0.0,233.0,-13.38,67.83,15.95,10.74,94.19,12,0.24,5.19,60.86,17.13,10.82,12.05,8.53,12.13,2904,2904,2902,2903,2903.25,2,0.83,2904,2903,248,248,2026-09-19 22:18:21.483951+00:00
US-2836000,Jackson,Mississippi,MS,,,2025,141196,84484.65,-0.6,-7.73,-4.07,-10.18,-0.33,289,2.05,478.0,3292.0,-18.29,462.75,5.15,5.2,92.94,12,0.24,4.8,61.87,17.25,10.85,11.99,8.46,12.14,2903,2903,2904,2904,2903.5,1,0.5,2903,2904,38,38,2026-09-19 22:18:21.483951+00:00
US-2273640,Sulphur,Louisiana,LA,,,2025,20492,197406.91,-0.31,-6.0,3.23,-2.11,-1.83,41,2.0,2.5,707.0,-13.04,115.58,35.19,6.07,96.41,12,0.24,10.72,40.32,13.93,9.39,12.01,8.96,11.07,2906,2906,2903,2902,2904.25,4,1.79,2906,2905,30,30,2026-09-19 22:18:21.483951+00:00
US-2876720,Vicksburg,Mississippi,MS,,,2025,19830,144040.5,-1.15,-7.66,-4.38,-0.52,1.53,6,0.3,-50.0,296.0,-18.01,71.25,33.8,9.22,90.99,12,0.24,1.62,58.93,15.4,9.46,9.8,6.73,10.35,2905,2905,2906,2906,2905.5,1,0.5,2905,2906,39,39,2026-09-19 22:18:21.483951+00:00
