Region,Period_Begin,Date,Homes_Sold,Median_Sale_Price,Median_DOM,Sale_to_List_Pct,Share_Sold_Above_List_Pct,New_Listings,Active_Listings,Inventory,Pending_Sales,Median_Sale_Price_Per_SqFt,Months_of_Supply,Pct_Off_Market_2_Weeks,City,Year,Month,YearMonth,Homes_Sold_YoY_Pct,Inventory_YoY_Pct,DOM_YoY_Change,New_Listings_YoY_Pct,Pending_Sales_YoY_Pct
"Anna, TX",2018-01-01,2018-03-31,129.0,233490.0,39.0,98.62,16.28,158.0,259.0,102.0,167.0,121.7,2.4,36.53,Anna,2018,3,2018-03,,,,,
"Anna, TX",2018-02-01,2018-04-30,145.0,236000.0,42.0,98.75,14.48,179.0,272.0,101.0,183.0,123.13,2.1,39.89,Anna,2018,4,2018-04,,,,,
"Anna, TX",2018-03-01,2018-05-31,169.0,235900.0,36.0,98.85,18.34,179.0,279.0,92.0,194.0,123.13,1.7,42.78,Anna,2018,5,2018-05,,,,,
"Anna, TX",2018-04-01,2018-06-30,173.0,234900.0,36.0,99.11,21.39,190.0,288.0,116.0,185.0,123.13,2.0,43.24,Anna,2018,6,2018-06,,,,,
"Anna, TX",2018-05-01,2018-07-31,168.0,234145.0,34.0,99.09,26.79,195.0,293.0,128.0,167.0,122.72,2.3,45.51,Anna,2018,7,2018-07,,,,,
"Anna, TX",2018-06-01,2018-08-31,147.0,234390.0,32.0,99.01,21.09,221.0,309.0,154.0,165.0,121.98,3.2,40.61,Anna,2018,8,2018-08,,,,,
"Anna, TX",2018-07-01,2018-09-30,126.0,238500.0,36.0,98.98,17.46,206.0,317.0,171.0,151.0,120.98,4.2,34.44,Anna,2018,9,2018-09,,,,,
"Anna, TX",2018-08-01,2018-10-31,116.0,230900.0,41.0,98.77,11.21,182.0,308.0,167.0,151.0,120.18,4.4,30.46,Anna,2018,10,2018-10,,,,,
"Anna, TX",2018-09-01,2018-11-30,120.0,229945.0,47.0,98.65,11.67,142.0,290.0,147.0,136.0,121.36,3.7,23.53,Anna,2018,11,2018-11,,,,,
"Anna, TX",2018-10-01,2018-12-31,136.0,229495.0,48.0,98.97,13.97,146.0,313.0,155.0,136.0,121.85,3.5,27.21,Anna,2018,12,2018-12,,,,,
"Anna, TX",2018-11-01,2019-01-31,124.0,229250.0,50.0,98.85,12.1,139.0,300.0,156.0,128.0,121.64,3.9,22.66,Anna,2019,1,2019-01,,,,,
"Anna, TX",2018-12-01,2019-02-28,116.0,230900.0,57.0,98.77,12.07,147.0,288.0,155.0,128.0,121.57,4.0,25.78,Anna,2019,2,2019-02,,,,,
"Anna, TX",2019-01-01,2019-03-31,110.0,231950.0,69.0,98.72,8.18,165.0,313.0,155.0,164.0,119.41,4.2,28.05,Anna,2019,3,2019-03,-14.72868217054264,51.96078431372548,30.0,4.430379746835444,-1.7964071856287456
"Anna, TX",2019-02-01,2019-04-30,143.0,237000.0,64.0,99.03,14.69,196.0,347.0,165.0,191.0,124.6,3.4,35.08,Anna,2019,4,2019-04,-1.379310344827589,63.36633663366336,22.0,9.49720670391061,4.371584699453557
"Anna, TX",2019-03-01,2019-05-31,166.0,239810.0,47.0,99.09,13.86,226.0,373.0,173.0,204.0,125.11,3.2,31.86,Anna,2019,5,2019-05,-1.7751479289940808,88.04347826086956,11.0,26.25698324022345,5.154639175257736
"Anna, TX",2019-04-01,2019-06-30,176.0,237500.0,36.0,99.02,16.48,234.0,385.0,175.0,208.0,127.57,3.0,27.88,Anna,2019,6,2019-06,1.7341040462427681,50.86206896551724,0.0,23.15789473684211,12.432432432432439
"Anna, TX",2019-05-01,2019-07-31,200.0,235950.0,41.0,98.77,11.5,229.0,389.0,168.0,211.0,126.3,2.6,21.33,Anna,2019,7,2019-07,19.047619047619047,31.25,7.0,17.43589743589744,26.347305389221564
"Anna, TX",2019-06-01,2019-08-31,206.0,235450.0,47.0,98.8,9.22,222.0,387.0,169.0,203.0,127.21,2.5,23.65,Anna,2019,8,2019-08,40.136054421768705,9.740259740259738,15.0,0.4524886877828038,23.030303030303024
"Anna, TX",2019-07-01,2019-09-30,192.0,235450.0,51.0,98.58,5.73,202.0,370.0,171.0,191.0,127.03,2.7,21.99,Anna,2019,9,2019-09,52.38095238095237,0.0,15.0,-1.9417475728155331,26.490066225165563
"Anna, TX",2019-08-01,2019-10-31,168.0,236950.0,50.0,98.61,5.95,196.0,360.0,159.0,182.0,128.75,2.9,22.53,Anna,2019,10,2019-10,44.827586206896555,-4.790419161676651,9.0,7.692307692307687,20.529801324503303
"Anna, TX",2019-09-01,2019-11-30,163.0,238900.0,52.0,98.52,7.36,166.0,331.0,142.0,181.0,130.49,2.6,21.55,Anna,2019,11,2019-11,35.83333333333334,-3.401360544217691,5.0,16.901408450704224,33.08823529411764
"Anna, TX",2019-10-01,2019-12-31,175.0,238900.0,58.0,98.71,8.0,158.0,324.0,132.0,171.0,130.68,2.3,19.3,Anna,2019,12,2019-12,28.676470588235304,-14.83870967741936,10.0,8.219178082191792,25.735294117647058
"Anna, TX",2019-11-01,2020-01-31,165.0,239900.0,57.0,99.08,6.67,133.0,289.0,116.0,155.0,126.14,2.2,20.0,Anna,2020,1,2020-01,33.06451612903225,-25.64102564102564,7.0,-4.316546762589923,21.09375
"Anna, TX",2019-12-01,2020-02-29,139.0,239990.0,59.0,99.15,7.19,141.0,278.0,116.0,158.0,126.09,2.5,22.15,Anna,2020,2,2020-02,19.82758620689655,-25.161290322580644,2.0,-4.081632653061229,23.4375
"Anna, TX",2020-01-01,2020-03-31,137.0,251000.0,54.0,98.9,8.76,162.0,289.0,146.0,153.0,129.49,3.2,32.03,Anna,2020,3,2020-03,24.545454545454536,-5.8064516129032295,-15.0,-1.8181818181818188,-6.707317073170726
"Anna, TX",2020-02-01,2020-04-30,133.0,255000.0,50.0,98.63,12.03,164.0,275.0,141.0,143.0,134.76,3.2,32.17,Anna,2020,4,2020-04,-6.99300699300699,-14.54545454545455,-14.0,-16.326530612244895,-25.130890052356026
"Anna, TX",2020-03-01,2020-05-31,127.0,253990.0,42.0,98.69,15.75,176.0,286.0,126.0,162.0,134.32,3.0,30.86,Anna,2020,5,2020-05,-23.493975903614462,-27.16763005780347,-5.0,-22.123893805309734,-20.588235294117652
"Anna, TX",2020-04-01,2020-06-30,128.0,250495.0,52.0,99.26,27.34,191.0,330.0,130.0,205.0,132.87,3.1,30.73,Anna,2020,6,2020-06,-27.27272727272727,-25.71428571428571,16.0,-18.37606837606838,-1.4423076923076872
"Anna, TX",2020-05-01,2020-07-31,163.0,251730.0,43.0,99.47,30.06,218.0,353.0,110.0,241.0,130.12,2.1,31.95,Anna,2020,7,2020-07,-18.500000000000007,-34.523809523809526,2.0,-4.8034934497816595,14.218009478672977
"Anna, TX",2020-06-01,2020-08-31,208.0,252241.0,44.0,99.52,24.52,219.0,342.0,97.0,233.0,129.27,1.4,35.62,Anna,2020,8,2020-08,0.9708737864077666,-42.603550295857985,-3.0,-1.3513513513513487,14.778325123152714
"Anna, TX",2020-07-01,2020-09-30,216.0,250000.0,34.0,99.48,23.61,180.0,305.0,85.0,193.0,130.52,1.2,35.23,Anna,2020,9,2020-09,12.5,-50.29239766081872,-17.0,-10.89108910891089,1.0471204188481575
"Anna, TX",2020-08-01,2020-10-31,210.0,251745.0,31.0,99.32,22.38,172.0,277.0,76.0,180.0,131.66,1.1,41.11,Anna,2020,10,2020-10,25.0,-52.20125786163522,-19.0,-12.244897959183676,-1.098901098901095
"Anna, TX",2020-09-01,2020-11-30,175.0,251999.0,28.0,99.3,32.0,145.0,238.0,70.0,159.0,135.84,1.2,41.51,Anna,2020,11,2020-11,7.361963190184051,-50.70422535211267,-24.0,-12.650602409638555,-12.154696132596687
"Anna, TX",2020-10-01,2020-12-31,180.0,263201.0,32.0,99.2,33.89,137.0,221.0,46.0,163.0,134.04,0.8,45.4,Anna,2020,12,2020-12,2.857142857142847,-65.15151515151516,-26.0,-13.291139240506332,-4.678362573099415
"Anna, TX",2020-11-01,2021-01-31,150.0,267130.0,32.0,99.45,44.67,147.0,217.0,45.0,175.0,134.13,0.9,52.0,Anna,2021,1,2021-01,-9.090909090909093,-61.206896551724135,-25.0,10.526315789473696,12.903225806451623
"Anna, TX",2020-12-01,2021-02-28,156.0,267900.0,33.0,99.77,46.15,141.0,209.0,36.0,161.0,139.61,0.7,60.25,Anna,2021,2,2021-02,12.230215827338121,-68.96551724137932,-26.0,0.0,1.8987341772152
"Anna, TX",2021-01-01,2021-03-31,129.0,274900.0,25.0,100.47,59.69,131.0,177.0,26.0,138.0,144.12,0.6,70.29,Anna,2021,3,2021-03,-5.839416058394164,-82.1917808219178,-29.0,-19.135802469135797,-9.80392156862745
"Anna, TX",2021-02-01,2021-04-30,126.0,275745.0,18.0,101.52,64.29,100.0,145.0,38.0,101.0,146.18,0.9,75.25,Anna,2021,4,2021-04,-5.263157894736848,-73.04964539007092,-32.0,-39.02439024390244,-29.370629370629374
"Anna, TX",2021-03-01,2021-05-31,113.0,290900.0,15.0,102.98,71.68,125.0,161.0,51.0,113.0,144.58,1.4,82.3,Anna,2021,5,2021-05,-11.023622047244096,-59.523809523809526,-27.0,-28.97727272727273,-30.246913580246915
"Anna, TX",2021-04-01,2021-06-30,135.0,300000.0,13.0,104.42,68.89,140.0,166.0,48.0,124.0,157.0,1.1,80.65,Anna,2021,6,2021-06,5.46875,-63.07692307692307,-39.0,-26.701570680628272,-39.51219512195122
"Anna, TX",2021-05-01,2021-07-31,149.0,304000.0,14.0,104.75,70.47,167.0,205.0,67.0,137.0,161.21,1.4,75.91,Anna,2021,7,2021-07,-8.588957055214719,-39.090909090909086,-29.0,-23.39449541284404,-43.15352697095436
"Anna, TX",2021-06-01,2021-08-31,160.0,307200.0,14.0,104.41,69.38,183.0,234.0,57.0,172.0,161.58,1.1,70.93,Anna,2021,8,2021-08,-23.076923076923073,-41.23711340206185,-30.0,-16.43835616438356,-26.18025751072961
"Anna, TX",2021-07-01,2021-09-30,166.0,330000.0,16.0,103.14,61.45,213.0,261.0,71.0,179.0,167.16,1.3,73.74,Anna,2021,9,2021-09,-23.148148148148152,-16.470588235294116,-18.0,18.333333333333336,-7.253886010362698
"Anna, TX",2021-08-01,2021-10-31,147.0,340000.0,17.0,102.5,57.14,228.0,295.0,94.0,197.0,173.94,2.0,72.59,Anna,2021,10,2021-10,-30.000000000000004,23.684210526315795,-14.0,32.558139534883715,9.444444444444455
"Anna, TX",2021-09-01,2021-11-30,157.0,343900.0,17.0,102.27,55.41,205.0,262.0,65.0,199.0,179.84,1.3,68.34,Anna,2021,11,2021-11,-10.285714285714286,-7.14285714285714,-11.0,41.37931034482758,25.15723270440251
"Anna, TX",2021-10-01,2021-12-31,156.0,350500.0,17.0,102.33,66.67,214.0,283.0,62.0,227.0,184.43,1.2,67.4,Anna,2021,12,2021-12,-13.33333333333333,34.78260869565217,-15.0,56.204379562043805,39.26380368098159
"Anna, TX",2021-11-01,2022-01-31,157.0,354900.0,17.0,102.28,68.15,175.0,268.0,57.0,213.0,185.95,1.1,67.14,Anna,2022,1,2022-01,4.666666666666663,26.66666666666666,-15.0,19.047619047619047,21.714285714285708
"Anna, TX",2021-12-01,2022-02-28,160.0,366900.0,15.0,102.27,61.88,218.0,282.0,50.0,226.0,189.64,0.9,75.22,Anna,2022,2,2022-02,2.564102564102555,38.888888888888886,-18.0,54.60992907801418,40.37267080745342
"Anna, TX",2022-01-01,2022-03-31,166.0,367450.0,13.0,102.99,56.02,211.0,273.0,73.0,203.0,194.91,1.3,74.88,Anna,2022,3,2022-03,28.682170542635667,180.76923076923075,-12.0,61.068702290076324,47.10144927536233
"Anna, TX",2022-02-01,2022-04-30,195.0,388900.0,12.0,104.01,56.41,229.0,285.0,77.0,212.0,198.72,1.2,79.72,Anna,2022,4,2022-04,54.761904761904766,102.63157894736841,-6.0,129.0,109.9009900990099
"Anna, TX",2022-03-01,2022-05-31,206.0,401146.0,13.0,104.73,60.68,229.0,279.0,123.0,164.0,201.24,1.8,79.88,Anna,2022,5,2022-05,82.30088495575221,141.17647058823528,-2.0,83.2,45.13274336283186
"Anna, TX",2022-04-01,2022-06-30,195.0,421823.0,13.0,105.01,63.08,292.0,363.0,189.0,188.0,209.79,2.9,76.06,Anna,2022,6,2022-06,44.44444444444444,293.75,0.0,108.57142857142858,51.61290322580645
"Anna, TX",2022-05-01,2022-07-31,206.0,418450.0,14.0,103.31,56.31,315.0,391.0,201.0,207.0,207.79,3.0,61.35,Anna,2022,7,2022-07,38.25503355704698,200.0,0.0,88.62275449101797,51.09489051094891
"Anna, TX",2022-06-01,2022-08-31,217.0,413900.0,18.0,101.55,48.85,303.0,419.0,211.0,212.0,212.62,3.0,45.75,Anna,2022,8,2022-08,35.62499999999999,270.17543859649123,4.0,65.57377049180329,23.25581395348837
"Anna, TX",2022-07-01,2022-09-30,207.0,397900.0,23.0,99.95,36.71,250.0,434.0,220.0,214.0,205.33,3.3,29.91,Anna,2022,9,2022-09,24.69879518072289,209.85915492957744,7.0,17.37089201877935,19.55307262569832
"Anna, TX",2022-08-01,2022-10-31,188.0,392700.0,29.0,98.68,23.94,218.0,415.0,219.0,186.0,199.7,3.6,23.12,Anna,2022,10,2022-10,27.891156462585045,132.97872340425533,12.0,-4.385964912280704,-5.58375634517766
"Anna, TX",2022-09-01,2022-11-30,143.0,394225.0,41.0,97.85,13.29,194.0,400.0,222.0,168.0,194.29,4.7,23.81,Anna,2022,11,2022-11,-8.917197452229297,241.53846153846152,24.0,-5.36585365853659,-15.577889447236181
"Anna, TX",2022-10-01,2022-12-31,139.0,392639.0,48.0,98.02,8.63,151.0,363.0,196.0,134.0,192.76,4.3,20.15,Anna,2022,12,2022-12,-10.897435897435892,216.1290322580645,31.0,-29.439252336448597,-40.96916299559471
"Anna, TX",2022-11-01,2023-01-31,131.0,388288.0,45.0,98.55,9.16,156.0,369.0,179.0,157.0,193.31,4.2,17.83,Anna,2023,1,2023-01,-16.560509554140125,214.03508771929825,28.0,-10.857142857142854,-26.291079812206576
"Anna, TX",2022-12-01,2023-02-28,169.0,375950.0,54.0,98.45,7.69,174.0,388.0,143.0,218.0,190.65,2.5,26.61,Anna,2023,2,2023-02,5.624999999999991,186.0,39.0,-20.18348623853211,-3.539823008849563
"Anna, TX",2023-01-01,2023-03-31,215.0,362745.0,59.0,98.47,10.23,213.0,398.0,134.0,265.0,188.19,1.9,32.83,Anna,2023,3,2023-03,29.518072289156617,83.56164383561644,46.0,0.9478672985782088,30.541871921182274
"Anna, TX",2023-02-01,2023-04-30,225.0,374995.0,62.0,98.44,11.56,243.0,414.0,155.0,267.0,187.63,2.0,38.95,Anna,2023,4,2023-04,15.384615384615374,101.2987012987013,50.0,6.113537117903922,25.943396226415103
"Anna, TX",2023-03-01,2023-05-31,231.0,375950.0,43.0,98.67,15.15,288.0,419.0,154.0,279.0,187.25,2.0,47.31,Anna,2023,5,2023-05,12.135922330097081,25.203252032520318,30.0,25.764192139737997,70.1219512195122
"Anna, TX",2023-04-01,2023-06-30,209.0,388700.0,34.0,98.94,17.22,287.0,411.0,161.0,261.0,187.2,2.3,43.68,Anna,2023,6,2023-06,7.179487179487176,-14.814814814814813,21.0,-1.7123287671232834,38.829787234042556
"Anna, TX",2023-05-01,2023-07-31,226.0,385000.0,33.0,99.18,18.58,259.0,404.0,163.0,246.0,190.46,2.2,39.02,Anna,2023,7,2023-07,9.708737864077666,-18.905472636815922,19.0,-17.777777777777782,18.840579710144922
"Anna, TX",2023-06-01,2023-08-31,222.0,389153.0,30.0,99.19,19.37,239.0,385.0,189.0,187.0,192.67,2.6,31.02,Anna,2023,8,2023-08,2.304147465437789,-10.426540284360186,12.0,-21.122112211221122,-11.792452830188683
"Anna, TX",2023-07-01,2023-09-30,203.0,380490.0,32.0,99.06,15.76,237.0,392.0,203.0,178.0,193.63,3.1,33.15,Anna,2023,9,2023-09,-1.9323671497584516,-7.727272727272727,9.0,-5.200000000000005,-16.82242990654206
"Anna, TX",2023-08-01,2023-10-31,193.0,378900.0,31.0,98.8,12.95,278.0,435.0,212.0,203.0,196.26,3.4,43.84,Anna,2023,10,2023-10,2.659574468085113,-3.1963470319634757,2.0,27.522935779816503,9.139784946236551
"Anna, TX",2023-09-01,2023-11-30,178.0,371945.0,30.0,98.63,10.11,228.0,408.0,190.0,189.0,194.81,3.2,37.04,Anna,2023,11,2023-11,24.47552447552448,-14.414414414414411,-11.0,17.525773195876294,12.5
"Anna, TX",2023-10-01,2023-12-31,194.0,383900.0,37.0,98.54,12.89,199.0,395.0,173.0,178.0,183.38,2.7,31.46,Anna,2023,12,2023-12,39.568345323741006,-11.734693877551017,-11.0,31.78807947019868,32.835820895522396
"Anna, TX",2023-11-01,2024-01-31,176.0,391563.0,44.0,98.46,13.07,184.0,387.0,188.0,175.0,182.12,3.3,19.43,Anna,2024,1,2024-01,34.35114503816794,5.027932960893855,-1.0,17.948717948717952,11.46496815286624
"Anna, TX",2023-12-01,2024-02-29,178.0,387460.0,51.0,98.35,13.48,227.0,408.0,182.0,211.0,183.36,3.1,21.8,Anna,2024,2,2024-02,5.3254437869822535,27.27272727272727,-3.0,30.45977011494252,-3.2110091743119296
"Anna, TX",2024-01-01,2024-03-31,183.0,387020.0,52.0,98.07,12.57,291.0,453.0,208.0,223.0,186.95,3.4,23.77,Anna,2024,3,2024-03,-14.883720930232558,55.223880597014926,-7.0,36.61971830985915,-15.849056603773581
"Anna, TX",2024-02-01,2024-04-30,206.0,383900.0,53.0,98.09,12.62,285.0,463.0,212.0,226.0,188.63,3.1,19.47,Anna,2024,4,2024-04,-8.444444444444443,36.77419354838709,-9.0,17.28395061728396,-15.355805243445698
"Anna, TX",2024-03-01,2024-05-31,213.0,395000.0,46.0,98.16,10.8,289.0,460.0,225.0,206.0,186.19,3.2,19.9,Anna,2024,5,2024-05,-7.792207792207795,46.10389610389611,3.0,0.3472222222222321,-26.16487455197133
"Anna, TX",2024-04-01,2024-06-30,195.0,389900.0,43.0,98.42,8.21,297.0,498.0,286.0,181.0,187.75,4.4,21.55,Anna,2024,6,2024-06,-6.6985645933014375,77.63975155279503,9.0,3.4843205574912828,-30.651340996168585
"Anna, TX",2024-05-01,2024-07-31,183.0,394000.0,40.0,98.46,7.1,317.0,524.0,319.0,166.0,188.69,5.3,20.48,Anna,2024,7,2024-07,-19.026548672566367,95.70552147239265,7.0,22.393822393822393,-32.52032520325203
"Anna, TX",2024-06-01,2024-08-31,166.0,380000.0,49.0,98.39,4.82,295.0,516.0,323.0,157.0,192.4,6.0,15.92,Anna,2024,8,2024-08,-25.225225225225223,70.89947089947091,19.0,23.43096234309623,-16.042780748663098
"Anna, TX",2024-07-01,2024-09-30,160.0,373013.0,62.0,98.22,4.38,235.0,517.0,297.0,164.0,190.06,5.7,9.15,Anna,2024,9,2024-09,-21.182266009852214,46.30541871921183,30.0,-0.8438818565400852,-7.86516853932584
"Anna, TX",2024-08-01,2024-10-31,156.0,375000.0,81.0,98.14,3.21,215.0,528.0,324.0,156.0,185.01,6.4,11.54,Anna,2024,10,2024-10,-19.17098445595855,52.830188679245296,50.0,-22.661870503597125,-23.152709359605915
"Anna, TX",2024-09-01,2024-11-30,150.0,364913.0,81.0,97.78,4.67,197.0,515.0,312.0,156.0,180.99,6.3,11.54,Anna,2024,11,2024-11,-15.73033707865169,64.21052631578948,51.0,-13.596491228070173,-17.460317460317466
"Anna, TX",2024-10-01,2024-12-31,149.0,371199.0,91.0,97.36,5.37,197.0,491.0,282.0,175.0,175.09,5.8,15.43,Anna,2024,12,2024-12,-23.19587628865979,63.005780346820806,54.0,-1.005025125628145,-1.6853932584269704
"Anna, TX",2024-11-01,2025-01-31,154.0,366376.0,104.0,97.42,5.84,195.0,511.0,293.0,175.0,172.84,5.8,13.71,Anna,2025,1,2025-01,-12.5,55.851063829787236,60.0,5.978260869565211,0.0
"Anna, TX",2024-12-01,2025-02-28,168.0,380000.0,115.0,98.01,5.36,212.0,512.0,282.0,197.0,174.85,5.0,12.69,Anna,2025,2,2025-02,-5.61797752808989,54.94505494505495,64.0,-6.607929515418498,-6.635071090047395
"Anna, TX",2025-01-01,2025-03-31,180.0,368000.0,107.0,98.26,5.0,249.0,513.0,283.0,203.0,174.85,4.7,12.32,Anna,2025,3,2025-03,-1.6393442622950838,36.057692307692314,55.0,-14.432989690721653,-8.968609865470857
"Anna, TX",2025-02-01,2025-04-30,188.0,368995.0,86.0,98.13,6.38,304.0,576.0,330.0,232.0,174.67,5.2,15.95,Anna,2025,4,2025-04,-8.737864077669899,55.660377358490564,33.0,6.666666666666665,2.6548672566371723
"Anna, TX",2025-03-01,2025-05-31,203.0,364000.0,80.0,98.14,5.42,356.0,618.0,348.0,234.0,171.29,5.3,17.95,Anna,2025,5,2025-05,-4.694835680751175,54.666666666666664,34.0,23.18339100346021,13.592233009708732
"Anna, TX",2025-04-01,2025-06-30,204.0,358964.0,60.0,98.07,5.39,367.0,624.0,362.0,226.0,170.83,5.4,16.81,Anna,2025,6,2025-06,4.615384615384621,26.573426573426584,17.0,23.56902356902357,24.861878453038667
"Anna, TX",2025-05-01,2025-07-31,201.0,355000.0,62.0,98.12,4.98,320.0,622.0,363.0,204.0,169.9,5.5,12.75,Anna,2025,7,2025-07,9.836065573770503,13.793103448275868,22.0,0.9463722397476282,22.891566265060238
"Anna, TX",2025-06-01,2025-08-31,195.0,349995.0,64.0,97.17,4.62,298.0,627.0,371.0,189.0,169.88,5.8,10.05,Anna,2025,8,2025-08,17.469879518072283,14.860681114551078,15.0,1.016949152542379,20.382165605095537
"Anna, TX",2025-07-01,2025-09-30,190.0,350000.0,80.0,96.89,3.68,266.0,606.0,373.0,161.0,169.59,6.0,10.56,Anna,2025,9,2025-09,18.75,25.589225589225585,18.0,13.191489361702136,-1.8292682926829285
"Anna, TX",2025-08-01,2025-10-31,175.0,355000.0,78.0,96.9,2.29,340.0,686.0,453.0,162.0,169.31,7.9,11.73,Anna,2025,10,2025-10,12.17948717948718,39.81481481481482,-3.0,58.13953488372092,3.8461538461538547
"Anna, TX",2025-09-01,2025-11-30,150.0,355000.0,81.0,97.59,2.0,298.0,648.0,432.0,160.0,167.02,8.7,10.63,Anna,2025,11,2025-11,0.0,38.46153846153846,0.0,51.269035532994934,2.564102564102555
"Anna, TX",2025-10-01,2025-12-31,147.0,348990.0,76.0,97.69,3.4,270.0,630.0,381.0,172.0,162.5,7.9,9.88,Anna,2025,12,2025-12,-1.342281879194629,35.106382978723396,-15.0,37.05583756345177,-1.7142857142857126
"Anna, TX",2025-11-01,2026-01-31,146.0,350000.0,82.0,97.21,2.05,165.0,603.0,368.0,177.0,159.0,7.7,7.34,Anna,2026,1,2026-01,-5.1948051948051965,25.597269624573382,-22.0,-15.384615384615385,1.1428571428571344
"Anna, TX",2025-12-01,2026-02-28,156.0,347495.0,96.0,96.69,2.56,202.0,614.0,366.0,205.0,157.88,7.0,9.76,Anna,2026,2,2026-02,-7.14285714285714,29.78723404255319,-19.0,-4.716981132075471,4.060913705583746
"Anna, TX",2026-01-01,2026-03-31,183.0,352180.0,112.0,96.68,3.83,263.0,627.0,361.0,236.0,161.22,5.9,9.75,Anna,2026,3,2026-03,1.6666666666666607,27.561837455830386,5.0,5.622489959839361,16.25615763546797
"Anna, TX",2026-02-01,2026-04-30,202.0,349754.0,112.0,96.89,5.45,303.0,653.0,377.0,250.0,163.89,5.5,10.8,Anna,2026,4,2026-04,7.446808510638303,14.242424242424235,26.0,-0.3289473684210509,7.758620689655182
"Anna, TX",2026-03-01,2026-05-31,216.0,351790.0,99.0,97.08,4.63,322.0,664.0,385.0,238.0,164.45,5.5,8.82,Anna,2026,5,2026-05,6.403940886699511,10.632183908045967,19.0,-9.55056179775281,1.7094017094017033
"Anna, TX",2026-04-01,2026-06-30,211.0,350000.0,76.0,97.52,3.79,317.0,657.0,383.0,233.0,163.72,5.5,11.16,Anna,2026,6,2026-06,3.431372549019618,5.8011049723756924,16.0,-13.623978201634879,3.0973451327433565
"Anna, TX",2026-05-01,2026-07-31,210.0,350814.0,76.0,97.73,2.93,314.0,663.0,402.0,216.0,163.27,5.9,12.43,Anna,2026,7,2026-07,4.477611940298498,10.743801652892571,14.0,-1.8750000000000044,5.882352941176472
"Celina, TX",2018-01-01,2018-03-31,99.0,365000.0,90.0,96.57,3.03,182.0,333.0,213.0,116.0,128.97,6.5,15.52,Celina,2018,3,2018-03,,,,,
"Celina, TX",2018-02-01,2018-04-30,108.0,355000.0,94.0,97.33,6.48,210.0,364.0,235.0,137.0,128.61,6.5,23.36,Celina,2018,4,2018-04,,,,,
"Celina, TX",2018-03-01,2018-05-31,122.0,341336.0,72.0,97.58,9.84,220.0,402.0,253.0,148.0,128.08,6.4,25.0,Celina,2018,5,2018-05,,,,,
"Celina, TX",2018-04-01,2018-06-30,129.0,338000.0,70.0,97.69,10.85,249.0,454.0,290.0,173.0,131.35,6.8,24.86,Celina,2018,6,2018-06,,,,,
"Celina, TX",2018-05-01,2018-07-31,146.0,353500.0,65.0,97.2,8.9,248.0,475.0,298.0,187.0,132.34,6.3,18.18,Celina,2018,7,2018-07,,,,,
"Celina, TX",2018-06-01,2018-08-31,163.0,362680.0,62.0,96.86,6.13,227.0,472.0,301.0,184.0,131.38,5.7,16.3,Celina,2018,8,2018-08,,,,,
"Celina, TX",2018-07-01,2018-09-30,155.0,364010.0,62.0,97.08,9.03,185.0,468.0,293.0,176.0,130.08,5.8,15.91,Celina,2018,9,2018-09,,,,,
"Celina, TX",2018-08-01,2018-10-31,150.0,356826.0,70.0,96.94,7.33,181.0,471.0,301.0,162.0,130.22,6.2,14.2,Celina,2018,10,2018-10,,,,,
"Celina, TX",2018-09-01,2018-11-30,128.0,362077.0,100.0,96.46,7.03,180.0,471.0,299.0,160.0,132.65,7.1,13.13,Celina,2018,11,2018-11,,,,,
"Celina, TX",2018-10-01,2018-12-31,151.0,359006.0,125.0,96.16,3.97,172.0,453.0,287.0,147.0,133.14,5.8,11.56,Celina,2018,12,2018-12,,,,,
"Celina, TX",2018-11-01,2019-01-31,130.0,362077.0,120.0,95.8,3.85,163.0,447.0,302.0,126.0,133.46,7.1,10.32,Celina,2019,1,2019-01,,,,,
"Celina, TX",2018-12-01,2019-02-28,126.0,345750.0,129.0,96.25,3.17,175.0,446.0,304.0,145.0,134.21,7.2,11.72,Celina,2019,2,2019-02,,,,,
"Celina, TX",2019-01-01,2019-03-31,117.0,345000.0,127.0,96.59,0.85,200.0,462.0,301.0,170.0,131.12,7.7,11.76,Celina,2019,3,2019-03,18.181818181818187,41.31455399061033,37.0,9.8901098901099,46.551724137931025
"Celina, TX",2019-02-01,2019-04-30,149.0,345000.0,127.0,96.99,2.68,226.0,506.0,303.0,223.0,129.46,6.0,13.9,Celina,2019,4,2019-04,37.962962962962955,28.936170212765955,33.0,7.619047619047614,62.773722627737214
"Celina, TX",2019-03-01,2019-05-31,201.0,348000.0,108.0,97.01,5.97,246.0,524.0,305.0,252.0,133.33,4.7,15.48,Celina,2019,5,2019-05,64.75409836065573,20.553359683794458,36.0,11.818181818181817,70.27027027027026
"Celina, TX",2019-04-01,2019-06-30,224.0,354058.0,96.0,96.96,6.7,233.0,516.0,300.0,245.0,135.16,4.1,15.1,Celina,2019,6,2019-06,73.64341085271317,3.4482758620689724,26.0,-6.425702811244982,41.61849710982659
"Celina, TX",2019-05-01,2019-07-31,226.0,362860.0,97.0,96.84,6.19,230.0,516.0,311.0,227.0,137.18,4.2,15.42,Celina,2019,7,2019-07,54.794520547945204,4.36241610738255,32.0,-7.258064516129037,21.3903743315508
"Celina, TX",2019-06-01,2019-08-31,216.0,356250.0,87.0,96.98,5.09,214.0,502.0,291.0,204.0,137.22,4.1,13.24,Celina,2019,8,2019-08,32.51533742331287,-3.322259136212624,25.0,-5.726872246696035,10.869565217391308
"Celina, TX",2019-07-01,2019-09-30,199.0,360000.0,90.0,96.97,5.03,231.0,513.0,293.0,208.0,139.74,4.5,13.94,Celina,2019,9,2019-09,28.387096774193555,0.0,28.0,24.864864864864856,18.181818181818187
"Celina, TX",2019-08-01,2019-10-31,202.0,349000.0,90.0,97.06,5.45,242.0,532.0,305.0,211.0,139.7,4.6,12.32,Celina,2019,10,2019-10,34.66666666666667,1.3289036544850585,20.0,33.70165745856353,30.246913580246915
"Celina, TX",2019-09-01,2019-11-30,163.0,350150.0,96.0,96.85,4.29,228.0,495.0,274.0,198.0,138.3,5.1,12.12,Celina,2019,11,2019-11,27.34375,-8.361204013377932,-4.0,26.66666666666666,23.750000000000004
"Celina, TX",2019-10-01,2019-12-31,177.0,352000.0,96.0,96.52,4.52,210.0,484.0,264.0,193.0,133.95,4.6,9.84,Celina,2019,12,2019-12,17.218543046357617,-8.013937282229966,-29.0,22.093023255813947,31.29251700680271
"Celina, TX",2019-11-01,2020-01-31,167.0,339900.0,91.0,96.72,3.59,189.0,476.0,265.0,210.0,131.71,4.9,10.48,Celina,2020,1,2020-01,28.46153846153847,-12.25165562913907,-29.0,15.95092024539877,66.66666666666667
"Celina, TX",2019-12-01,2020-02-29,185.0,340990.0,91.0,96.93,5.41,222.0,480.0,289.0,211.0,132.17,4.7,16.59,Celina,2020,2,2020-02,46.825396825396815,-4.934210526315786,-38.0,26.857142857142847,45.51724137931035
"Celina, TX",2020-01-01,2020-03-31,174.0,340876.0,87.0,97.67,8.05,253.0,501.0,292.0,239.0,133.86,5.1,17.57,Celina,2020,3,2020-03,48.71794871794872,-2.9900332225913595,-40.0,26.49999999999999,40.58823529411764
"Celina, TX",2020-02-01,2020-04-30,175.0,346900.0,89.0,97.7,9.14,237.0,487.0,275.0,234.0,136.12,4.7,18.8,Celina,2020,4,2020-04,17.4496644295302,-9.24092409240924,-38.0,4.867256637168138,4.932735426008961
"Celina, TX",2020-03-01,2020-05-31,200.0,349745.0,85.0,97.57,10.5,249.0,523.0,255.0,286.0,138.65,3.9,17.83,Celina,2020,5,2020-05,-0.497512437810943,-16.393442622950815,-23.0,1.2195121951219523,13.492063492063489
"Celina, TX",2020-04-01,2020-06-30,241.0,350000.0,87.0,97.58,11.62,246.0,526.0,215.0,330.0,140.33,2.7,19.7,Celina,2020,6,2020-06,7.589285714285721,-28.333333333333332,-9.0,5.579399141630903,34.6938775510204
"Celina, TX",2020-05-01,2020-07-31,302.0,356000.0,81.0,97.64,11.26,300.0,565.0,218.0,368.0,140.62,2.2,22.28,Celina,2020,7,2020-07,33.628318584070804,-29.903536977491964,-16.0,30.434782608695656,62.114537444933916
"Celina, TX",2020-06-01,2020-08-31,328.0,369743.0,68.0,97.61,10.06,271.0,517.0,186.0,347.0,142.16,1.7,25.65,Celina,2020,8,2020-08,51.85185185185186,-36.08247422680413,-19.0,26.635514018691598,70.09803921568627
"Celina, TX",2020-07-01,2020-09-30,318.0,375000.0,51.0,97.54,8.81,249.0,458.0,160.0,305.0,141.43,1.5,27.21,Celina,2020,9,2020-09,59.798994974874375,-45.39249146757679,-39.0,7.792207792207795,46.63461538461537
"Celina, TX",2020-08-01,2020-10-31,293.0,380000.0,49.0,97.62,12.63,206.0,414.0,137.0,280.0,143.53,1.4,27.5,Celina,2020,10,2020-10,45.04950495049505,-55.08196721311476,-41.0,-14.876033057851235,32.70142180094786
"Celina, TX",2020-09-01,2020-11-30,252.0,379950.0,52.0,97.69,17.86,189.0,368.0,129.0,237.0,147.44,1.6,32.91,Celina,2020,11,2020-11,54.601226993865026,-52.919708029197075,-44.0,-17.105263157894733,19.696969696969703
"Celina, TX",2020-10-01,2020-12-31,233.0,396000.0,55.0,97.86,24.03,157.0,313.0,96.0,217.0,154.78,1.3,33.18,Celina,2020,12,2020-12,31.63841807909604,-63.63636363636363,-41.0,-25.238095238095237,12.435233160621761
"Celina, TX",2020-11-01,2021-01-31,199.0,412760.0,59.0,97.69,25.13,172.0,307.0,88.0,230.0,157.31,1.4,42.61,Celina,2021,1,2021-01,19.16167664670658,-66.7924528301887,-32.0,-8.994708994709,9.523809523809534
"Celina, TX",2020-12-01,2021-02-28,188.0,426129.0,48.0,98.41,35.64,179.0,306.0,85.0,230.0,159.79,1.4,44.78,Celina,2021,2,2021-02,1.6216216216216273,-70.58823529411764,-43.0,-19.369369369369373,9.004739336492884
"Celina, TX",2021-01-01,2021-03-31,172.0,431450.0,33.0,99.21,45.35,210.0,303.0,81.0,235.0,164.06,1.4,57.87,Celina,2021,3,2021-03,-1.1494252873563204,-72.26027397260275,-54.0,-16.996047430830043,-1.673640167364021
"Celina, TX",2021-02-01,2021-04-30,171.0,440000.0,25.0,100.37,56.14,223.0,310.0,102.0,217.0,168.69,1.8,65.9,Celina,2021,4,2021-04,-2.285714285714291,-62.909090909090914,-64.0,-5.907172995780585,-7.264957264957261
"Celina, TX",2021-03-01,2021-05-31,181.0,452734.0,19.0,101.61,61.33,243.0,328.0,107.0,231.0,176.65,1.8,70.56,Celina,2021,5,2021-05,-9.499999999999996,-58.0392156862745,-66.0,-2.409638554216864,-19.23076923076923
"Celina, TX",2021-04-01,2021-06-30,194.0,460000.0,19.0,103.66,72.68,244.0,325.0,112.0,224.0,180.55,1.8,73.21,Celina,2021,6,2021-06,-19.50207468879668,-47.906976744186046,-68.0,-0.8130081300813052,-32.12121212121212
"Celina, TX",2021-05-01,2021-07-31,218.0,475561.0,19.0,104.21,77.98,245.0,345.0,128.0,224.0,183.74,1.8,70.54,Celina,2021,7,2021-07,-27.81456953642384,-41.28440366972477,-62.0,-18.333333333333336,-39.13043478260869
"Celina, TX",2021-06-01,2021-08-31,221.0,480550.0,19.0,104.45,79.19,226.0,333.0,111.0,223.0,186.92,1.5,67.71,Celina,2021,8,2021-08,-32.62195121951219,-40.32258064516129,-49.0,-16.605166051660515,-35.73487031700289
"Celina, TX",2021-07-01,2021-09-30,226.0,490605.0,19.0,103.36,74.34,213.0,325.0,103.0,209.0,190.75,1.4,62.68,Celina,2021,9,2021-09,-28.9308176100629,-35.62499999999999,-32.0,-14.457831325301207,-31.47540983606557
"Celina, TX",2021-08-01,2021-10-31,214.0,482355.0,19.0,102.58,66.82,176.0,303.0,112.0,186.0,190.46,1.6,56.99,Celina,2021,10,2021-10,-26.96245733788396,-18.248175182481752,-30.0,-14.563106796116509,-33.57142857142858
"Celina, TX",2021-09-01,2021-11-30,200.0,485234.0,21.0,101.8,60.0,169.0,276.0,100.0,166.0,190.46,1.5,53.01,Celina,2021,11,2021-11,-20.63492063492064,-22.480620155038757,-31.0,-10.582010582010582,-29.957805907172997
"Celina, TX",2021-10-01,2021-12-31,195.0,542000.0,22.0,101.71,59.49,144.0,243.0,69.0,158.0,194.35,1.1,51.9,Celina,2021,12,2021-12,-16.309012875536478,-28.125,-33.0,-8.280254777070063,-27.188940092165904
"Celina, TX",2021-11-01,2022-01-31,186.0,549900.0,19.0,102.45,65.05,138.0,241.0,65.0,161.0,205.41,1.1,55.9,Celina,2022,1,2022-01,-6.5326633165829096,-26.136363636363637,-40.0,-19.76744186046512,-30.000000000000004
"Celina, TX",2021-12-01,2022-02-28,178.0,558415.0,18.0,103.84,73.6,132.0,228.0,46.0,152.0,214.92,0.8,65.79,Celina,2022,2,2022-02,-5.319148936170215,-45.88235294117647,-30.0,-26.256983240223462,-33.913043478260875
"Celina, TX",2022-01-01,2022-03-31,176.0,560643.0,15.0,105.72,78.41,197.0,263.0,72.0,188.0,221.22,1.2,78.72,Celina,2022,3,2022-03,2.3255813953488413,-11.111111111111116,-18.0,-6.190476190476191,-19.999999999999996
"Celina, TX",2022-02-01,2022-04-30,193.0,590000.0,13.0,107.72,86.01,252.0,311.0,107.0,202.0,230.22,1.6,81.68,Celina,2022,4,2022-04,12.865497076023402,4.90196078431373,-12.0,13.004484304932728,-6.912442396313367
"Celina, TX",2022-03-01,2022-05-31,219.0,617550.0,13.0,107.49,83.56,347.0,388.0,164.0,247.0,240.08,2.3,78.14,Celina,2022,5,2022-05,20.994475138121537,53.271028037383175,-6.0,42.79835390946503,6.926406926406936
"Celina, TX",2022-04-01,2022-06-30,229.0,623000.0,15.0,106.02,76.42,380.0,449.0,213.0,239.0,239.77,2.8,65.27,Celina,2022,6,2022-06,18.041237113402065,90.17857142857142,-4.0,55.73770491803278,6.696428571428581
"Celina, TX",2022-05-01,2022-07-31,221.0,649900.0,20.0,103.26,59.73,365.0,469.0,209.0,241.0,242.01,2.9,54.77,Celina,2022,7,2022-07,1.3761467889908285,63.28125,1.0,48.979591836734706,7.589285714285721
"Celina, TX",2022-06-01,2022-08-31,217.0,620000.0,26.0,100.95,43.32,306.0,469.0,212.0,224.0,235.99,3.0,37.5,Celina,2022,8,2022-08,-1.8099547511312264,90.990990990991,7.0,35.39823008849559,0.4484304932735439
"Celina, TX",2022-07-01,2022-09-30,201.0,596940.0,35.0,99.4,29.35,259.0,466.0,210.0,215.0,229.4,3.2,31.16,Celina,2022,9,2022-09,-11.061946902654862,103.88349514563106,16.0,21.5962441314554,2.8708133971291794
"Celina, TX",2022-08-01,2022-10-31,184.0,551000.0,37.0,98.45,20.65,224.0,432.0,206.0,202.0,221.05,3.4,24.26,Celina,2022,10,2022-10,-14.018691588785048,83.92857142857142,18.0,27.27272727272727,8.602150537634401
"Celina, TX",2022-09-01,2022-11-30,168.0,575000.0,43.0,97.34,12.5,203.0,411.0,211.0,174.0,222.33,3.8,22.99,Celina,2022,11,2022-11,-16.000000000000004,110.99999999999999,22.0,20.118343195266263,4.819277108433728
"Celina, TX",2022-10-01,2022-12-31,165.0,599000.0,50.0,95.95,6.06,173.0,382.0,201.0,158.0,221.39,3.7,20.25,Celina,2022,12,2022-12,-15.384615384615385,191.30434782608697,28.0,20.138888888888886,0.0
"Celina, TX",2022-11-01,2023-01-31,172.0,603725.0,66.0,95.5,4.65,200.0,403.0,193.0,195.0,219.59,3.4,23.08,Celina,2023,1,2023-01,-7.5268817204301115,196.92307692307693,47.0,44.927536231884055,21.118012422360245
"Celina, TX",2022-12-01,2023-02-28,180.0,610136.0,84.0,95.62,5.0,197.0,400.0,156.0,248.0,214.47,2.6,22.58,Celina,2023,2,2023-02,1.1235955056179803,239.1304347826087,66.0,49.24242424242424,63.1578947368421
"Celina, TX",2023-01-01,2023-03-31,197.0,615000.0,84.0,96.46,9.14,258.0,452.0,174.0,279.0,212.65,2.6,31.54,Celina,2023,3,2023-03,11.931818181818187,141.66666666666666,69.0,30.964467005076134,48.40425531914894
"Celina, TX",2023-02-01,2023-04-30,226.0,609223.0,62.0,97.12,12.83,300.0,485.0,186.0,295.0,213.72,2.4,41.02,Celina,2023,4,2023-04,17.098445595854916,73.83177570093457,49.0,19.047619047619047,46.039603960396036
"Celina, TX",2023-03-01,2023-05-31,277.0,610395.0,37.0,97.49,15.52,368.0,518.0,208.0,291.0,216.27,2.3,49.48,Celina,2023,5,2023-05,26.48401826484019,26.82926829268293,24.0,6.051873198847257,17.813765182186224
"Celina, TX",2023-04-01,2023-06-30,304.0,617166.0,29.0,97.87,17.43,385.0,549.0,234.0,304.0,220.24,2.3,45.07,Celina,2023,6,2023-06,32.751091703056765,9.859154929577475,14.0,1.3157894736842035,27.19665271966527
"Celina, TX",2023-05-01,2023-07-31,305.0,612900.0,34.0,98.0,17.05,344.0,523.0,217.0,273.0,218.44,2.2,38.1,Celina,2023,7,2023-07,38.009049773755656,3.8277511961722466,14.0,-5.753424657534245,13.278008298755184
"Celina, TX",2023-06-01,2023-08-31,279.0,601990.0,37.0,98.26,17.92,310.0,513.0,228.0,255.0,219.13,2.5,36.86,Celina,2023,8,2023-08,28.57142857142858,7.547169811320753,11.0,1.3071895424836555,13.83928571428572
"Celina, TX",2023-07-01,2023-09-30,232.0,586500.0,40.0,98.19,16.38,263.0,495.0,239.0,221.0,220.65,3.2,34.39,Celina,2023,9,2023-09,15.422885572139311,13.809523809523805,5.0,1.5444015444015413,2.7906976744185963
"Celina, TX",2023-08-01,2023-10-31,217.0,620000.0,41.0,98.11,16.13,254.0,467.0,218.0,207.0,225.32,3.1,34.78,Celina,2023,10,2023-10,17.934782608695656,5.825242718446599,4.0,13.392857142857139,2.4752475247524774
"Celina, TX",2023-09-01,2023-11-30,197.0,610000.0,40.0,97.71,12.18,241.0,464.0,229.0,185.0,223.92,3.5,24.32,Celina,2023,11,2023-11,17.261904761904766,8.530805687203792,-3.0,18.7192118226601,6.321839080459779
"Celina, TX",2023-10-01,2023-12-31,242.0,617770.0,53.0,97.41,9.92,212.0,444.0,192.0,194.0,222.25,2.4,20.1,Celina,2023,12,2023-12,46.66666666666666,-4.477611940298509,3.0,22.543352601156073,22.78481012658229
"Celina, TX",2023-11-01,2024-01-31,233.0,590000.0,58.0,97.34,6.44,237.0,446.0,205.0,220.0,217.22,2.7,20.0,Celina,2024,1,2024-01,35.46511627906976,6.217616580310881,-8.0,18.500000000000007,12.82051282051282
"Celina, TX",2023-12-01,2024-02-29,229.0,590400.0,65.0,97.37,9.17,235.0,455.0,197.0,230.0,218.62,2.6,24.78,Celina,2024,2,2024-02,27.222222222222214,26.282051282051277,-19.0,19.289340101522832,-7.258064516129037
"Celina, TX",2024-01-01,2024-03-31,192.0,577603.0,60.0,97.56,13.02,273.0,458.0,219.0,230.0,218.82,3.5,28.7,Celina,2024,3,2024-03,-2.538071065989844,25.86206896551724,-24.0,5.813953488372103,-17.562724014336915
"Celina, TX",2024-02-01,2024-04-30,193.0,618118.0,58.0,97.51,13.99,307.0,505.0,255.0,229.0,225.84,4.0,32.75,Celina,2024,4,2024-04,-14.601769911504425,37.09677419354838,-4.0,2.333333333333343,-22.372881355932208
"Celina, TX",2024-03-01,2024-05-31,203.0,620000.0,34.0,98.01,12.81,331.0,524.0,283.0,239.0,225.45,4.3,32.64,Celina,2024,5,2024-05,-26.714801444043324,36.057692307692314,-3.0,-10.054347826086952,-17.86941580756014
"Celina, TX",2024-04-01,2024-06-30,204.0,633500.0,42.0,97.94,12.75,345.0,556.0,299.0,242.0,225.76,4.4,33.88,Celina,2024,6,2024-06,-32.89473684210527,27.777777777777768,13.0,-10.389610389610393,-20.394736842105267
"Celina, TX",2024-05-01,2024-07-31,207.0,629000.0,45.0,98.01,12.08,325.0,574.0,314.0,231.0,225.69,4.7,29.87,Celina,2024,7,2024-07,-32.131147540983605,44.70046082949308,11.0,-5.523255813953487,-15.384615384615385
"Celina, TX",2024-06-01,2024-08-31,199.0,594900.0,61.0,97.67,9.05,297.0,572.0,317.0,221.0,224.32,4.9,22.62,Celina,2024,8,2024-08,-28.673835125448033,39.03508771929825,24.0,-4.193548387096779,-13.33333333333333
"Celina, TX",2024-07-01,2024-09-30,197.0,580000.0,64.0,97.38,4.06,275.0,564.0,326.0,218.0,221.36,5.1,14.68,Celina,2024,9,2024-09,-15.086206896551724,36.40167364016735,24.0,4.562737642585546,-1.3574660633484115
"Celina, TX",2024-08-01,2024-10-31,201.0,596485.0,75.0,97.24,5.97,243.0,546.0,325.0,200.0,220.72,5.0,11.5,Celina,2024,10,2024-10,-7.3732718894009235,49.082568807339456,34.0,-4.330708661417326,-3.3816425120772986
"Celina, TX",2024-09-01,2024-11-30,203.0,600000.0,72.0,96.81,6.9,244.0,546.0,321.0,195.0,219.61,4.8,12.82,Celina,2024,11,2024-11,3.0456852791878264,40.17467248908297,32.0,1.2448132780082943,5.405405405405395
"Celina, TX",2024-10-01,2024-12-31,212.0,620165.0,85.0,96.44,7.55,230.0,543.0,305.0,184.0,219.29,4.4,14.13,Celina,2024,12,2024-12,-12.396694214876035,58.85416666666667,32.0,8.490566037735858,-5.154639175257736
"Celina, TX",2024-11-01,2025-01-31,202.0,582652.0,81.0,96.31,6.44,245.0,550.0,329.0,166.0,217.32,5.0,10.84,Celina,2025,1,2025-01,-13.30472103004292,60.48780487804879,23.0,3.3755274261603407,-24.545454545454547
"Celina, TX",2024-12-01,2025-02-28,176.0,580000.0,88.0,96.22,5.11,266.0,558.0,344.0,171.0,215.52,5.9,14.04,Celina,2025,2,2025-02,-23.14410480349345,74.61928934010152,23.0,13.191489361702136,-25.652173913043473
"Celina, TX",2025-01-01,2025-03-31,163.0,570000.0,85.0,96.74,4.91,344.0,629.0,405.0,188.0,212.02,7.5,17.55,Celina,2025,3,2025-03,-15.104166666666663,84.93150684931507,25.0,26.007326007326004,-18.260869565217387
"Celina, TX",2025-02-01,2025-04-30,162.0,569000.0,90.0,96.86,6.17,411.0,718.0,481.0,205.0,211.27,8.8,21.46,Celina,2025,4,2025-04,-16.06217616580311,88.62745098039215,32.0,33.87622149837133,-10.480349344978169
"Celina, TX",2025-03-01,2025-05-31,195.0,559000.0,74.0,96.94,6.67,448.0,777.0,523.0,200.0,211.71,8.2,19.0,Celina,2025,5,2025-05,-3.9408866995073843,84.80565371024736,40.0,35.34743202416919,-16.317991631799167
"Celina, TX",2025-04-01,2025-06-30,187.0,551765.0,74.0,96.91,6.95,425.0,810.0,528.0,206.0,210.22,8.6,15.53,Celina,2025,6,2025-06,-8.333333333333337,76.5886287625418,32.0,23.188405797101442,-14.876033057851235
"Celina, TX",2025-05-01,2025-07-31,209.0,539000.0,73.0,96.64,4.78,379.0,848.0,540.0,206.0,205.59,7.9,10.68,Celina,2025,7,2025-07,0.9661835748792313,71.97452229299364,28.0,16.61538461538461,-10.822510822510822
"Celina, TX",2025-06-01,2025-08-31,197.0,550000.0,82.0,96.59,4.06,333.0,841.0,516.0,208.0,202.9,8.0,11.54,Celina,2025,8,2025-08,-1.005025125628145,62.77602523659307,21.0,12.12121212121211,-5.882352941176472
"Celina, TX",2025-07-01,2025-09-30,191.0,550000.0,93.0,96.35,3.14,313.0,810.0,522.0,197.0,196.57,8.4,10.66,Celina,2025,9,2025-09,-3.0456852791878153,60.12269938650307,29.0,13.818181818181818,-9.633027522935777
"Celina, TX",2025-08-01,2025-10-31,174.0,537500.0,113.0,96.38,2.3,296.0,803.0,522.0,211.0,195.25,9.2,11.85,Celina,2025,10,2025-10,-13.432835820895528,60.615384615384606,38.0,21.810699588477366,5.499999999999994
"Celina, TX",2025-09-01,2025-11-30,172.0,479770.0,126.0,96.44,1.16,256.0,746.0,458.0,219.0,189.5,8.1,8.68,Celina,2025,11,2025-11,-15.270935960591137,42.67912772585669,54.0,4.918032786885251,12.307692307692308
"Celina, TX",2025-10-01,2025-12-31,200.0,464990.0,137.0,96.37,1.0,243.0,740.0,426.0,218.0,188.49,6.5,8.72,Celina,2025,12,2025-12,-5.660377358490565,39.67213114754098,52.0,5.652173913043468,18.47826086956521
"Celina, TX",2025-11-01,2026-01-31,200.0,468250.0,132.0,96.01,1.0,240.0,721.0,420.0,210.0,182.21,6.4,7.62,Celina,2026,1,2026-01,-0.990099009900991,27.65957446808511,51.0,-2.0408163265306145,26.506024096385538
"Celina, TX",2025-12-01,2026-02-28,189.0,485000.0,133.0,95.86,2.12,340.0,753.0,458.0,237.0,176.85,7.3,8.86,Celina,2026,2,2026-02,7.3863636363636465,33.13953488372092,45.0,27.819548872180455,38.596491228070185
"Celina, TX",2026-01-01,2026-03-31,187.0,495000.0,120.0,95.92,2.67,434.0,821.0,533.0,261.0,184.03,8.6,9.58,Celina,2026,3,2026-03,14.723926380368102,31.604938271604933,35.0,26.16279069767442,38.829787234042556
"Celina, TX",2026-02-01,2026-04-30,221.0,488942.0,122.0,96.41,3.62,497.0,887.0,544.0,330.0,186.05,7.3,11.21,Celina,2026,4,2026-04,36.41975308641976,13.097713097713104,32.0,20.92457420924574,60.97560975609757
"Celina, TX",2026-03-01,2026-05-31,271.0,490000.0,97.0,96.43,3.32,539.0,973.0,601.0,329.0,187.14,6.8,12.16,Celina,2026,5,2026-05,38.97435897435897,14.91395793499044,23.0,20.3125,64.5
"Celina, TX",2026-04-01,2026-06-30,299.0,490000.0,84.0,96.67,4.01,496.0,998.0,613.0,320.0,186.67,6.2,13.75,Celina,2026,6,2026-06,59.893048128342244,16.09848484848484,10.0,16.70588235294117,55.33980582524271
"Celina, TX",2026-05-01,2026-07-31,281.0,509745.0,83.0,96.5,3.64,468.0,988.0,626.0,297.0,185.79,6.8,11.41,Celina,2026,7,2026-07,34.44976076555024,15.92592592592592,10.0,23.482849604221645,44.1747572815534
"Frisco, TX",2018-01-01,2018-03-31,636.0,397750.0,57.0,97.61,15.25,1108.0,1811.0,1010.0,795.0,144.84,4.8,37.36,Frisco,2018,3,2018-03,,,,,
"Frisco, TX",2018-02-01,2018-04-30,732.0,400000.0,41.0,97.86,15.44,1279.0,2037.0,1137.0,925.0,144.87,4.6,39.57,Frisco,2018,4,2018-04,,,,,
"Frisco, TX",2018-03-01,2018-05-31,873.0,418000.0,38.0,97.98,16.72,1439.0,2276.0,1219.0,1049.0,144.74,4.3,39.66,Frisco,2018,5,2018-05,,,,,
"Frisco, TX",2018-04-01,2018-06-30,936.0,430000.0,38.0,98.08,14.42,1510.0,2480.0,1372.0,1085.0,144.69,4.4,35.94,Frisco,2018,6,2018-06,,,,,
"Frisco, TX",2018-05-01,2018-07-31,996.0,432500.0,42.0,97.93,12.35,1365.0,2460.0,1304.0,1062.0,145.31,4.0,30.98,Frisco,2018,7,2018-07,,,,,
"Frisco, TX",2018-06-01,2018-08-31,992.0,435000.0,48.0,97.74,9.38,1214.0,2377.0,1231.0,977.0,144.43,3.8,25.69,Frisco,2018,8,2018-08,,,,,
"Frisco, TX",2018-07-01,2018-09-30,877.0,435000.0,54.0,97.47,6.61,948.0,2256.0,1167.0,840.0,143.77,4.1,20.36,Frisco,2018,9,2018-09,,,,,
"Frisco, TX",2018-08-01,2018-10-31,758.0,428000.0,62.0,97.3,5.8,865.0,2102.0,1113.0,742.0,143.77,4.5,18.06,Frisco,2018,10,2018-10,,,,,
"Frisco, TX",2018-09-01,2018-11-30,652.0,416000.0,68.0,97.09,5.37,740.0,1917.0,1003.0,697.0,145.34,4.7,17.5,Frisco,2018,11,2018-11,,,,,
"Frisco, TX",2018-10-01,2018-12-31,666.0,416324.0,77.0,97.1,6.16,647.0,1769.0,876.0,634.0,146.37,4.0,17.35,Frisco,2018,12,2018-12,,,,,
"Frisco, TX",2018-11-01,2019-01-31,573.0,408500.0,82.0,97.02,5.76,663.0,1702.0,912.0,602.0,145.48,4.9,15.78,Frisco,2019,1,2019-01,,,,,
"Frisco, TX",2018-12-01,2019-02-28,501.0,420000.0,86.0,96.75,3.99,794.0,1696.0,968.0,638.0,145.01,5.8,16.93,Frisco,2019,2,2019-02,,,,,
"Frisco, TX",2019-01-01,2019-03-31,526.0,417250.0,79.0,96.78,3.42,1126.0,1918.0,1121.0,828.0,142.94,6.4,27.05,Frisco,2019,3,2019-03,-17.295597484276726,10.990099009901,22.0,1.6245487364620947,4.150943396226414
"Frisco, TX",2019-02-01,2019-04-30,704.0,424000.0,64.0,97.23,7.95,1274.0,2115.0,1166.0,983.0,143.44,4.9,31.94,Frisco,2019,4,2019-04,-3.825136612021862,2.5505716798592815,23.0,-0.3909304143862369,6.270270270270273
"Frisco, TX",2019-03-01,2019-05-31,904.0,425000.0,53.0,97.56,8.96,1388.0,2290.0,1218.0,1085.0,144.67,4.1,33.73,Frisco,2019,5,2019-05,3.550973654066447,-0.08203445447088065,15.0,-3.5441278665740095,3.4318398474737943
"Frisco, TX",2019-04-01,2019-06-30,994.0,436816.0,47.0,97.58,9.96,1305.0,2363.0,1260.0,1078.0,146.15,3.8,28.85,Frisco,2019,6,2019-06,6.196581196581197,-8.163265306122447,9.0,-13.576158940397354,-0.6451612903225823
"Frisco, TX",2019-05-01,2019-07-31,1042.0,434000.0,49.0,97.53,7.77,1256.0,2371.0,1200.0,1102.0,145.81,3.5,25.95,Frisco,2019,7,2019-07,4.61847389558232,-7.975460122699385,7.0,-7.985347985347991,3.766478342749524
"Frisco, TX",2019-06-01,2019-08-31,1040.0,430500.0,55.0,97.47,7.02,1115.0,2277.0,1102.0,1029.0,146.12,3.2,24.0,Frisco,2019,8,2019-08,4.8387096774193505,-10.479285134037363,7.0,-8.154859967051076,5.322415557830085
"Frisco, TX",2019-07-01,2019-09-30,959.0,420000.0,62.0,97.5,6.26,984.0,2176.0,1045.0,955.0,146.85,3.3,23.46,Frisco,2019,9,2019-09,9.350057012542766,-10.454155955441301,8.0,3.797468354430378,13.690476190476186
"Frisco, TX",2019-08-01,2019-10-31,833.0,420000.0,65.0,97.43,6.84,832.0,1968.0,958.0,827.0,147.63,3.5,22.01,Frisco,2019,10,2019-10,9.894459102902363,-13.926325247079962,3.0,-3.8150289017341077,11.455525606469008
"Frisco, TX",2019-09-01,2019-11-30,699.0,414900.0,68.0,97.38,6.29,742.0,1792.0,855.0,786.0,146.78,3.7,19.97,Frisco,2019,11,2019-11,7.208588957055206,-14.755732801595212,0.0,0.2702702702702675,12.769010043041607
"Frisco, TX",2019-10-01,2019-12-31,735.0,424990.0,76.0,97.11,5.85,631.0,1630.0,695.0,756.0,145.55,2.9,18.78,Frisco,2019,12,2019-12,10.360360360360366,-20.662100456621,-1.0,-2.472952086553326,19.242902208201883
"Frisco, TX",2019-11-01,2020-01-31,688.0,415000.0,79.0,96.99,4.51,695.0,1599.0,714.0,746.0,144.47,3.2,22.52,Frisco,2020,1,2020-01,20.06980802792322,-21.71052631578947,-3.0,4.826546003016596,23.920265780730897
"Frisco, TX",2019-12-01,2020-02-29,674.0,424995.0,80.0,97.05,5.04,771.0,1551.0,707.0,809.0,146.04,3.2,29.05,Frisco,2020,2,2020-02,34.5309381237525,-26.96280991735537,-6.0,-2.896725440806047,26.802507836990586
"Frisco, TX",2020-01-01,2020-03-31,687.0,422000.0,68.0,97.39,7.57,987.0,1619.0,725.0,863.0,147.49,3.2,37.08,Frisco,2020,3,2020-03,30.60836501901141,-35.32560214094559,-11.0,-12.344582593250442,4.227053140096615
"Frisco, TX",2020-02-01,2020-04-30,706.0,429000.0,52.0,97.61,10.76,1010.0,1678.0,826.0,801.0,150.48,3.5,39.58,Frisco,2020,4,2020-04,0.28409090909091717,-29.15951972555746,-12.0,-20.722135007849296,-18.5147507629705
"Frisco, TX",2020-03-01,2020-05-31,734.0,435000.0,44.0,97.47,10.76,1098.0,1742.0,824.0,910.0,151.72,3.4,40.22,Frisco,2020,5,2020-05,-18.805309734513276,-32.34811165845649,-9.0,-20.893371757925074,-16.129032258064512
"Frisco, TX",2020-04-01,2020-06-30,798.0,441000.0,41.0,97.52,11.65,1133.0,1819.0,802.0,1087.0,153.45,3.0,39.74,Frisco,2020,6,2020-06,-19.718309859154925,-36.349206349206355,-6.0,-13.180076628352488,0.8348794063079756
"Frisco, TX",2020-05-01,2020-07-31,1023.0,450400.0,41.0,97.69,12.61,1187.0,1981.0,743.0,1276.0,151.04,2.2,42.16,Frisco,2020,7,2020-07,-1.8234165067178454,-38.083333333333336,-8.0,-5.493630573248409,15.789473684210531
"Frisco, TX",2020-06-01,2020-08-31,1171.0,447375.0,37.0,98.14,16.57,1094.0,1889.0,621.0,1228.0,151.91,1.6,42.59,Frisco,2020,8,2020-08,12.596153846153847,-43.647912885662436,-18.0,-1.8834080717488821,19.33916423712343
"Frisco, TX",2020-07-01,2020-09-30,1147.0,447000.0,36.0,98.38,18.05,977.0,1749.0,556.0,1153.0,151.28,1.5,44.58,Frisco,2020,9,2020-09,19.603753910323253,-46.79425837320574,-26.0,-0.7113821138211351,20.732984293193724
"Frisco, TX",2020-08-01,2020-10-31,1076.0,440000.0,35.0,98.6,20.91,852.0,1560.0,449.0,1050.0,153.95,1.3,46.48,Frisco,2020,10,2020-10,29.17166866746699,-53.13152400835073,-30.0,2.4038461538461453,26.96493349455864
"Frisco, TX",2020-09-01,2020-11-30,985.0,445000.0,35.0,98.65,22.13,727.0,1326.0,337.0,943.0,156.13,1.0,49.84,Frisco,2020,11,2020-11,40.915593705293276,-60.58479532163743,-33.0,-2.0215633423180557,19.974554707379145
"Frisco, TX",2020-10-01,2020-12-31,921.0,455000.0,33.0,98.93,26.49,583.0,1120.0,234.0,760.0,159.85,0.8,48.82,Frisco,2020,12,2020-12,25.306122448979586,-66.33093525179856,-43.0,-7.606973058637079,0.5291005291005346
"Frisco, TX",2020-11-01,2021-01-31,720.0,460000.0,33.0,99.22,29.86,534.0,965.0,243.0,661.0,161.91,1.0,54.61,Frisco,2021,1,2021-01,4.651162790697683,-65.96638655462185,-46.0,-23.165467625899282,-11.394101876675599
"Frisco, TX",2020-12-01,2021-02-28,615.0,481000.0,29.0,100.19,39.84,560.0,879.0,216.0,618.0,165.97,1.1,62.46,Frisco,2021,2,2021-02,-8.753709198813054,-69.44837340876944,-51.0,-27.367055771725035,-23.609394313967858
"Frisco, TX",2021-01-01,2021-03-31,595.0,503000.0,22.0,101.81,54.12,771.0,990.0,280.0,741.0,170.95,1.4,74.9,Frisco,2021,3,2021-03,-13.391557496360996,-61.37931034482759,-46.0,-21.884498480243163,-14.13673232908459
"Frisco, TX",2021-02-01,2021-04-30,709.0,532900.0,18.0,103.47,65.02,958.0,1195.0,317.0,866.0,177.74,1.3,80.14,Frisco,2021,4,2021-04,0.4249291784702569,-61.62227602905569,-34.0,-5.148514851485153,8.114856429463169
"Frisco, TX",2021-03-01,2021-05-31,890.0,544400.0,16.0,105.04,71.91,1150.0,1362.0,354.0,1008.0,182.54,1.2,82.34,Frisco,2021,5,2021-05,21.253405994550413,-57.038834951456316,-28.0,4.735883424408005,10.769230769230775
"Frisco, TX",2021-04-01,2021-06-30,1007.0,561750.0,16.0,106.25,76.27,1205.0,1476.0,359.0,1091.0,188.51,1.1,80.48,Frisco,2021,6,2021-06,26.190476190476186,-55.23690773067331,-25.0,6.354810238305375,0.36798528058876734
"Frisco, TX",2021-05-01,2021-07-31,1089.0,564000.0,16.0,106.77,77.87,1212.0,1522.0,427.0,1069.0,191.29,1.2,77.55,Frisco,2021,7,2021-07,6.451612903225801,-42.530282637954244,-25.0,2.1061499578769904,-16.22257053291536
"Frisco, TX",2021-06-01,2021-08-31,1052.0,570000.0,16.0,105.98,74.81,1156.0,1501.0,408.0,1060.0,194.33,1.2,72.92,Frisco,2021,8,2021-08,-10.162254483347565,-34.29951690821256,-21.0,5.667276051188308,-13.68078175895765
"Frisco, TX",2021-07-01,2021-09-30,966.0,565000.0,17.0,104.81,70.39,991.0,1341.0,338.0,975.0,195.28,1.1,65.95,Frisco,2021,9,2021-09,-15.780296425457719,-39.20863309352518,-19.0,1.4329580348004134,-15.437987857762359
"Frisco, TX",2021-08-01,2021-10-31,897.0,562750.0,19.0,103.27,62.54,796.0,1215.0,267.0,856.0,196.56,0.9,66.12,Frisco,2021,10,2021-10,-16.635687732342006,-40.53452115812918,-16.0,-6.572769953051639,-18.476190476190478
"Frisco, TX",2021-09-01,2021-11-30,778.0,573275.0,19.0,103.37,62.21,617.0,1021.0,231.0,731.0,200.31,0.9,63.06,Frisco,2021,11,2021-11,-21.015228426395936,-31.454005934718097,-16.0,-15.130674002751032,-22.48144220572641
"Frisco, TX",2021-10-01,2021-12-31,706.0,600000.0,20.0,103.39,62.04,484.0,821.0,155.0,606.0,206.84,0.7,62.38,Frisco,2021,12,2021-12,-23.34419109663409,-33.76068376068376,-13.0,-16.981132075471695,-20.26315789473684
"Frisco, TX",2021-11-01,2022-01-31,568.0,638000.0,20.0,104.11,65.14,411.0,674.0,149.0,503.0,215.79,0.8,64.81,Frisco,2022,1,2022-01,-21.111111111111114,-38.68312757201646,-13.0,-23.03370786516854,-23.903177004538577
"Frisco, TX",2021-12-01,2022-02-28,501.0,654000.0,19.0,104.99,66.87,444.0,668.0,169.0,466.0,225.54,1.0,72.96,Frisco,2022,2,2022-02,-18.536585365853664,-21.759259259259256,-10.0,-20.71428571428572,-24.595469255663428
"Frisco, TX",2022-01-01,2022-03-31,514.0,687000.0,14.0,107.94,72.18,677.0,821.0,246.0,587.0,235.96,1.4,84.33,Frisco,2022,3,2022-03,-13.613445378151257,-12.142857142857144,-8.0,-12.191958495460442,-20.782726045883937
"Frisco, TX",2022-02-01,2022-04-30,632.0,728400.0,13.0,109.28,78.16,891.0,1033.0,304.0,733.0,245.93,1.4,86.08,Frisco,2022,4,2022-04,-10.860366713681247,-4.100946372239744,-5.0,-6.993736951983298,-15.35796766743649
"Frisco, TX",2022-03-01,2022-05-31,770.0,750000.0,13.0,109.58,78.96,1108.0,1260.0,420.0,839.0,251.21,1.7,84.74,Frisco,2022,5,2022-05,-13.48314606741573,18.644067796610166,-3.0,-3.652173913043477,-16.765873015873012
"Frisco, TX",2022-04-01,2022-06-30,798.0,749750.0,14.0,107.98,76.32,1237.0,1473.0,594.0,827.0,257.8,2.3,78.23,Frisco,2022,6,2022-06,-20.75471698113207,65.45961002785516,-2.0,2.655601659751028,-24.197983501374885
"Frisco, TX",2022-05-01,2022-07-31,777.0,725000.0,16.0,105.66,65.89,1246.0,1533.0,664.0,779.0,254.49,2.6,65.85,Frisco,2022,7,2022-07,-28.650137741046834,55.503512880562056,0.0,2.8052805280528004,-27.128157156220766
"Frisco, TX",2022-06-01,2022-08-31,721.0,700000.0,20.0,102.4,49.65,1075.0,1481.0,636.0,731.0,249.61,2.7,48.84,Frisco,2022,8,2022-08,-31.4638783269962,55.88235294117647,4.0,-7.006920415224915,-31.037735849056602
"Frisco, TX",2022-07-01,2022-09-30,654.0,663250.0,26.0,100.17,33.79,816.0,1389.0,572.0,674.0,241.0,2.7,35.76,Frisco,2022,9,2022-09,-32.298136645962735,69.23076923076923,9.0,-17.65893037336024,-30.871794871794865
"Frisco, TX",2022-08-01,2022-10-31,592.0,650000.0,34.0,98.82,20.95,657.0,1300.0,567.0,609.0,235.77,2.9,31.03,Frisco,2022,10,2022-10,-34.00222965440357,112.35955056179776,15.0,-17.462311557788944,-28.855140186915882
"Frisco, TX",2022-09-01,2022-11-30,518.0,650000.0,44.0,97.9,14.29,600.0,1213.0,523.0,527.0,235.21,3.1,30.55,Frisco,2022,11,2022-11,-33.419023136246786,126.40692640692639,25.0,-2.7552674230145846,-27.906976744186053
"Frisco, TX",2022-10-01,2022-12-31,507.0,680000.0,47.0,97.46,10.45,506.0,1064.0,406.0,472.0,231.46,2.5,29.24,Frisco,2022,12,2022-12,-28.186968838526916,161.93548387096772,27.0,4.545454545454541,-22.112211221122113
"Frisco, TX",2022-11-01,2023-01-31,472.0,700000.0,54.0,97.25,9.96,468.0,1010.0,321.0,555.0,236.01,2.1,29.91,Frisco,2023,1,2023-01,-16.901408450704224,115.43624161073826,34.0,13.868613138686126,10.33797216699801
"Frisco, TX",2022-12-01,2023-02-28,505.0,700000.0,54.0,97.54,11.29,468.0,968.0,292.0,585.0,235.27,1.7,36.07,Frisco,2023,2,2023-02,0.7984031936127733,72.78106508875739,35.0,5.405405405405395,25.536480686695274
"Frisco, TX",2023-01-01,2023-03-31,538.0,700000.0,48.0,98.28,18.03,590.0,975.0,304.0,647.0,238.12,1.7,46.83,Frisco,2023,3,2023-03,4.669260700389111,23.57723577235773,34.0,-12.850812407680944,10.221465076660996
"Frisco, TX",2023-02-01,2023-04-30,587.0,690000.0,30.0,99.03,26.75,675.0,981.0,320.0,638.0,240.3,1.6,57.99,Frisco,2023,4,2023-04,-7.120253164556967,5.263157894736836,17.0,-24.242424242424242,-12.960436562073674
"Frisco, TX",2023-03-01,2023-05-31,652.0,685000.0,22.0,99.86,36.2,806.0,1084.0,384.0,689.0,245.46,1.8,64.01,Frisco,2023,5,2023-05,-15.32467532467533,-8.571428571428575,9.0,-27.256317689530686,-17.878426698450532
"Frisco, TX",2023-04-01,2023-06-30,687.0,680000.0,20.0,100.19,38.28,890.0,1176.0,447.0,707.0,249.27,2.0,60.82,Frisco,2023,6,2023-06,-13.909774436090228,-24.74747474747475,6.0,-28.051738075990297,-14.510278113663844
"Frisco, TX",2023-05-01,2023-07-31,697.0,685000.0,21.0,99.99,35.15,908.0,1219.0,500.0,669.0,247.29,2.2,55.61,Frisco,2023,7,2023-07,-10.296010296010294,-24.69879518072289,5.0,-27.12680577849117,-14.120667522464704
"Frisco, TX",2023-06-01,2023-08-31,645.0,699000.0,25.0,99.31,26.82,854.0,1227.0,511.0,654.0,244.78,2.4,44.8,Frisco,2023,8,2023-08,-10.540915395284323,-19.654088050314467,5.0,-20.558139534883722,-10.533515731874143
"Frisco, TX",2023-07-01,2023-09-30,584.0,710000.0,29.0,98.71,21.06,705.0,1145.0,456.0,597.0,244.95,2.4,39.36,Frisco,2023,9,2023-09,-10.703363914373087,-20.27972027972028,3.0,-13.602941176470583,-11.42433234421365
"Frisco, TX",2023-08-01,2023-10-31,559.0,690000.0,33.0,98.3,16.99,599.0,1086.0,429.0,541.0,248.58,2.4,34.38,Frisco,2023,10,2023-10,-5.57432432432432,-24.33862433862434,-1.0,-8.82800608828006,-11.165845648604266
"Frisco, TX",2023-09-01,2023-11-30,487.0,670000.0,37.0,98.07,15.4,525.0,1019.0,450.0,439.0,245.52,2.8,33.26,Frisco,2023,11,2023-11,-5.984555984555984,-13.95793499043977,-7.0,-12.5,-16.698292220113853
"Frisco, TX",2023-10-01,2023-12-31,450.0,670000.0,46.0,97.71,12.44,447.0,895.0,331.0,406.0,242.89,2.3,27.83,Frisco,2023,12,2023-12,-11.24260355029586,-18.472906403940893,-1.0,-11.660079051383399,-13.983050847457623
"Frisco, TX",2023-11-01,2024-01-31,398.0,672500.0,49.0,97.56,11.31,483.0,891.0,374.0,430.0,235.75,2.9,29.07,Frisco,2024,1,2024-01,-15.677966101694917,16.510903426791266,-5.0,3.205128205128216,-22.522522522522525
"Frisco, TX",2023-12-01,2024-02-29,409.0,680000.0,51.0,97.93,15.16,529.0,948.0,412.0,507.0,238.73,3.1,35.11,Frisco,2024,2,2024-02,-19.009900990099005,41.095890410958916,-3.0,13.034188034188032,-13.33333333333333
"Frisco, TX",2024-01-01,2024-03-31,447.0,655000.0,41.0,98.47,21.25,746.0,1051.0,493.0,572.0,243.67,3.3,47.38,Frisco,2024,3,2024-03,-16.914498141263945,62.17105263157894,-7.0,26.4406779661017,-11.5919629057187
"Frisco, TX",2024-02-01,2024-04-30,537.0,686000.0,30.0,99.19,29.05,911.0,1268.0,571.0,705.0,249.01,3.2,54.18,Frisco,2024,4,2024-04,-8.517887563884152,78.4375,0.0,34.962962962962976,10.501567398119116
"Frisco, TX",2024-03-01,2024-05-31,639.0,691500.0,28.0,99.23,28.95,1056.0,1448.0,673.0,744.0,252.18,3.2,53.09,Frisco,2024,5,2024-05,-1.9938650306748462,75.26041666666667,6.0,31.01736972704714,7.982583454281578
"Frisco, TX",2024-04-01,2024-06-30,666.0,702500.0,27.0,99.21,26.88,1100.0,1571.0,771.0,736.0,252.21,3.5,50.27,Frisco,2024,6,2024-06,-3.056768558951961,72.48322147651007,7.0,23.59550561797752,4.101838755304099
"Frisco, TX",2024-05-01,2024-07-31,690.0,702500.0,30.0,98.6,19.86,1026.0,1575.0,784.0,666.0,252.89,3.5,39.64,Frisco,2024,7,2024-07,-1.0043041606886627,56.800000000000004,9.0,12.995594713656388,-0.4484304932735439
"Frisco, TX",2024-06-01,2024-08-31,658.0,706000.0,35.0,98.19,14.59,915.0,1566.0,770.0,625.0,252.48,3.6,35.04,Frisco,2024,8,2024-08,2.0155038759689825,50.68493150684932,10.0,7.14285714285714,-4.434250764525993
"Frisco, TX",2024-07-01,2024-09-30,599.0,690000.0,43.0,97.89,11.19,778.0,1520.0,732.0,601.0,252.47,3.7,28.45,Frisco,2024,9,2024-09,2.568493150684925,60.52631578947369,14.0,10.354609929078018,0.670016750418756
"Frisco, TX",2024-08-01,2024-10-31,562.0,677500.0,51.0,97.95,9.61,729.0,1468.0,710.0,592.0,250.0,3.9,27.03,Frisco,2024,10,2024-10,0.5366726296958779,65.50116550116549,18.0,21.702838063439067,9.42698706099816
"Frisco, TX",2024-09-01,2024-11-30,517.0,685000.0,53.0,97.86,8.7,651.0,1392.0,697.0,545.0,250.24,4.1,27.16,Frisco,2024,11,2024-11,6.160164271047219,54.8888888888889,16.0,24.0,24.145785876993166
"Frisco, TX",2024-10-01,2024-12-31,555.0,690340.0,51.0,97.72,8.83,572.0,1286.0,590.0,517.0,253.62,3.3,25.15,Frisco,2024,12,2024-12,23.33333333333334,78.24773413897282,5.0,27.96420581655481,27.33990147783252
"Frisco, TX",2024-11-01,2025-01-31,494.0,699995.0,58.0,97.41,8.7,532.0,1204.0,633.0,481.0,254.15,3.9,21.83,Frisco,2025,1,2025-01,24.12060301507537,69.25133689839573,9.0,10.144927536231885,11.860465116279073
"Frisco, TX",2024-12-01,2025-02-28,461.0,675000.0,67.0,97.5,9.76,595.0,1237.0,665.0,504.0,247.7,4.3,22.02,Frisco,2025,2,2025-02,12.71393643031784,61.407766990291265,16.0,12.476370510396983,-0.591715976331364
"Frisco, TX",2025-01-01,2025-03-31,464.0,675000.0,66.0,97.73,12.07,836.0,1386.0,798.0,566.0,246.01,5.2,31.1,Frisco,2025,3,2025-03,3.803131991051445,61.86612576064909,25.0,12.064343163538883,-1.0489510489510523
"Frisco, TX",2025-02-01,2025-04-30,523.0,694100.0,49.0,98.01,12.62,1023.0,1617.0,941.0,646.0,247.0,5.3,36.22,Frisco,2025,4,2025-04,-2.607076350093107,64.79859894921192,19.0,12.294182217343575,-8.368794326241137
"Frisco, TX",2025-03-01,2025-05-31,611.0,698000.0,40.0,98.01,14.08,1203.0,1825.0,1083.0,702.0,248.04,5.4,35.47,Frisco,2025,5,2025-05,-4.381846635367759,60.92124814264488,12.0,13.920454545454541,-5.645161290322576
"Frisco, TX",2025-04-01,2025-06-30,650.0,689000.0,42.0,97.73,11.54,1163.0,1914.0,1090.0,724.0,245.47,5.1,29.83,Frisco,2025,6,2025-06,-2.4024024024024038,41.37483787289236,15.0,5.727272727272736,-1.6304347826086918
"Frisco, TX",2025-05-01,2025-07-31,685.0,690000.0,48.0,97.42,10.66,1120.0,2022.0,1106.0,719.0,240.48,5.0,25.03,Frisco,2025,7,2025-07,-0.7246376811594235,41.071428571428584,18.0,9.161793372319682,7.957957957957951
"Frisco, TX",2025-06-01,2025-08-31,661.0,697000.0,56.0,97.14,7.41,914.0,1950.0,1025.0,668.0,237.14,4.8,20.81,Frisco,2025,8,2025-08,0.45592705167172287,33.11688311688312,21.0,-0.10928961748634114,6.879999999999997
"Frisco, TX",2025-07-01,2025-09-30,611.0,687000.0,60.0,96.75,6.06,815.0,1847.0,959.0,603.0,236.25,4.8,19.07,Frisco,2025,9,2025-09,2.003338898163598,31.01092896174864,17.0,4.755784061696655,0.33277870216306127
"Frisco, TX",2025-08-01,2025-10-31,568.0,677500.0,74.0,96.6,4.75,715.0,1751.0,918.0,593.0,239.95,5.0,17.03,Frisco,2025,10,2025-10,1.067615658362997,29.295774647887328,23.0,-1.9204389574759895,0.16891891891892552
"Frisco, TX",2025-09-01,2025-11-30,510.0,675000.0,78.0,96.47,5.1,649.0,1613.0,811.0,531.0,238.9,4.8,17.14,Frisco,2025,11,2025-11,-1.3539651837524147,16.355810616929702,25.0,-0.3072196620583667,-2.5688073394495414
"Frisco, TX",2025-10-01,2025-12-31,503.0,680000.0,79.0,96.5,6.56,551.0,1475.0,637.0,495.0,238.1,3.9,18.59,Frisco,2025,12,2025-12,-9.369369369369373,7.966101694915251,28.0,-3.6713286713286664,-4.255319148936165
"Frisco, TX",2025-11-01,2026-01-31,435.0,650000.0,76.0,96.46,7.59,493.0,1347.0,630.0,430.0,231.6,4.4,18.84,Frisco,2026,1,2026-01,-11.943319838056677,-0.4739336492891044,18.0,-7.330827067669176,-10.602910602910598
"Frisco, TX",2025-12-01,2026-02-28,422.0,640000.0,76.0,96.49,7.11,653.0,1370.0,743.0,480.0,232.51,5.3,25.0,Frisco,2026,2,2026-02,-8.459869848156188,11.72932330827068,9.0,9.747899159663875,-4.761904761904767
"Frisco, TX",2026-01-01,2026-03-31,419.0,652500.0,65.0,96.83,7.64,928.0,1509.0,881.0,588.0,232.83,6.3,31.63,Frisco,2026,3,2026-03,-9.69827586206896,10.401002506265655,-1.0,11.004784688995217,3.886925795053009
"Frisco, TX",2026-02-01,2026-04-30,509.0,660000.0,47.0,97.15,10.81,1218.0,1802.0,1038.0,728.0,233.53,6.0,34.62,Frisco,2026,4,2026-04,-2.6768642447418722,10.308182784272057,-2.0,19.061583577712614,12.693498452012374
"Frisco, TX",2026-03-01,2026-05-31,638.0,686250.0,42.0,97.41,12.07,1301.0,1986.0,1107.0,784.0,232.2,5.3,34.31,Frisco,2026,5,2026-05,4.418985270049092,2.216066481994461,2.0,8.14630091438071,11.680911680911677
"Frisco, TX",2026-04-01,2026-06-30,715.0,676500.0,42.0,97.5,12.45,1265.0,2097.0,1116.0,767.0,229.99,4.7,29.6,Frisco,2026,6,2026-06,10.000000000000009,2.3853211009174258,0.0,8.77042132416166,5.939226519337026
"Frisco, TX",2026-05-01,2026-07-31,730.0,674662.0,50.0,97.29,8.14,1118.0,2102.0,1158.0,706.0,230.03,4.9,23.29,Frisco,2026,7,2026-07,6.569343065693434,4.7016274864376095,2.0,-0.17857142857142794,-1.8080667593880384
"McKinney, TX",2018-01-01,2018-03-31,843.0,315000.0,49.0,98.17,16.25,1099.0,1859.0,851.0,1046.0,132.89,3.0,41.01,McKinney,2018,3,2018-03,,,,,
"McKinney, TX",2018-02-01,2018-04-30,955.0,319750.0,41.0,98.19,17.59,1288.0,2026.0,916.0,1142.0,134.43,2.8,45.88,McKinney,2018,4,2018-04,,,,,
"McKinney, TX",2018-03-01,2018-05-31,1124.0,325500.0,34.0,98.48,20.91,1478.0,2236.0,1050.0,1227.0,136.85,2.9,45.56,McKinney,2018,5,2018-05,,,,,
"McKinney, TX",2018-04-01,2018-06-30,1123.0,333500.0,34.0,98.55,20.93,1568.0,2365.0,1153.0,1215.0,137.16,3.1,44.2,McKinney,2018,6,2018-06,,,,,
"McKinney, TX",2018-05-01,2018-07-31,1142.0,335000.0,35.0,98.68,21.1,1527.0,2394.0,1208.0,1135.0,137.49,3.2,38.41,McKinney,2018,7,2018-07,,,,,
"McKinney, TX",2018-06-01,2018-08-31,1041.0,329900.0,40.0,98.59,17.2,1359.0,2353.0,1166.0,1052.0,136.33,3.4,32.7,McKinney,2018,8,2018-08,,,,,
"McKinney, TX",2018-07-01,2018-09-30,946.0,324995.0,43.0,98.52,13.95,1172.0,2267.0,1171.0,951.0,135.78,3.8,27.87,McKinney,2018,9,2018-09,,,,,
"McKinney, TX",2018-08-01,2018-10-31,868.0,312500.0,52.0,98.28,9.79,1015.0,2168.0,1083.0,899.0,135.67,3.8,25.36,McKinney,2018,10,2018-10,,,,,
"McKinney, TX",2018-09-01,2018-11-30,789.0,310000.0,55.0,98.14,8.11,904.0,2029.0,976.0,849.0,135.81,3.8,23.2,McKinney,2018,11,2018-11,,,,,
"McKinney, TX",2018-10-01,2018-12-31,802.0,315750.0,64.0,97.72,5.99,756.0,1877.0,873.0,771.0,135.77,3.3,20.88,McKinney,2018,12,2018-12,,,,,
"McKinney, TX",2018-11-01,2019-01-31,688.0,319990.0,71.0,97.48,5.23,761.0,1774.0,896.0,738.0,133.75,4.0,21.68,McKinney,2019,1,2019-01,,,,,
"McKinney, TX",2018-12-01,2019-02-28,657.0,318000.0,73.0,97.35,6.24,857.0,1754.0,960.0,783.0,134.02,4.4,25.16,McKinney,2019,2,2019-02,,,,,
"McKinney, TX",2019-01-01,2019-03-31,685.0,316000.0,73.0,97.6,8.61,1084.0,1896.0,1016.0,912.0,134.17,4.4,29.71,McKinney,2019,3,2019-03,-18.742586002372473,19.38895417156288,24.0,-1.3648771610555,-12.810707456978964
"McKinney, TX",2019-02-01,2019-04-30,834.0,315000.0,54.0,97.96,11.99,1213.0,2060.0,1044.0,1040.0,135.93,3.7,34.9,McKinney,2019,4,2019-04,-12.670157068062826,13.973799126637566,13.0,-5.822981366459623,-8.931698774080566
"McKinney, TX",2019-03-01,2019-05-31,996.0,325000.0,47.0,98.17,12.35,1313.0,2223.0,1089.0,1134.0,137.34,3.4,36.07,McKinney,2019,5,2019-05,-11.387900355871883,3.7142857142857144,13.0,-11.16373477672531,-7.579462102689483
"McKinney, TX",2019-04-01,2019-06-30,1056.0,335000.0,43.0,98.2,12.78,1360.0,2325.0,1136.0,1153.0,137.38,3.3,36.77,McKinney,2019,6,2019-06,-5.96616206589492,-1.4744145706851675,9.0,-13.265306122448983,-5.102880658436215
"McKinney, TX",2019-05-01,2019-07-31,1107.0,337000.0,45.0,98.21,12.2,1318.0,2307.0,1078.0,1165.0,137.7,3.0,32.7,McKinney,2019,7,2019-07,-3.0647985989492144,-10.761589403973515,10.0,-13.686967910936476,2.643171806167399
"McKinney, TX",2019-06-01,2019-08-31,1069.0,328457.0,47.0,98.19,11.04,1250.0,2288.0,1048.0,1132.0,135.62,3.0,31.1,McKinney,2019,8,2019-08,2.6897214217098897,-10.120068610634647,7.0,-8.020603384841795,7.604562737642584
"McKinney, TX",2019-07-01,2019-09-30,1014.0,322000.0,50.0,98.19,10.55,1097.0,2186.0,981.0,1061.0,136.13,3.0,27.24,McKinney,2019,9,2019-09,7.188160676532762,-16.22544833475662,7.0,-6.3993174061433455,11.566771819137745
"McKinney, TX",2019-08-01,2019-10-31,919.0,320000.0,52.0,98.09,9.03,1035.0,2057.0,983.0,937.0,136.23,3.3,26.47,McKinney,2019,10,2019-10,5.87557603686637,-9.233610341643583,0.0,1.9704433497536922,4.226918798665191
"McKinney, TX",2019-09-01,2019-11-30,814.0,318000.0,53.0,97.93,8.23,862.0,1853.0,836.0,841.0,138.3,3.1,23.19,McKinney,2019,11,2019-11,3.168567807351086,-14.344262295081966,-2.0,-4.6460176991150455,-0.9422850412249661
"McKinney, TX",2019-10-01,2019-12-31,799.0,319950.0,56.0,97.97,7.13,701.0,1646.0,668.0,753.0,137.37,2.6,24.04,McKinney,2019,12,2019-12,-0.37406483790524137,-23.482245131729673,-8.0,-7.275132275132279,-2.3346303501945553
"McKinney, TX",2019-11-01,2020-01-31,696.0,319900.0,61.0,97.72,6.47,643.0,1565.0,679.0,744.0,137.08,3.0,23.39,McKinney,2020,1,2020-01,1.1627906976744207,-24.21875,-10.0,-15.505913272010508,0.8130081300812941
"McKinney, TX",2019-12-01,2020-02-29,697.0,327393.0,69.0,97.8,8.9,789.0,1554.0,737.0,822.0,137.12,3.2,31.02,McKinney,2020,2,2020-02,6.0882800608828,-23.229166666666668,-4.0,-7.934655775962662,4.980842911877392
"McKinney, TX",2020-01-01,2020-03-31,694.0,330146.0,59.0,97.86,12.1,996.0,1619.0,748.0,934.0,139.61,3.3,37.37,McKinney,2020,3,2020-03,1.3138686131386912,-26.37795275590551,-14.0,-8.11808118081181,2.412280701754388
"McKinney, TX",2020-02-01,2020-04-30,785.0,336000.0,45.0,98.3,15.03,1018.0,1662.0,742.0,910.0,139.68,2.8,40.11,McKinney,2020,4,2020-04,-5.875299760191844,-28.9272030651341,-9.0,-16.07584501236603,-12.5
"McKinney, TX",2020-03-01,2020-05-31,794.0,337000.0,40.0,98.4,14.74,1095.0,1784.0,803.0,994.0,140.25,3.1,42.76,McKinney,2020,5,2020-05,-20.281124497991964,-26.262626262626267,-7.0,-16.603198781416605,-12.345679012345679
"McKinney, TX",2020-04-01,2020-06-30,913.0,345000.0,36.0,98.57,15.66,1175.0,1890.0,727.0,1211.0,140.49,2.4,42.03,McKinney,2020,6,2020-06,-13.541666666666663,-36.00352112676056,-7.0,-13.602941176470583,5.030355594102343
"McKinney, TX",2020-05-01,2020-07-31,1147.0,349000.0,36.0,98.67,17.09,1293.0,2007.0,642.0,1393.0,141.37,1.7,48.46,McKinney,2020,7,2020-07,3.6133694670279937,-40.445269016697594,-9.0,-1.896813353566007,19.570815450643785
"McKinney, TX",2020-06-01,2020-08-31,1300.0,354250.0,34.0,98.89,20.08,1187.0,1963.0,549.0,1373.0,142.09,1.3,48.8,McKinney,2020,8,2020-08,21.608980355472408,-47.6145038167939,-13.0,-5.04,21.289752650176673
"McKinney, TX",2020-07-01,2020-09-30,1257.0,357000.0,35.0,98.97,22.75,1044.0,1748.0,458.0,1243.0,143.16,1.1,52.7,McKinney,2020,9,2020-09,23.964497041420117,-53.312945973496426,-15.0,-4.83135824977211,17.15362865221488
"McKinney, TX",2020-08-01,2020-10-31,1153.0,362500.0,32.0,99.18,26.02,939.0,1566.0,413.0,1125.0,144.81,1.1,53.87,McKinney,2020,10,2020-10,25.46245919477692,-57.98575788402849,-20.0,-9.275362318840575,20.064034151547496
"McKinney, TX",2020-09-01,2020-11-30,1042.0,359000.0,31.0,99.35,30.33,815.0,1348.0,283.0,1021.0,145.63,0.8,57.2,McKinney,2020,11,2020-11,28.00982800982801,-66.14832535885166,-22.0,-5.4524361948955935,21.40309155766944
"McKinney, TX",2020-10-01,2020-12-31,1018.0,355000.0,28.0,99.68,34.18,669.0,1110.0,185.0,795.0,149.38,0.6,60.75,McKinney,2020,12,2020-12,27.40926157697121,-72.3053892215569,-28.0,-4.564907275320973,5.5776892430278835
"McKinney, TX",2020-11-01,2021-01-31,783.0,355000.0,27.0,99.85,39.21,587.0,988.0,226.0,696.0,151.81,0.9,64.08,McKinney,2021,1,2021-01,12.5,-66.71575846833579,-34.0,-8.709175738724728,-6.451612903225811
"McKinney, TX",2020-12-01,2021-02-28,655.0,363000.0,22.0,100.58,48.09,592.0,865.0,230.0,617.0,155.74,1.1,70.02,McKinney,2021,2,2021-02,-6.025824964131998,-68.79240162822252,-47.0,-24.96831432192649,-24.939172749391723
"McKinney, TX",2021-01-01,2021-03-31,576.0,385000.0,18.0,102.63,64.58,821.0,998.0,283.0,803.0,161.39,1.5,78.08,McKinney,2021,3,2021-03,-17.0028818443804,-62.16577540106951,-41.0,-17.57028112449799,-14.025695931477511
"McKinney, TX",2021-02-01,2021-04-30,792.0,401500.0,17.0,104.6,73.36,1031.0,1252.0,336.0,949.0,167.86,1.3,83.03,McKinney,2021,4,2021-04,0.8917197452229297,-54.71698113207547,-28.0,1.2770137524557912,4.285714285714293
"McKinney, TX",2021-03-01,2021-05-31,971.0,411000.0,16.0,106.03,77.75,1188.0,1413.0,333.0,1129.0,172.74,1.1,83.61,McKinney,2021,5,2021-05,22.29219143576826,-58.53051058530511,-24.0,8.493150684931505,13.581488933601605
"McKinney, TX",2021-04-01,2021-06-30,1108.0,427000.0,16.0,106.88,80.14,1247.0,1526.0,356.0,1169.0,178.71,1.0,82.98,McKinney,2021,6,2021-06,21.358159912376774,-51.03163686382393,-20.0,6.127659574468081,-3.4682080924855474
"McKinney, TX",2021-05-01,2021-07-31,1115.0,437378.0,16.0,107.33,81.43,1242.0,1574.0,404.0,1165.0,182.74,1.1,80.34,McKinney,2021,7,2021-07,-2.7898866608544015,-37.071651090342684,-20.0,-3.944315545243615,-16.367552045944002
"McKinney, TX",2021-06-01,2021-08-31,1120.0,442000.0,16.0,106.71,80.18,1214.0,1540.0,370.0,1154.0,186.21,1.0,76.52,McKinney,2021,8,2021-08,-13.846153846153841,-32.60473588342441,-18.0,2.2746419545071506,-15.950473415877642
"McKinney, TX",2021-07-01,2021-09-30,1056.0,442000.0,17.0,105.48,76.7,1078.0,1430.0,312.0,1050.0,187.18,0.9,70.76,McKinney,2021,9,2021-09,-15.990453460620524,-31.877729257641917,-18.0,3.256704980842917,-15.526950925181016
"McKinney, TX",2021-08-01,2021-10-31,981.0,445000.0,18.0,104.43,71.87,890.0,1285.0,269.0,963.0,187.61,0.8,68.12,McKinney,2021,10,2021-10,-14.917606244579362,-34.866828087167065,-14.0,-5.218317358892444,-14.400000000000002
"McKinney, TX",2021-09-01,2021-11-30,874.0,450000.0,19.0,104.01,66.36,702.0,1060.0,187.0,799.0,190.42,0.6,67.46,McKinney,2021,11,2021-11,-16.12284069097889,-33.92226148409894,-12.0,-13.865030674846624,-21.743388834476008
"McKinney, TX",2021-10-01,2021-12-31,773.0,461000.0,20.0,104.51,64.55,573.0,882.0,155.0,679.0,195.08,0.6,69.37,McKinney,2021,12,2021-12,-24.066797642436143,-16.216216216216218,-8.0,-14.34977578475336,-14.591194968553456
"McKinney, TX",2021-11-01,2022-01-31,622.0,472250.0,19.0,105.03,64.95,473.0,735.0,129.0,565.0,199.56,0.6,69.56,McKinney,2022,1,2022-01,-20.561941251596426,-42.92035398230089,-8.0,-19.42078364565588,-18.821839080459768
"McKinney, TX",2021-12-01,2022-02-28,548.0,485000.0,18.0,106.32,69.53,538.0,721.0,181.0,551.0,208.62,1.0,76.77,McKinney,2022,2,2022-02,-16.335877862595417,-21.304347826086957,-4.0,-9.121621621621623,-10.696920583468394
"McKinney, TX",2022-01-01,2022-03-31,560.0,516000.0,15.0,108.89,78.21,671.0,822.0,204.0,637.0,219.71,1.1,83.36,McKinney,2022,3,2022-03,-2.777777777777779,-27.915194346289752,-3.0,-18.270401948842874,-20.672478206724787
"McKinney, TX",2022-02-01,2022-04-30,638.0,535000.0,14.0,110.44,84.48,866.0,988.0,275.0,750.0,230.14,1.3,86.53,McKinney,2022,4,2022-04,-19.444444444444443,-18.154761904761905,-3.0,-16.00387972841901,-20.969441517386723
"McKinney, TX",2022-03-01,2022-05-31,775.0,565000.0,14.0,110.46,86.32,1045.0,1218.0,330.0,905.0,234.43,1.3,83.98,McKinney,2022,5,2022-05,-20.18537590113285,-0.9009009009009028,-2.0,-12.037037037037035,-19.840566873339238
"McKinney, TX",2022-04-01,2022-06-30,845.0,567000.0,14.0,108.73,83.08,1204.0,1401.0,498.0,896.0,237.12,1.8,80.02,McKinney,2022,6,2022-06,-23.73646209386282,39.8876404494382,-2.0,-3.4482758620689613,-23.35329341317365
"McKinney, TX",2022-05-01,2022-07-31,852.0,555250.0,17.0,106.09,72.89,1232.0,1494.0,573.0,852.0,232.43,2.1,70.42,McKinney,2022,7,2022-07,-23.587443946188337,41.83168316831682,1.0,-0.8051529790660261,-26.86695278969957
"McKinney, TX",2022-06-01,2022-08-31,795.0,534750.0,20.0,102.95,55.09,1076.0,1399.0,518.0,778.0,230.12,2.0,53.98,McKinney,2022,8,2022-08,-29.01785714285714,39.99999999999999,4.0,-11.367380560131801,-32.582322357019066
"McKinney, TX",2022-07-01,2022-09-30,700.0,528000.0,26.0,100.28,34.0,858.0,1340.0,509.0,711.0,223.34,2.2,43.04,McKinney,2022,9,2022-09,-33.71212121212122,63.141025641025635,9.0,-20.408163265306122,-32.285714285714285
"McKinney, TX",2022-08-01,2022-10-31,644.0,520000.0,32.0,99.38,24.22,671.0,1235.0,488.0,651.0,220.18,2.3,37.33,McKinney,2022,10,2022-10,-34.352701325178394,81.41263940520447,14.0,-24.60674157303371,-32.398753894081
"McKinney, TX",2022-09-01,2022-11-30,523.0,506000.0,36.0,98.86,18.55,589.0,1098.0,470.0,514.0,217.19,2.7,37.16,McKinney,2022,11,2022-11,-40.160183066361554,151.3368983957219,17.0,-16.09686609686609,-35.66958698372966
"McKinney, TX",2022-10-01,2022-12-31,477.0,490000.0,37.0,98.56,16.77,455.0,959.0,360.0,461.0,214.13,2.3,32.54,McKinney,2022,12,2022-12,-38.292367399741266,132.25806451612905,17.0,-20.5933682373473,-32.1060382916053
"McKinney, TX",2022-11-01,2023-01-31,400.0,485000.0,41.0,97.95,13.5,417.0,892.0,305.0,502.0,212.82,2.3,32.47,McKinney,2023,1,2023-01,-35.69131832797427,136.4341085271318,22.0,-11.839323467230445,-11.15044247787611
"McKinney, TX",2022-12-01,2023-02-28,445.0,475000.0,49.0,97.83,14.83,437.0,882.0,267.0,556.0,211.86,1.8,35.25,McKinney,2023,2,2023-02,-18.795620437956206,47.513812154696126,31.0,-18.773234200743495,0.9074410163339319
"McKinney, TX",2023-01-01,2023-03-31,513.0,490000.0,44.0,98.22,23.98,603.0,953.0,308.0,637.0,213.79,1.8,46.94,McKinney,2023,3,2023-03,-8.392857142857146,50.98039215686274,29.0,-10.134128166915058,0.0
"McKinney, TX",2023-02-01,2023-04-30,611.0,501000.0,29.0,98.9,30.93,721.0,1013.0,342.0,677.0,215.52,1.7,58.05,McKinney,2023,4,2023-04,-4.2319749216300995,24.363636363636367,15.0,-16.743648960739034,-9.733333333333338
"McKinney, TX",2023-03-01,2023-05-31,699.0,525000.0,22.0,99.69,38.77,841.0,1092.0,367.0,738.0,219.06,1.6,62.87,McKinney,2023,5,2023-05,-9.806451612903222,11.212121212121207,8.0,-19.521531100478473,-18.453038674033152
"McKinney, TX",2023-04-01,2023-06-30,716.0,540000.0,21.0,100.17,40.5,912.0,1201.0,442.0,771.0,220.0,1.9,61.09,McKinney,2023,6,2023-06,-15.266272189349117,-11.24497991967871,7.0,-24.252491694352162,-13.950892857142861
"McKinney, TX",2023-05-01,2023-07-31,758.0,545000.0,24.0,100.24,39.97,903.0,1234.0,430.0,751.0,221.44,1.7,56.99,McKinney,2023,7,2023-07,-11.032863849765262,-24.956369982547987,7.0,-26.70454545454546,-11.854460093896712
"McKinney, TX",2023-06-01,2023-08-31,715.0,535000.0,26.0,99.93,37.2,819.0,1176.0,414.0,711.0,221.94,1.8,50.07,McKinney,2023,8,2023-08,-10.062893081761004,-20.077220077220083,6.0,-23.884758364312265,-8.611825192802058
"McKinney, TX",2023-07-01,2023-09-30,628.0,515000.0,29.0,99.45,31.53,707.0,1145.0,439.0,621.0,224.56,2.1,44.28,McKinney,2023,9,2023-09,-10.285714285714286,-13.752455795677799,3.0,-17.599067599067595,-12.658227848101266
"McKinney, TX",2023-08-01,2023-10-31,539.0,510000.0,31.0,98.94,24.86,658.0,1079.0,463.0,551.0,222.88,2.6,38.84,McKinney,2023,10,2023-10,-16.30434782608695,-5.122950819672134,-1.0,-1.9374068554396384,-15.36098310291859
"McKinney, TX",2023-09-01,2023-11-30,451.0,510353.0,36.0,98.58,19.73,626.0,1028.0,480.0,461.0,222.78,3.2,36.44,McKinney,2023,11,2023-11,-13.766730401529637,2.127659574468077,0.0,6.281833616298815,-10.311284046692604
"McKinney, TX",2023-10-01,2023-12-31,420.0,505400.0,36.0,98.36,18.33,563.0,993.0,426.0,474.0,220.32,3.1,32.7,McKinney,2023,12,2023-12,-11.949685534591193,18.333333333333336,-1.0,23.73626373626374,2.819956616052055
"McKinney, TX",2023-11-01,2024-01-31,417.0,500000.0,41.0,97.78,16.07,574.0,1017.0,441.0,525.0,222.43,3.2,31.62,McKinney,2024,1,2024-01,4.249999999999998,44.59016393442623,0.0,37.64988009592327,4.581673306772904
"McKinney, TX",2023-12-01,2024-02-29,473.0,495000.0,42.0,98.01,17.34,702.0,1155.0,520.0,616.0,223.37,3.3,38.8,McKinney,2024,2,2024-02,6.292134831460672,94.75655430711612,-7.0,60.64073226544622,10.79136690647482
"McKinney, TX",2024-01-01,2024-03-31,573.0,515000.0,35.0,98.34,21.12,890.0,1304.0,597.0,709.0,222.9,3.2,44.57,McKinney,2024,3,2024-03,11.695906432748536,93.83116883116882,-9.0,47.595356550580426,11.302982731554167
"McKinney, TX",2024-02-01,2024-04-30,685.0,518000.0,30.0,99.03,24.82,1059.0,1493.0,685.0,810.0,222.34,3.0,48.77,McKinney,2024,4,2024-04,12.111292962356801,100.29239766081872,1.0,46.87933425797504,19.645494830132936
"McKinney, TX",2024-03-01,2024-05-31,768.0,525000.0,29.0,98.97,23.83,1142.0,1653.0,754.0,876.0,222.35,3.0,45.78,McKinney,2024,5,2024-05,9.871244635193133,105.44959128065395,7.0,35.79072532699168,18.699186991869922
"McKinney, TX",2024-04-01,2024-06-30,808.0,522750.0,31.0,98.86,21.16,1140.0,1721.0,790.0,868.0,221.9,3.0,41.24,McKinney,2024,6,2024-06,12.849162011173188,78.73303167420815,10.0,25.0,12.5810635538262
"McKinney, TX",2024-05-01,2024-07-31,799.0,525000.0,34.0,98.41,17.52,1119.0,1782.0,847.0,820.0,222.43,3.3,35.85,McKinney,2024,7,2024-07,5.408970976253302,96.97674418604652,10.0,23.920265780730897,9.187749667110513
"McKinney, TX",2024-06-01,2024-08-31,758.0,529350.0,39.0,98.1,13.32,1011.0,1742.0,822.0,751.0,221.62,3.3,32.49,McKinney,2024,8,2024-08,6.013986013986017,98.55072463768116,13.0,23.44322344322345,5.625879043600568
"McKinney, TX",2024-07-01,2024-09-30,691.0,515000.0,44.0,97.75,10.27,949.0,1705.0,845.0,731.0,219.84,3.8,30.23,McKinney,2024,9,2024-09,10.031847133757953,92.48291571753985,15.0,34.229137199434234,17.713365539452486
"McKinney, TX",2024-08-01,2024-10-31,658.0,500000.0,51.0,97.54,8.66,861.0,1669.0,834.0,713.0,216.12,3.9,26.93,McKinney,2024,10,2024-10,22.077922077922075,80.12958963282937,20.0,30.85106382978724,29.401088929219597
"McKinney, TX",2024-09-01,2024-11-30,630.0,499990.0,54.0,97.53,8.89,764.0,1556.0,769.0,661.0,216.67,3.7,22.69,McKinney,2024,11,2024-11,39.68957871396896,60.20833333333333,18.0,22.0447284345048,43.38394793926248
"McKinney, TX",2024-10-01,2024-12-31,630.0,504500.0,57.0,97.53,10.0,659.0,1473.0,665.0,598.0,214.9,3.2,19.73,McKinney,2024,12,2024-12,50.0,56.10328638497653,21.0,17.05150976909413,26.160337552742607
"McKinney, TX",2024-11-01,2025-01-31,546.0,500000.0,63.0,97.63,8.79,639.0,1425.0,684.0,560.0,214.7,3.8,17.86,McKinney,2025,1,2025-01,30.935251798561158,55.10204081632652,22.0,11.324041811846698,6.666666666666665
"McKinney, TX",2024-12-01,2025-02-28,526.0,506000.0,72.0,97.58,7.98,734.0,1449.0,739.0,595.0,210.7,4.2,22.35,McKinney,2025,2,2025-02,11.205073995771663,42.11538461538462,30.0,4.55840455840455,-3.409090909090906
"McKinney, TX",2025-01-01,2025-03-31,521.0,497500.0,63.0,98.02,7.49,977.0,1599.0,860.0,688.0,211.38,5.0,28.92,McKinney,2025,3,2025-03,-9.075043630017454,44.05360134003351,28.0,9.775280898876403,-2.961918194640334
"McKinney, TX",2025-02-01,2025-04-30,625.0,525000.0,48.0,98.22,8.8,1212.0,1861.0,1067.0,762.0,212.1,5.1,33.33,McKinney,2025,4,2025-04,-8.75912408759124,55.76642335766424,18.0,14.44759206798867,-5.925925925925924
"McKinney, TX",2025-03-01,2025-05-31,695.0,520000.0,39.0,98.35,10.65,1425.0,2126.0,1223.0,851.0,212.65,5.4,35.25,McKinney,2025,5,2025-05,-9.505208333333337,62.201591511936336,10.0,24.781085814360782,-2.853881278538817
"McKinney, TX",2025-04-01,2025-06-30,785.0,535000.0,40.0,98.19,10.96,1398.0,2219.0,1217.0,905.0,212.77,4.7,29.94,McKinney,2025,6,2025-06,-2.846534653465349,54.050632911392405,9.0,22.631578947368425,4.262672811059898
"McKinney, TX",2025-05-01,2025-07-31,840.0,535000.0,45.0,97.88,9.76,1265.0,2292.0,1172.0,910.0,212.29,4.3,25.93,McKinney,2025,7,2025-07,5.1314142678347885,38.370720188902,11.0,13.047363717604998,10.97560975609757
"McKinney, TX",2025-06-01,2025-08-31,846.0,533245.0,52.0,97.63,7.33,1069.0,2234.0,1108.0,863.0,211.05,4.0,20.51,McKinney,2025,8,2025-08,11.609498680738795,34.79318734793186,13.0,5.736894164193873,14.913448735019962
"McKinney, TX",2025-07-01,2025-09-30,814.0,515000.0,61.0,97.38,5.53,1001.0,2161.0,1086.0,799.0,209.6,4.1,19.4,McKinney,2025,9,2025-09,17.80028943560057,28.520710059171606,17.0,5.47945205479452,9.302325581395344
"McKinney, TX",2025-08-01,2025-10-31,742.0,505000.0,63.0,97.44,5.66,902.0,2019.0,1028.0,756.0,208.33,4.2,19.05,McKinney,2025,10,2025-10,12.765957446808507,23.26139088729018,12.0,4.761904761904767,6.030855539971958
"McKinney, TX",2025-09-01,2025-11-30,678.0,495000.0,63.0,97.49,6.19,804.0,1862.0,935.0,684.0,207.62,4.2,19.3,McKinney,2025,11,2025-11,7.619047619047614,21.586475942782847,9.0,5.235602094240832,3.479576399394846
"McKinney, TX",2025-10-01,2025-12-31,643.0,490000.0,66.0,97.37,6.53,643.0,1685.0,752.0,647.0,205.99,3.6,17.47,McKinney,2025,12,2025-12,2.063492063492056,13.082706766917296,9.0,-2.427921092564489,8.193979933110374
"McKinney, TX",2025-11-01,2026-01-31,585.0,489900.0,75.0,97.11,6.15,614.0,1584.0,762.0,595.0,204.98,4.0,17.82,McKinney,2026,1,2026-01,7.14285714285714,11.403508771929815,12.0,-3.9123630672926457,6.25
"McKinney, TX",2025-12-01,2026-02-28,569.0,500000.0,85.0,97.06,6.5,707.0,1569.0,781.0,667.0,201.93,4.1,20.54,McKinney,2026,2,2026-02,8.174904942965778,5.683355886332886,13.0,-3.6784741144414212,12.100840336134455
"McKinney, TX",2026-01-01,2026-03-31,598.0,499450.0,81.0,97.44,8.36,974.0,1672.0,878.0,757.0,203.8,4.4,27.74,McKinney,2026,3,2026-03,14.779270633397324,2.0930232558139528,18.0,-0.30706243602866,10.029069767441868
"McKinney, TX",2026-02-01,2026-04-30,679.0,510000.0,54.0,97.8,9.72,1164.0,1880.0,972.0,875.0,206.09,4.2,31.66,McKinney,2026,4,2026-04,8.640000000000004,-8.90346766635426,6.0,-3.960396039603964,14.82939632545932
"McKinney, TX",2026-03-01,2026-05-31,771.0,505000.0,44.0,97.87,11.28,1277.0,2008.0,1043.0,918.0,208.49,4.1,32.57,McKinney,2026,5,2026-05,10.93525179856114,-14.717906786590351,5.0,-10.385964912280699,7.873090481786127
"McKinney, TX",2026-04-01,2026-06-30,808.0,510000.0,42.0,97.82,11.63,1218.0,2046.0,1064.0,876.0,209.91,4.0,30.14,McKinney,2026,6,2026-06,2.9299363057324834,-12.571898110106815,2.0,-12.8755364806867,-3.204419889502763
"McKinney, TX",2026-05-01,2026-07-31,796.0,510744.0,45.0,97.76,10.94,1081.0,2018.0,1054.0,796.0,211.31,4.1,25.4,McKinney,2026,7,2026-07,-5.238095238095242,-10.068259385665534,0.0,-14.54545454545455,-12.527472527472527
"Melissa, TX",2018-01-01,2018-03-31,74.0,279750.0,53.0,98.12,12.16,124.0,175.0,86.0,95.0,119.29,3.5,35.79,Melissa,2018,3,2018-03,,,,,
"Melissa, TX",2018-02-01,2018-04-30,86.0,290000.0,42.0,98.48,15.12,143.0,200.0,109.0,104.0,121.38,3.8,40.38,Melissa,2018,4,2018-04,,,,,
"Melissa, TX",2018-03-01,2018-05-31,92.0,288026.0,39.0,98.6,18.48,160.0,221.0,119.0,108.0,121.98,4.0,40.74,Melissa,2018,5,2018-05,,,,,
"Melissa, TX",2018-04-01,2018-06-30,91.0,295000.0,39.0,98.79,17.58,175.0,259.0,153.0,114.0,122.28,5.1,33.33,Melissa,2018,6,2018-06,,,,,
"Melissa, TX",2018-05-01,2018-07-31,110.0,282000.0,40.0,98.58,13.64,175.0,283.0,144.0,121.0,122.6,4.0,30.58,Melissa,2018,7,2018-07,,,,,
"Melissa, TX",2018-06-01,2018-08-31,125.0,282000.0,43.0,98.28,8.8,176.0,292.0,154.0,130.0,125.43,3.8,24.62,Melissa,2018,8,2018-08,,,,,
"Melissa, TX",2018-07-01,2018-09-30,125.0,280000.0,45.0,98.06,6.4,129.0,278.0,148.0,115.0,126.82,3.6,26.96,Melissa,2018,9,2018-09,,,,,
"Melissa, TX",2018-08-01,2018-10-31,105.0,280000.0,56.0,97.93,4.76,113.0,253.0,155.0,96.0,125.93,4.5,21.88,Melissa,2018,10,2018-10,,,,,
"Melissa, TX",2018-09-01,2018-11-30,84.0,280000.0,57.0,97.9,3.57,95.0,246.0,149.0,87.0,125.31,5.4,21.84,Melissa,2018,11,2018-11,,,,,
"Melissa, TX",2018-10-01,2018-12-31,82.0,295000.0,78.0,98.38,4.88,97.0,242.0,144.0,82.0,122.64,5.4,19.51,Melissa,2018,12,2018-12,,,,,
"Melissa, TX",2018-11-01,2019-01-31,73.0,310000.0,67.0,98.33,5.48,83.0,230.0,120.0,100.0,121.44,5.0,17.0,Melissa,2019,1,2019-01,,,,,
"Melissa, TX",2018-12-01,2019-02-28,86.0,299268.0,76.0,98.73,10.47,78.0,221.0,112.0,100.0,123.08,3.9,18.0,Melissa,2019,2,2019-02,,,,,
"Melissa, TX",2019-01-01,2019-03-31,91.0,305000.0,78.0,98.39,7.69,116.0,254.0,135.0,112.0,123.55,4.5,15.18,Melissa,2019,3,2019-03,22.972972972972983,56.9767441860465,25.0,-6.451612903225811,17.894736842105253
"Melissa, TX",2019-02-01,2019-04-30,116.0,304968.0,92.0,98.31,5.17,155.0,266.0,145.0,124.0,123.84,3.7,22.58,Melissa,2019,4,2019-04,34.883720930232556,33.02752293577982,50.0,8.391608391608397,19.23076923076923
"Melissa, TX",2019-03-01,2019-05-31,119.0,304990.0,63.0,98.16,5.88,183.0,283.0,156.0,135.0,123.55,4.0,27.41,Melissa,2019,5,2019-05,29.34782608695652,31.092436974789916,24.0,14.375000000000004,25.0
"Melissa, TX",2019-04-01,2019-06-30,127.0,302991.0,52.0,98.0,5.51,181.0,297.0,166.0,138.0,124.69,4.0,31.16,Melissa,2019,6,2019-06,39.560439560439555,8.496732026143782,13.0,3.4285714285714253,21.052631578947366
"Melissa, TX",2019-05-01,2019-07-31,127.0,299000.0,39.0,98.37,10.24,167.0,295.0,155.0,148.0,125.0,3.7,25.68,Melissa,2019,7,2019-07,15.454545454545453,7.638888888888884,-1.0,-4.571428571428571,22.314049586776854
"Melissa, TX",2019-06-01,2019-08-31,132.0,310030.0,53.0,98.14,8.33,159.0,300.0,155.0,148.0,124.96,3.6,20.95,Melissa,2019,8,2019-08,5.600000000000005,0.6493506493506551,10.0,-9.659090909090907,13.846153846153841
"Melissa, TX",2019-07-01,2019-09-30,135.0,305000.0,60.0,98.33,9.63,128.0,287.0,140.0,157.0,122.92,3.2,17.2,Melissa,2019,9,2019-09,8.000000000000007,-5.405405405405405,15.0,-0.7751937984496138,36.521739130434774
"Melissa, TX",2019-08-01,2019-10-31,140.0,315009.0,75.0,97.86,7.14,126.0,273.0,126.0,135.0,124.39,2.8,18.52,Melissa,2019,10,2019-10,33.33333333333333,-18.709677419354843,19.0,11.504424778761058,40.625
"Melissa, TX",2019-09-01,2019-11-30,126.0,315453.0,77.0,98.03,4.76,113.0,262.0,126.0,131.0,124.17,3.0,14.5,Melissa,2019,11,2019-11,50.0,-15.436241610738255,20.0,18.947368421052623,50.57471264367817
"Melissa, TX",2019-10-01,2019-12-31,119.0,331460.0,87.0,98.04,4.2,106.0,243.0,119.0,105.0,129.2,3.1,13.33,Melissa,2019,12,2019-12,45.12195121951219,-17.361111111111114,9.0,9.278350515463906,28.04878048780488
"Melissa, TX",2019-11-01,2020-01-31,91.0,325000.0,84.0,98.18,3.3,117.0,238.0,141.0,96.0,128.95,4.8,9.38,Melissa,2020,1,2020-01,24.657534246575352,17.500000000000004,17.0,40.963855421686745,-4.0000000000000036
"Melissa, TX",2019-12-01,2020-02-29,93.0,321000.0,92.0,98.21,6.45,151.0,273.0,162.0,105.0,130.08,5.3,17.14,Melissa,2020,2,2020-02,8.139534883720923,44.64285714285714,16.0,93.58974358974359,5.000000000000004
"Melissa, TX",2020-01-01,2020-03-31,87.0,304532.0,88.0,98.2,8.05,181.0,296.0,176.0,126.0,130.07,6.1,19.84,Melissa,2020,3,2020-03,-4.395604395604391,30.37037037037038,10.0,56.03448275862068,12.5
"Melissa, TX",2020-02-01,2020-04-30,110.0,295500.0,79.0,98.23,8.18,164.0,301.0,153.0,141.0,132.08,4.2,19.86,Melissa,2020,4,2020-04,-5.1724137931034475,5.517241379310356,-13.0,5.8064516129032295,13.709677419354849
"Melissa, TX",2020-03-01,2020-05-31,134.0,306000.0,64.0,98.37,11.19,166.0,322.0,136.0,189.0,129.52,3.1,22.75,Melissa,2020,5,2020-05,12.605042016806722,-12.82051282051282,1.0,-9.289617486338797,39.99999999999999
"Melissa, TX",2020-04-01,2020-06-30,181.0,317000.0,64.0,98.35,9.39,173.0,345.0,109.0,237.0,131.78,1.8,26.58,Melissa,2020,6,2020-06,42.51968503937007,-34.337349397590366,12.0,-4.41988950276243,71.73913043478262
"Melissa, TX",2020-05-01,2020-07-31,220.0,320500.0,56.0,98.53,10.45,192.0,343.0,103.0,253.0,131.38,1.4,32.41,Melissa,2020,7,2020-07,73.22834645669292,-33.54838709677419,17.0,14.970059880239518,70.94594594594594
"Melissa, TX",2020-06-01,2020-08-31,221.0,319000.0,48.0,98.5,10.41,183.0,317.0,94.0,218.0,133.12,1.3,34.4,Melissa,2020,8,2020-08,67.42424242424244,-39.35483870967742,-5.0,15.094339622641506,47.297297297297305
"Melissa, TX",2020-07-01,2020-09-30,193.0,325000.0,40.0,98.71,16.06,187.0,295.0,105.0,191.0,133.17,1.7,40.31,Melissa,2020,9,2020-09,42.96296296296296,-25.0,-20.0,46.09375,21.65605095541401
"Melissa, TX",2020-08-01,2020-10-31,176.0,319971.0,33.0,98.83,22.16,187.0,289.0,96.0,193.0,134.67,1.7,41.45,Melissa,2020,10,2020-10,25.71428571428571,-23.809523809523814,-42.0,48.41269841269842,42.96296296296296
"Melissa, TX",2020-09-01,2020-11-30,172.0,325000.0,33.0,98.97,28.49,162.0,256.0,66.0,182.0,137.97,1.2,39.56,Melissa,2020,11,2020-11,36.50793650793651,-47.61904761904761,-44.0,43.36283185840708,38.931297709923676
"Melissa, TX",2020-10-01,2020-12-31,178.0,325023.0,34.0,98.84,26.97,125.0,230.0,43.0,169.0,137.02,0.7,37.87,Melissa,2020,12,2020-12,49.57983193277311,-63.86554621848739,-53.0,17.9245283018868,60.952380952380956
"Melissa, TX",2020-11-01,2021-01-31,157.0,334900.0,39.0,98.91,32.48,113.0,208.0,43.0,152.0,138.74,0.8,40.13,Melissa,2021,1,2021-01,72.52747252747254,-69.50354609929079,-45.0,-3.4188034188034178,58.33333333333333
"Melissa, TX",2020-12-01,2021-02-28,140.0,338969.0,36.0,99.28,36.43,102.0,167.0,20.0,137.0,142.43,0.4,51.82,Melissa,2021,2,2021-02,50.53763440860215,-87.65432098765432,-56.0,-32.450331125827816,30.476190476190478
"Melissa, TX",2021-01-01,2021-03-31,125.0,348366.0,33.0,100.14,53.6,100.0,142.0,22.0,109.0,146.03,0.5,62.39,Melissa,2021,3,2021-03,43.67816091954022,-87.5,-55.0,-44.75138121546961,-13.492063492063489
"Melissa, TX",2021-02-01,2021-04-30,117.0,350000.0,22.0,101.9,61.54,106.0,149.0,45.0,108.0,153.36,1.1,70.37,Melissa,2021,4,2021-04,6.363636363636371,-70.58823529411764,-57.0,-35.36585365853659,-23.404255319148938
"Melissa, TX",2021-03-01,2021-05-31,126.0,365016.0,19.0,103.65,65.87,128.0,148.0,38.0,116.0,158.84,0.9,82.76,Melissa,2021,5,2021-05,-5.970149253731338,-72.05882352941177,-45.0,-22.891566265060238,-38.62433862433863
"Melissa, TX",2021-04-01,2021-06-30,134.0,380000.0,15.0,105.41,70.9,151.0,173.0,46.0,139.0,165.63,1.0,82.73,Melissa,2021,6,2021-06,-25.96685082872928,-57.798165137614674,-49.0,-12.71676300578035,-41.35021097046413
"Melissa, TX",2021-05-01,2021-07-31,151.0,391000.0,15.0,106.36,76.16,165.0,210.0,66.0,142.0,168.98,1.3,83.1,Melissa,2021,7,2021-07,-31.36363636363636,-35.922330097087375,-41.0,-14.0625,-43.873517786561266
"Melissa, TX",2021-06-01,2021-08-31,138.0,400167.0,15.0,106.43,78.99,165.0,203.0,63.0,139.0,171.13,1.4,71.94,Melissa,2021,8,2021-08,-37.55656108597285,-32.97872340425532,-33.0,-9.836065573770492,-36.23853211009175
"Melissa, TX",2021-07-01,2021-09-30,127.0,415000.0,14.0,105.16,71.65,164.0,210.0,80.0,131.0,170.72,1.9,65.65,Melissa,2021,9,2021-09,-34.196891191709845,-23.809523809523814,-26.0,-12.299465240641716,-31.413612565445025
"Melissa, TX",2021-08-01,2021-10-31,109.0,423000.0,16.0,102.88,60.55,143.0,209.0,75.0,134.0,174.23,2.1,56.72,Melissa,2021,10,2021-10,-38.06818181818182,-21.875,-17.0,-23.529411764705888,-30.569948186528496
"Melissa, TX",2021-09-01,2021-11-30,107.0,420000.0,16.0,101.84,58.88,127.0,190.0,55.0,138.0,178.48,1.6,57.97,Melissa,2021,11,2021-11,-37.7906976744186,-16.666666666666664,-17.0,-21.604938271604933,-24.17582417582418
"Melissa, TX",2021-10-01,2021-12-31,111.0,451000.0,19.0,101.3,50.45,104.0,183.0,45.0,130.0,187.7,1.2,55.38,Melissa,2021,12,2021-12,-37.64044943820225,4.651162790697683,-15.0,-16.800000000000004,-23.076923076923073
"Melissa, TX",2021-11-01,2022-01-31,115.0,469289.0,20.0,101.51,50.43,90.0,164.0,39.0,126.0,191.53,1.0,57.14,Melissa,2022,1,2022-01,-26.751592356687905,-9.302325581395355,-19.0,-20.353982300884955,-17.105263157894733
"Melissa, TX",2021-12-01,2022-02-28,120.0,472950.0,21.0,102.21,51.67,93.0,144.0,37.0,112.0,196.72,0.9,63.39,Melissa,2022,2,2022-02,-14.28571428571429,85.00000000000001,-15.0,-8.823529411764708,-18.248175182481752
"Melissa, TX",2022-01-01,2022-03-31,127.0,520000.0,18.0,104.82,73.23,111.0,154.0,40.0,115.0,203.77,0.9,70.43,Melissa,2022,3,2022-03,1.6000000000000014,81.81818181818181,-15.0,11.00000000000001,5.504587155963292
"Melissa, TX",2022-02-01,2022-04-30,124.0,555000.0,17.0,105.97,79.84,128.0,164.0,47.0,119.0,212.78,1.1,74.79,Melissa,2022,4,2022-04,5.982905982905984,4.444444444444451,-5.0,20.75471698113207,10.185185185185187
"Melissa, TX",2022-03-01,2022-05-31,135.0,549094.0,15.0,106.68,79.26,173.0,210.0,95.0,128.0,219.37,2.2,75.78,Melissa,2022,5,2022-05,7.14285714285714,150.0,-4.0,35.15625,10.344827586206895
"Melissa, TX",2022-04-01,2022-06-30,133.0,555000.0,15.0,105.27,71.43,214.0,254.0,130.0,130.0,224.8,3.0,70.77,Melissa,2022,6,2022-06,-0.7462686567164201,182.60869565217394,0.0,41.721854304635755,-6.474820143884896
"Melissa, TX",2022-05-01,2022-07-31,129.0,549094.0,18.0,103.74,62.02,246.0,291.0,176.0,114.0,223.43,4.2,60.53,Melissa,2022,7,2022-07,-14.569536423841056,166.66666666666666,3.0,49.09090909090909,-19.718309859154925
"Melissa, TX",2022-06-01,2022-08-31,118.0,555000.0,28.0,101.48,50.0,227.0,320.0,181.0,122.0,218.08,4.7,35.25,Melissa,2022,8,2022-08,-14.492753623188403,187.3015873015873,13.0,37.57575757575757,-12.230215827338132
"Melissa, TX",2022-07-01,2022-09-30,99.0,530000.0,39.0,99.32,26.26,198.0,325.0,197.0,123.0,213.28,6.1,24.39,Melissa,2022,9,2022-09,-22.047244094488192,146.25,25.0,20.731707317073166,-6.106870229007633
"Melissa, TX",2022-08-01,2022-10-31,99.0,520000.0,47.0,98.6,16.16,185.0,358.0,205.0,147.0,211.81,6.4,18.37,Melissa,2022,10,2022-10,-9.174311926605505,173.33333333333334,31.0,29.370629370629374,9.701492537313428
"Melissa, TX",2022-09-01,2022-11-30,93.0,520000.0,54.0,97.72,5.38,175.0,354.0,210.0,143.0,202.44,6.8,18.18,Melissa,2022,11,2022-11,-13.08411214953271,281.8181818181818,38.0,37.79527559055118,3.6231884057970953
"Melissa, TX",2022-10-01,2022-12-31,105.0,517900.0,54.0,97.4,6.67,145.0,340.0,179.0,141.0,198.02,5.2,14.18,Melissa,2022,12,2022-12,-5.405405405405405,297.77777777777777,35.0,39.42307692307692,8.461538461538453
"Melissa, TX",2022-11-01,2023-01-31,119.0,500000.0,68.0,97.4,5.88,152.0,355.0,188.0,155.0,192.72,4.8,18.71,Melissa,2023,1,2023-01,3.4782608695652195,382.05128205128204,48.0,68.88888888888889,23.015873015873023
"Melissa, TX",2022-12-01,2023-02-28,136.0,506900.0,70.0,97.47,5.15,150.0,358.0,173.0,180.0,192.34,3.8,18.33,Melissa,2023,2,2023-02,13.33333333333333,367.56756756756755,49.0,61.29032258064515,60.71428571428572
"Melissa, TX",2023-01-01,2023-03-31,185.0,510000.0,75.0,97.39,5.41,208.0,387.0,176.0,210.0,191.22,2.9,22.38,Melissa,2023,3,2023-03,45.66929133858268,340.00000000000006,57.0,87.38738738738738,82.6086956521739
"Melissa, TX",2023-02-01,2023-04-30,203.0,515000.0,63.0,97.08,5.91,199.0,384.0,154.0,232.0,193.63,2.3,24.14,Melissa,2023,4,2023-04,63.70967741935485,227.6595744680851,46.0,55.46875,94.9579831932773
"Melissa, TX",2023-03-01,2023-05-31,240.0,510778.0,56.0,97.26,7.5,243.0,408.0,161.0,244.0,193.58,2.1,26.23,Melissa,2023,5,2023-05,77.77777777777777,69.47368421052632,41.0,40.46242774566473,90.625
"Melissa, TX",2023-04-01,2023-06-30,226.0,510500.0,51.0,97.85,9.73,240.0,403.0,161.0,238.0,194.4,2.2,29.83,Melissa,2023,6,2023-06,69.92481203007519,23.84615384615385,36.0,12.149532710280365,83.07692307692307
"Melissa, TX",2023-05-01,2023-07-31,234.0,510000.0,42.0,98.3,10.68,244.0,385.0,158.0,217.0,195.74,2.1,26.27,Melissa,2023,7,2023-07,81.3953488372093,-10.22727272727273,24.0,-0.8130081300813052,90.35087719298245
"Melissa, TX",2023-06-01,2023-08-31,225.0,500000.0,47.0,98.09,9.78,268.0,424.0,180.0,220.0,198.12,2.5,27.73,Melissa,2023,8,2023-08,90.67796610169492,-0.5524861878453025,19.0,18.06167400881058,80.32786885245902
"Melissa, TX",2023-07-01,2023-09-30,215.0,499431.0,41.0,97.7,8.84,236.0,392.0,163.0,210.0,200.02,2.3,21.43,Melissa,2023,9,2023-09,117.17171717171718,-17.25888324873096,2.0,19.191919191919183,70.73170731707317
"Melissa, TX",2023-08-01,2023-10-31,209.0,499862.0,47.0,97.24,5.74,210.0,364.0,158.0,199.0,197.22,2.3,19.1,Melissa,2023,10,2023-10,111.11111111111111,-22.926829268292682,0.0,13.513513513513509,35.37414965986394
"Melissa, TX",2023-09-01,2023-11-30,186.0,500293.0,56.0,97.19,5.38,170.0,347.0,173.0,163.0,197.64,2.8,9.2,Melissa,2023,11,2023-11,100.0,-17.619047619047624,2.0,-2.857142857142858,13.98601398601398
"Melissa, TX",2023-10-01,2023-12-31,163.0,500000.0,70.0,96.78,2.45,140.0,303.0,154.0,133.0,194.27,2.9,6.02,Melissa,2023,12,2023-12,55.23809523809524,-13.966480446927376,16.0,-3.4482758620689613,-5.6737588652482245
"Melissa, TX",2023-11-01,2024-01-31,141.0,500000.0,80.0,96.43,2.13,140.0,296.0,141.0,129.0,190.72,3.1,4.65,Melissa,2024,1,2024-01,18.487394957983195,-25.0,12.0,-7.8947368421052655,-16.774193548387096
"Melissa, TX",2023-12-01,2024-02-29,130.0,510000.0,95.0,96.47,0.77,99.0,267.0,124.0,137.0,190.7,2.9,5.84,Melissa,2024,2,2024-02,-4.411764705882348,-28.32369942196532,25.0,-34.0,-23.888888888888893
"Melissa, TX",2024-01-01,2024-03-31,131.0,507126.0,95.0,96.95,0.76,142.0,291.0,139.0,155.0,191.83,3.2,13.55,Melissa,2024,3,2024-03,-29.18918918918919,-21.02272727272727,20.0,-31.73076923076923,-26.190476190476186
"Melissa, TX",2024-02-01,2024-04-30,135.0,500000.0,81.0,97.65,4.44,172.0,309.0,160.0,151.0,194.95,3.6,15.89,Melissa,2024,4,2024-04,-33.49753694581281,3.8961038961038863,18.0,-13.567839195979904,-34.91379310344828
"Melissa, TX",2024-03-01,2024-05-31,145.0,500000.0,72.0,98.21,9.66,193.0,312.0,158.0,153.0,195.48,3.3,21.57,Melissa,2024,5,2024-05,-39.583333333333336,-1.8633540372670843,16.0,-20.576131687242793,-37.295081967213115
"Melissa, TX",2024-04-01,2024-06-30,138.0,500000.0,65.0,98.33,13.77,205.0,338.0,192.0,136.0,195.57,4.2,18.38,Melissa,2024,6,2024-06,-38.93805309734514,19.254658385093173,14.0,-14.583333333333337,-42.85714285714286
"Melissa, TX",2024-05-01,2024-07-31,122.0,502462.0,69.0,98.36,13.11,182.0,338.0,184.0,136.0,195.31,4.6,17.65,Melissa,2024,7,2024-07,-47.86324786324786,16.455696202531644,27.0,-25.409836065573764,-37.32718894009217
"Melissa, TX",2024-06-01,2024-08-31,114.0,507462.0,69.0,97.96,7.02,169.0,325.0,178.0,126.0,198.46,4.8,14.29,Melissa,2024,8,2024-08,-49.33333333333333,-1.1111111111111072,22.0,-36.940298507462686,-42.72727272727273
"Melissa, TX",2024-07-01,2024-09-30,116.0,526250.0,73.0,98.02,4.31,138.0,326.0,180.0,127.0,198.04,4.8,11.02,Melissa,2024,9,2024-09,-46.04651162790697,10.429447852760742,32.0,-41.52542372881356,-39.523809523809526
"Melissa, TX",2024-08-01,2024-10-31,124.0,527500.0,78.0,97.92,4.84,127.0,306.0,166.0,119.0,197.63,4.1,11.76,Melissa,2024,10,2024-10,-40.66985645933015,5.063291139240511,31.0,-39.523809523809526,-40.201005025125625
"Melissa, TX",2024-09-01,2024-11-30,115.0,520000.0,86.0,97.84,7.83,110.0,284.0,149.0,110.0,193.25,3.9,14.55,Melissa,2024,11,2024-11,-38.17204301075269,-13.8728323699422,30.0,-35.29411764705882,-32.515337423312886
"Melissa, TX",2024-10-01,2024-12-31,100.0,500000.0,88.0,97.86,7.0,84.0,262.0,133.0,98.0,194.07,4.1,14.29,Melissa,2024,12,2024-12,-38.65030674846626,-13.636363636363635,18.0,-40.0,-26.315789473684216
"Melissa, TX",2024-11-01,2025-01-31,88.0,523500.0,95.0,97.8,4.55,97.0,256.0,145.0,82.0,192.84,5.1,13.41,Melissa,2025,1,2025-01,-37.5886524822695,2.8368794326241176,15.0,-30.714285714285715,-36.434108527131784
"Melissa, TX",2024-12-01,2025-02-28,81.0,529000.0,88.0,97.97,1.23,109.0,247.0,150.0,78.0,194.87,5.6,11.54,Melissa,2025,2,2025-02,-37.69230769230769,20.967741935483875,-7.0,10.1010101010101,-43.065693430656935
"Melissa, TX",2025-01-01,2025-03-31,87.0,529000.0,117.0,97.5,2.3,145.0,268.0,160.0,99.0,195.24,5.5,16.16,Melissa,2025,3,2025-03,-33.587786259541986,15.107913669064743,22.0,2.1126760563380254,-36.12903225806452
"Melissa, TX",2025-02-01,2025-04-30,93.0,499990.0,76.0,97.97,7.53,168.0,303.0,193.0,103.0,194.87,6.2,17.48,Melissa,2025,4,2025-04,-31.11111111111111,20.625000000000004,-5.0,-2.3255813953488413,-31.78807947019867
"Melissa, TX",2025-03-01,2025-05-31,101.0,505000.0,61.0,97.82,6.93,201.0,337.0,199.0,122.0,195.84,6.0,18.03,Melissa,2025,5,2025-05,-30.3448275862069,25.9493670886076,-11.0,4.145077720207246,-20.261437908496728
"Melissa, TX",2025-04-01,2025-06-30,107.0,484493.0,57.0,98.48,6.54,194.0,341.0,192.0,115.0,196.75,5.4,13.91,Melissa,2025,6,2025-06,-22.463768115942027,0.0,-8.0,-5.36585365853659,-15.441176470588236
"Melissa, TX",2025-05-01,2025-07-31,110.0,490795.0,57.0,97.98,2.73,182.0,362.0,206.0,114.0,199.72,5.7,13.16,Melissa,2025,7,2025-07,-9.836065573770492,11.956521739130444,-12.0,0.0,-16.176470588235293
"Melissa, TX",2025-06-01,2025-08-31,98.0,470888.0,61.0,97.63,5.1,149.0,335.0,181.0,108.0,196.15,5.7,10.19,Melissa,2025,8,2025-08,-14.035087719298245,1.6853932584269593,-8.0,-11.834319526627224,-14.28571428571429
"Melissa, TX",2025-07-01,2025-09-30,95.0,470000.0,73.0,97.15,3.16,131.0,314.0,159.0,106.0,193.33,5.1,10.38,Melissa,2025,9,2025-09,-18.103448275862068,-11.66666666666667,0.0,-5.072463768115942,-16.535433070866144
"Melissa, TX",2025-08-01,2025-10-31,99.0,470000.0,88.0,97.3,5.05,105.0,298.0,150.0,102.0,188.98,4.6,16.67,Melissa,2025,10,2025-10,-20.161290322580648,-9.638554216867467,10.0,-17.322834645669293,-14.28571428571429
"Melissa, TX",2025-09-01,2025-11-30,101.0,450000.0,103.0,97.61,5.94,95.0,267.0,136.0,91.0,188.65,4.1,13.19,Melissa,2025,11,2025-11,-12.173913043478258,-8.7248322147651,17.0,-13.636363636363635,-17.272727272727273
"Melissa, TX",2025-10-01,2025-12-31,88.0,440000.0,103.0,97.66,7.95,84.0,236.0,120.0,69.0,180.88,4.2,14.49,Melissa,2025,12,2025-12,-12.0,-9.774436090225569,15.0,0.0,-29.591836734693878
"Melissa, TX",2025-11-01,2026-01-31,64.0,432500.0,111.0,97.57,6.25,85.0,224.0,131.0,60.0,180.53,6.3,5.0,Melissa,2026,1,2026-01,-27.27272727272727,-9.6551724137931,16.0,-12.371134020618557,-26.82926829268293
"Melissa, TX",2025-12-01,2026-02-28,57.0,430000.0,93.0,97.56,1.75,101.0,223.0,137.0,73.0,185.82,7.2,6.85,Melissa,2026,2,2026-02,-29.629629629629626,-8.666666666666668,5.0,-7.339449541284404,-6.41025641025641
"Melissa, TX",2026-01-01,2026-03-31,73.0,444000.0,86.0,97.68,4.11,149.0,262.0,148.0,105.0,184.25,6.1,18.1,Melissa,2026,3,2026-03,-16.09195402298851,-7.499999999999996,-31.0,2.758620689655178,6.060606060606055
"Melissa, TX",2026-02-01,2026-04-30,95.0,435000.0,70.0,97.87,10.53,179.0,302.0,171.0,123.0,183.44,5.3,21.14,Melissa,2026,4,2026-04,2.1505376344086002,-11.398963730569944,-6.0,6.547619047619047,19.41747572815533
"Melissa, TX",2026-03-01,2026-05-31,122.0,432450.0,60.0,97.77,13.93,206.0,330.0,192.0,118.0,182.92,4.8,26.27,Melissa,2026,5,2026-05,20.79207920792079,-3.5175879396984966,-1.0,2.487562189054726,-3.2786885245901676
"Melissa, TX",2026-04-01,2026-06-30,105.0,435000.0,57.0,97.81,16.19,188.0,327.0,193.0,110.0,180.77,5.6,20.91,Melissa,2026,6,2026-06,-1.869158878504673,0.5208333333333259,0.0,-3.0927835051546393,-4.347826086956519
"Melissa, TX",2026-05-01,2026-07-31,105.0,449774.0,60.0,97.9,12.64,159.0,316.0,178.0,95.0,181.6,5.2,16.84,Melissa,2026,7,2026-07,-4.545454545454541,-13.592233009708742,3.0,-12.637362637362637,-16.666666666666664
"Plano, TX",2018-01-01,2018-03-31,710.0,338050.0,32.0,98.6,25.07,1012.0,1487.0,645.0,936.0,141.75,2.7,52.14,Plano,2018,3,2018-03,,,,,
"Plano, TX",2018-02-01,2018-04-30,846.0,345250.0,26.0,98.93,28.49,1213.0,1729.0,737.0,1058.0,143.61,2.6,57.56,Plano,2018,4,2018-04,,,,,
"Plano, TX",2018-03-01,2018-05-31,986.0,354500.0,25.0,99.14,29.51,1434.0,1966.0,873.0,1164.0,143.33,2.7,58.08,Plano,2018,5,2018-05,,,,,
"Plano, TX",2018-04-01,2018-06-30,1066.0,355000.0,26.0,99.26,28.42,1494.0,2109.0,955.0,1160.0,143.86,2.7,56.64,Plano,2018,6,2018-06,,,,,
"Plano, TX",2018-05-01,2018-07-31,1090.0,350000.0,27.0,99.22,27.25,1448.0,2155.0,979.0,1123.0,144.52,2.8,50.22,Plano,2018,7,2018-07,,,,,
"Plano, TX",2018-06-01,2018-08-31,1021.0,349000.0,30.0,98.87,22.23,1275.0,2119.0,915.0,1043.0,144.57,2.7,41.9,Plano,2018,8,2018-08,,,,,
"Plano, TX",2018-07-01,2018-09-30,891.0,336750.0,37.0,98.55,18.52,1056.0,1970.0,865.0,932.0,144.7,3.0,35.94,Plano,2018,9,2018-09,,,,,
"Plano, TX",2018-08-01,2018-10-31,807.0,337500.0,43.0,98.29,13.63,908.0,1837.0,833.0,827.0,143.39,3.2,32.04,Plano,2018,10,2018-10,,,,,
"Plano, TX",2018-09-01,2018-11-30,706.0,330000.0,46.0,98.22,12.61,797.0,1669.0,784.0,726.0,143.92,3.4,30.58,Plano,2018,11,2018-11,,,,,
"Plano, TX",2018-10-01,2018-12-31,659.0,329750.0,48.0,98.1,13.05,676.0,1516.0,619.0,667.0,141.36,2.9,28.94,Plano,2018,12,2018-12,,,,,
"Plano, TX",2018-11-01,2019-01-31,577.0,320000.0,54.0,97.87,12.48,648.0,1423.0,608.0,648.0,141.48,3.2,29.17,Plano,2019,1,2019-01,,,,,
"Plano, TX",2018-12-01,2019-02-28,564.0,319250.0,54.0,97.58,12.41,706.0,1415.0,676.0,656.0,141.48,3.6,31.1,Plano,2019,2,2019-02,,,,,
"Plano, TX",2019-01-01,2019-03-31,586.0,329000.0,46.0,97.73,11.43,977.0,1542.0,747.0,792.0,142.46,3.8,40.4,Plano,2019,3,2019-03,-17.464788732394364,15.81395348837209,14.0,-3.4584980237154173,-15.384615384615385
"Plano, TX",2019-02-01,2019-04-30,708.0,339500.0,32.0,98.19,15.25,1204.0,1761.0,876.0,938.0,142.32,3.7,43.07,Plano,2019,4,2019-04,-16.312056737588655,18.860244233378552,6.0,-0.7419620774938185,-11.342155009451794
"Plano, TX",2019-03-01,2019-05-31,890.0,345000.0,32.0,98.43,16.85,1385.0,2016.0,938.0,1105.0,142.91,3.2,45.97,Plano,2019,5,2019-05,-9.73630831643002,7.44558991981672,7.0,-3.4170153417015348,-5.068728522336774
"Plano, TX",2019-04-01,2019-06-30,983.0,345000.0,32.0,98.44,17.9,1384.0,2098.0,980.0,1098.0,143.78,3.0,43.35,Plano,2019,6,2019-06,-7.786116322701686,2.617801047120416,6.0,-7.362784471218209,-5.344827586206902
"Plano, TX",2019-05-01,2019-07-31,1051.0,345000.0,35.0,98.27,15.6,1297.0,2128.0,978.0,1058.0,144.77,2.9,41.78,Plano,2019,7,2019-07,-3.5779816513761498,-0.10214504596527396,8.0,-10.428176795580113,-5.788067675868214
"Plano, TX",2019-06-01,2019-08-31,952.0,349000.0,38.0,98.11,13.13,1154.0,2046.0,949.0,975.0,144.88,3.1,36.41,Plano,2019,8,2019-08,-6.758080313418214,3.71584699453551,8.0,-9.490196078431367,-6.519654841802492
"Plano, TX",2019-07-01,2019-09-30,861.0,343000.0,43.0,97.87,10.45,1021.0,1950.0,884.0,925.0,144.42,3.1,35.03,Plano,2019,9,2019-09,-3.367003367003363,2.196531791907508,6.0,-3.3143939393939448,-0.7510729613733891
"Plano, TX",2019-08-01,2019-10-31,769.0,340000.0,49.0,97.75,11.05,904.0,1831.0,820.0,838.0,145.12,3.3,33.53,Plano,2019,10,2019-10,-4.708798017348204,-1.5606242496998823,6.0,-0.4405286343612369,1.330108827085863
"Plano, TX",2019-09-01,2019-11-30,712.0,335000.0,54.0,97.73,12.22,806.0,1712.0,784.0,796.0,145.09,3.3,31.78,Plano,2019,11,2019-11,0.8498583569405138,0.0,8.0,1.129234629861986,9.641873278236911
"Plano, TX",2019-10-01,2019-12-31,720.0,340000.0,54.0,97.87,12.64,675.0,1532.0,613.0,721.0,145.79,2.6,29.68,Plano,2019,12,2019-12,9.256449165402113,-0.9693053311793265,6.0,-0.14792899408283544,8.095952023988007
"Plano, TX",2019-11-01,2020-01-31,655.0,340100.0,56.0,97.82,11.45,657.0,1441.0,591.0,753.0,144.55,2.8,31.21,Plano,2020,1,2020-01,13.518197573656842,-2.796052631578949,2.0,1.388888888888884,16.2037037037037
"Plano, TX",2019-12-01,2020-02-29,677.0,341000.0,53.0,97.95,11.82,720.0,1440.0,601.0,786.0,145.48,2.7,36.51,Plano,2020,2,2020-02,20.035460992907804,-11.094674556213013,-1.0,1.9830028328611915,19.817073170731714
"Plano, TX",2020-01-01,2020-03-31,683.0,342500.0,47.0,98.12,14.79,912.0,1477.0,594.0,892.0,145.87,2.6,45.52,Plano,2020,3,2020-03,16.552901023890776,-20.481927710843372,1.0,-6.653019447287612,12.62626262626263
"Plano, TX",2020-02-01,2020-04-30,722.0,340750.0,36.0,98.42,17.87,921.0,1473.0,611.0,826.0,146.59,2.5,51.21,Plano,2020,4,2020-04,1.9774011299435124,-30.251141552511417,4.0,-23.504983388704314,-11.940298507462687
"Plano, TX",2020-03-01,2020-05-31,728.0,345000.0,32.0,98.46,20.05,970.0,1526.0,636.0,839.0,147.31,2.7,54.23,Plano,2020,5,2020-05,-18.202247191011235,-32.19616204690831,0.0,-29.963898916967512,-24.072398190045252
"Plano, TX",2020-04-01,2020-06-30,765.0,355000.0,30.0,98.55,21.31,1036.0,1589.0,679.0,958.0,149.01,2.7,50.94,Plano,2020,6,2020-06,-22.177009155645976,-30.714285714285715,-2.0,-25.144508670520228,-12.750455373406188
"Plano, TX",2020-05-01,2020-07-31,913.0,365000.0,30.0,98.6,22.23,1183.0,1767.0,654.0,1103.0,150.97,2.2,51.31,Plano,2020,7,2020-07,-13.13035204567079,-33.12883435582822,-5.0,-8.789514263685428,4.253308128544431
"Plano, TX",2020-06-01,2020-08-31,1025.0,368000.0,30.0,98.78,24.49,1196.0,1796.0,633.0,1168.0,153.06,1.9,54.79,Plano,2020,8,2020-08,7.668067226890751,-33.298208640674396,-8.0,3.6395147313691423,19.794871794871803
"Plano, TX",2020-07-01,2020-09-30,1058.0,368000.0,30.0,98.89,27.03,1079.0,1724.0,578.0,1104.0,153.85,1.7,53.8,Plano,2020,9,2020-09,22.880371660859456,-34.61538461538461,-13.0,5.680705190989221,19.351351351351354
"Plano, TX",2020-08-01,2020-10-31,1015.0,370750.0,31.0,98.96,29.46,987.0,1610.0,507.0,1080.0,153.74,1.5,53.06,Plano,2020,10,2020-10,31.989596879063708,-38.170731707317074,-18.0,9.18141592920354,28.878281622911683
"Plano, TX",2020-09-01,2020-11-30,941.0,370000.0,30.0,99.11,31.03,835.0,1453.0,401.0,992.0,154.79,1.3,51.71,Plano,2020,11,2020-11,32.1629213483146,-48.85204081632652,-24.0,3.598014888337464,24.623115577889454
"Plano, TX",2020-10-01,2020-12-31,923.0,372063.0,29.0,99.16,31.64,738.0,1300.0,293.0,884.0,155.25,1.0,54.41,Plano,2020,12,2020-12,28.194444444444457,-52.20228384991843,-25.0,9.333333333333327,22.607489597780848
"Plano, TX",2020-11-01,2021-01-31,796.0,371625.0,29.0,99.38,32.91,672.0,1161.0,285.0,853.0,157.99,1.1,57.68,Plano,2021,1,2021-01,21.526717557251906,-51.776649746192895,-27.0,2.2831050228310446,13.280212483399744
"Plano, TX",2020-12-01,2021-02-28,768.0,375000.0,27.0,99.84,38.67,638.0,1021.0,207.0,770.0,160.52,0.8,61.82,Plano,2021,2,2021-02,13.441654357459388,-65.55740432612312,-26.0,-11.388888888888893,-2.035623409669207
"Plano, TX",2021-01-01,2021-03-31,727.0,388000.0,22.0,101.13,49.38,768.0,1049.0,249.0,838.0,165.65,1.0,72.91,Plano,2021,3,2021-03,6.44216691068813,-58.08080808080809,-25.0,-15.789473684210531,-6.053811659192821
"Plano, TX",2021-02-01,2021-04-30,799.0,405000.0,18.0,102.8,62.2,933.0,1207.0,318.0,893.0,172.74,1.2,80.96,Plano,2021,4,2021-04,10.664819944598335,-47.95417348608838,-18.0,1.3029315960912058,8.111380145278456
"Plano, TX",2021-03-01,2021-05-31,899.0,420000.0,17.0,104.21,69.74,1140.0,1342.0,334.0,1051.0,177.81,1.1,84.02,Plano,2021,5,2021-05,23.489010989010993,-47.48427672955975,-15.0,17.525773195876294,25.26817640047676
"Plano, TX",2021-04-01,2021-06-30,989.0,440000.0,16.0,105.27,75.63,1249.0,1490.0,354.0,1124.0,180.61,1.1,81.85,Plano,2021,6,2021-06,29.281045751633993,-47.86450662739322,-14.0,20.559845559845556,17.327766179540703
"Plano, TX",2021-05-01,2021-07-31,1086.0,441250.0,16.0,105.2,73.85,1293.0,1606.0,421.0,1177.0,182.72,1.2,77.91,Plano,2021,7,2021-07,18.94852135815992,-35.62691131498471,-14.0,9.298393913778536,6.708975521305538
"Plano, TX",2021-06-01,2021-08-31,1115.0,445000.0,17.0,104.48,69.96,1235.0,1560.0,380.0,1156.0,185.19,1.0,71.71,Plano,2021,8,2021-08,8.780487804878057,-39.96840442338072,-13.0,3.2608695652173836,-1.0273972602739767
"Plano, TX",2021-07-01,2021-09-30,1056.0,440000.0,19.0,103.34,64.3,1074.0,1420.0,335.0,1061.0,186.12,1.0,66.82,Plano,2021,9,2021-09,-0.1890359168241984,-42.04152249134948,-11.0,-0.4633920296570948,-3.8949275362318847
"Plano, TX",2021-08-01,2021-10-31,976.0,435000.0,21.0,102.38,59.63,911.0,1322.0,296.0,977.0,186.26,0.9,64.79,Plano,2021,10,2021-10,-3.842364532019704,-41.61735700197239,-10.0,-7.7001013171225985,-9.537037037037033
"Plano, TX",2021-09-01,2021-11-30,886.0,438250.0,21.0,102.36,58.47,778.0,1152.0,226.0,901.0,188.21,0.8,64.26,Plano,2021,11,2021-11,-5.844845908607866,-43.64089775561097,-9.0,-6.826347305389224,-9.173387096774189
"Plano, TX",2021-10-01,2021-12-31,834.0,440000.0,20.0,102.76,58.99,662.0,991.0,149.0,788.0,191.58,0.5,65.99,Plano,2021,12,2021-12,-9.642470205850485,-49.14675767918089,-9.0,-10.29810298102981,-10.859728506787325
"Plano, TX",2021-11-01,2022-01-31,708.0,450000.0,19.0,103.55,61.86,537.0,826.0,149.0,658.0,198.6,0.6,65.35,Plano,2022,1,2022-01,-11.05527638190955,-47.71929824561404,-10.0,-20.089285714285708,-22.860492379835872
"Plano, TX",2021-12-01,2022-02-28,584.0,452000.0,19.0,104.71,66.44,514.0,735.0,166.0,552.0,204.75,0.9,70.29,Plano,2022,2,2022-02,-23.958333333333336,-19.806763285024154,-8.0,-19.43573667711599,-28.31168831168831
"Plano, TX",2022-01-01,2022-03-31,538.0,480000.0,15.0,107.15,74.72,671.0,818.0,226.0,635.0,214.84,1.3,81.1,Plano,2022,3,2022-03,-25.99724896836314,-9.236947791164663,-7.0,-12.630208333333337,-24.224343675417657
"Plano, TX",2022-02-01,2022-04-30,644.0,520000.0,13.0,109.48,82.61,846.0,991.0,263.0,756.0,226.43,1.2,85.19,Plano,2022,4,2022-04,-19.399249061326664,-17.295597484276726,-5.0,-9.324758842443725,-15.341545352743557
"Plano, TX",2022-03-01,2022-05-31,763.0,550000.0,13.0,109.92,82.96,1047.0,1204.0,344.0,927.0,232.05,1.4,84.47,Plano,2022,5,2022-05,-15.127919911012233,2.9940119760478945,-4.0,-8.157894736842108,-11.79828734538535
"Plano, TX",2022-04-01,2022-06-30,853.0,552000.0,14.0,108.79,79.25,1148.0,1366.0,445.0,925.0,234.62,1.6,81.3,Plano,2022,6,2022-06,-13.751263902932253,25.70621468926553,-2.0,-8.086469175340271,-17.704626334519567
"Plano, TX",2022-05-01,2022-07-31,826.0,548738.0,15.0,106.26,70.22,1195.0,1446.0,540.0,903.0,230.07,2.0,74.09,Plano,2022,7,2022-07,-23.94106813996317,28.266033254156774,-1.0,-7.579273008507348,-23.279524214103652
"Plano, TX",2022-06-01,2022-08-31,820.0,530000.0,18.0,103.16,56.34,1128.0,1466.0,527.0,901.0,223.01,2.0,60.16,Plano,2022,8,2022-08,-26.45739910313901,38.68421052631579,1.0,-8.663967611336032,-22.058823529411764
"Plano, TX",2022-07-01,2022-09-30,775.0,520000.0,23.0,100.54,40.52,966.0,1399.0,483.0,828.0,218.88,1.9,52.05,Plano,2022,9,2022-09,-26.609848484848484,44.17910447761193,4.0,-10.05586592178771,-21.960414703110274
"Plano, TX",2022-08-01,2022-10-31,736.0,510000.0,27.0,99.37,32.2,801.0,1322.0,475.0,739.0,218.17,2.0,46.96,Plano,2022,10,2022-10,-24.590163934426236,60.47297297297298,6.0,-12.07464324917673,-24.36028659160696
"Plano, TX",2022-09-01,2022-11-30,633.0,485000.0,30.0,98.8,26.07,673.0,1179.0,444.0,598.0,213.71,2.1,45.65,Plano,2022,11,2022-11,-28.555304740406317,96.46017699115043,9.0,-13.496143958868888,-33.62930077691454
"Plano, TX",2022-10-01,2022-12-31,551.0,470000.0,33.0,98.47,23.77,526.0,998.0,356.0,509.0,211.79,2.0,38.9,Plano,2022,12,2022-12,-33.932853717026376,138.9261744966443,13.0,-20.543806646525674,-35.40609137055838
"Plano, TX",2022-11-01,2023-01-31,450.0,460000.0,37.0,97.85,17.33,463.0,923.0,318.0,540.0,207.2,2.2,34.81,Plano,2023,1,2023-01,-36.440677966101696,113.42281879194628,18.0,-13.780260707635005,-17.933130699088153
"Plano, TX",2022-12-01,2023-02-28,468.0,480000.0,41.0,97.92,18.8,446.0,871.0,271.0,555.0,209.17,1.7,40.36,Plano,2023,2,2023-02,-19.863013698630137,63.25301204819278,22.0,-13.229571984435795,0.5434782608695565
"Plano, TX",2023-01-01,2023-03-31,497.0,499459.0,32.0,98.73,25.96,577.0,914.0,295.0,632.0,212.88,1.8,52.22,Plano,2023,3,2023-03,-7.620817843866168,30.530973451327426,17.0,-14.008941877794335,-0.47244094488189115
"Plano, TX",2023-02-01,2023-04-30,594.0,500000.0,28.0,99.72,35.69,671.0,975.0,305.0,637.0,219.9,1.5,62.79,Plano,2023,4,2023-04,-7.7639751552795015,15.969581749049432,15.0,-20.685579196217496,-15.740740740740744
"Plano, TX",2023-03-01,2023-05-31,640.0,510000.0,23.0,100.51,43.44,807.0,1065.0,325.0,717.0,222.15,1.6,66.11,Plano,2023,5,2023-05,-16.12057667103539,-5.523255813953487,10.0,-22.92263610315186,-22.653721682847895
"Plano, TX",2023-04-01,2023-06-30,676.0,520000.0,20.0,100.84,46.75,879.0,1160.0,416.0,730.0,223.2,1.9,64.52,Plano,2023,6,2023-06,-20.75029308323564,-6.516853932584265,6.0,-23.43205574912892,-21.081081081081077
"Plano, TX",2023-05-01,2023-07-31,674.0,532953.0,21.0,100.64,44.07,920.0,1215.0,452.0,746.0,222.73,2.1,61.93,Plano,2023,7,2023-07,-18.401937046004846,-16.296296296296298,6.0,-23.01255230125523,-17.386489479512733
"Plano, TX",2023-06-01,2023-08-31,676.0,525500.0,23.0,100.05,38.31,885.0,1204.0,449.0,694.0,224.05,2.0,54.32,Plano,2023,8,2023-08,-17.560975609756103,-14.800759013282727,5.0,-21.542553191489368,-22.97447280799112
"Plano, TX",2023-07-01,2023-09-30,631.0,520000.0,27.0,99.26,31.22,779.0,1183.0,436.0,649.0,224.27,2.1,47.92,Plano,2023,9,2023-09,-18.58064516129032,-9.730848861283647,4.0,-19.358178053830233,-21.6183574879227
"Plano, TX",2023-08-01,2023-10-31,587.0,511000.0,28.0,98.93,26.06,707.0,1152.0,435.0,599.0,223.21,2.3,43.57,Plano,2023,10,2023-10,-20.244565217391308,-8.421052631578952,1.0,-11.735330836454427,-18.944519621109613
"Plano, TX",2023-09-01,2023-11-30,503.0,505000.0,29.0,98.78,23.26,626.0,1065.0,406.0,545.0,220.66,2.4,42.2,Plano,2023,11,2023-11,-20.53712480252765,-8.558558558558559,-1.0,-6.983655274888556,-8.862876254180607
"Plano, TX",2023-10-01,2023-12-31,490.0,500000.0,32.0,98.65,22.86,546.0,971.0,316.0,529.0,217.03,2.0,38.94,Plano,2023,12,2023-12,-11.07078039927405,-11.23595505617978,-1.0,3.802281368821303,3.9292730844793677
"Plano, TX",2023-11-01,2024-01-31,456.0,495000.0,36.0,98.25,21.05,504.0,916.0,309.0,534.0,215.74,2.1,37.27,Plano,2024,1,2024-01,1.333333333333342,-2.8301886792452824,-1.0,8.855291576673864,-1.1111111111111072
"Plano, TX",2023-12-01,2024-02-29,474.0,510000.0,36.0,98.43,22.36,570.0,949.0,353.0,549.0,220.04,2.3,45.36,Plano,2024,2,2024-02,1.2820512820512775,30.25830258302582,-5.0,27.802690582959634,-1.0810810810810811
"Plano, TX",2024-01-01,2024-03-31,511.0,510000.0,30.0,98.87,25.24,765.0,1065.0,429.0,654.0,226.07,2.5,55.35,Plano,2024,3,2024-03,2.8169014084507005,45.423728813559315,-2.0,32.58232235701905,3.4810126582278444
"Plano, TX",2024-02-01,2024-04-30,614.0,512000.0,26.0,99.4,32.08,920.0,1217.0,455.0,747.0,228.96,2.2,59.3,Plano,2024,4,2024-04,3.367003367003374,49.18032786885247,-2.0,37.10879284649777,17.268445839874413
"Plano, TX",2024-03-01,2024-05-31,731.0,518000.0,24.0,99.41,33.11,1020.0,1360.0,523.0,819.0,229.22,2.2,57.75,Plano,2024,5,2024-05,14.218749999999991,60.92307692307693,1.0,26.394052044609673,14.225941422594147
"Plano, TX",2024-04-01,2024-06-30,750.0,520009.0,25.0,99.24,31.47,1037.0,1455.0,600.0,788.0,229.0,2.4,53.43,Plano,2024,6,2024-06,10.946745562130179,44.230769230769226,5.0,17.974971558589314,7.9452054794520555
"Plano, TX",2024-05-01,2024-07-31,741.0,527500.0,27.0,98.78,26.45,1019.0,1455.0,640.0,736.0,227.49,2.6,48.91,Plano,2024,7,2024-07,9.940652818991103,41.5929203539823,6.0,10.760869565217401,-1.3404825737265424
"Plano, TX",2024-06-01,2024-08-31,683.0,524000.0,31.0,98.41,22.69,1023.0,1525.0,723.0,712.0,227.27,3.2,42.7,Plano,2024,8,2024-08,1.0355029585798814,61.02449888641426,8.0,15.593220338983048,2.5936599423631135
"Plano, TX",2024-07-01,2024-09-30,641.0,520000.0,32.0,98.26,19.5,950.0,1517.0,730.0,699.0,225.98,3.5,38.77,Plano,2024,9,2024-09,1.5847860538827252,67.43119266055047,5.0,21.95121951219512,7.704160246533132
"Plano, TX",2024-08-01,2024-10-31,602.0,525000.0,36.0,97.94,15.78,902.0,1520.0,734.0,684.0,224.74,3.7,36.26,Plano,2024,10,2024-10,2.555366269165238,68.73563218390804,8.0,27.58132956152759,14.190317195325552
"Plano, TX",2024-09-01,2024-11-30,571.0,525000.0,37.0,97.63,13.31,764.0,1463.0,674.0,655.0,222.66,3.6,33.28,Plano,2024,11,2024-11,13.518886679920472,66.00985221674878,8.0,22.0447284345048,20.1834862385321
"Plano, TX",2024-10-01,2024-12-31,579.0,530000.0,44.0,97.31,12.26,621.0,1329.0,538.0,607.0,223.1,2.8,29.49,Plano,2024,12,2024-12,18.163265306122444,70.25316455696202,12.0,13.736263736263732,14.744801512287342
"Plano, TX",2024-11-01,2025-01-31,540.0,525000.0,49.0,97.24,11.85,623.0,1309.0,595.0,600.0,221.73,3.4,27.83,Plano,2025,1,2025-01,18.421052631578938,92.55663430420714,13.0,23.611111111111114,12.35955056179776
"Plano, TX",2024-12-01,2025-02-28,544.0,520000.0,53.0,97.64,12.68,687.0,1305.0,590.0,663.0,223.07,3.3,33.48,Plano,2025,2,2025-02,14.767932489451475,67.13881019830028,17.0,20.52631578947368,20.76502732240437
"Plano, TX",2025-01-01,2025-03-31,590.0,530000.0,46.0,98.09,16.27,875.0,1394.0,649.0,742.0,224.79,3.3,39.76,Plano,2025,3,2025-03,15.459882583170259,51.28205128205128,16.0,14.379084967320255,13.455657492354733
"Plano, TX",2025-02-01,2025-04-30,652.0,542000.0,34.0,98.54,18.87,999.0,1566.0,756.0,789.0,226.81,3.4,44.11,Plano,2025,4,2025-04,6.1889250814332275,66.15384615384616,8.0,8.58695652173913,5.622489959839361
"Plano, TX",2025-03-01,2025-05-31,690.0,550000.0,33.0,98.44,19.86,1175.0,1736.0,944.0,770.0,225.32,4.2,42.6,Plano,2025,5,2025-05,-5.608755129958965,80.49713193116634,9.0,15.19607843137254,-5.982905982905984
"Plano, TX",2025-04-01,2025-06-30,671.0,538000.0,32.0,98.35,18.93,1258.0,1879.0,1043.0,793.0,223.69,4.7,39.97,Plano,2025,6,2025-06,-10.533333333333328,73.83333333333333,7.0,21.311475409836067,0.6345177664974555
"Plano, TX",2025-05-01,2025-07-31,702.0,530000.0,35.0,97.94,17.24,1198.0,1926.0,1005.0,799.0,222.2,4.4,34.67,Plano,2025,7,2025-07,-5.263157894736848,57.03125,8.0,17.566241413150152,8.559782608695654
"Plano, TX",2025-06-01,2025-08-31,724.0,515000.0,40.0,97.79,13.95,1077.0,1977.0,999.0,803.0,221.14,4.2,31.88,Plano,2025,8,2025-08,6.002928257686668,38.17427385892116,9.0,5.278592375366564,12.7808988764045
"Plano, TX",2025-07-01,2025-09-30,702.0,515000.0,51.0,97.43,9.97,915.0,1905.0,901.0,778.0,219.21,3.9,27.63,Plano,2025,9,2025-09,9.51638065522622,23.424657534246585,19.0,-3.68421052631579,11.301859799713876
"Plano, TX",2025-08-01,2025-10-31,668.0,502000.0,55.0,97.27,8.38,829.0,1775.0,856.0,725.0,217.63,3.9,26.07,Plano,2025,10,2025-10,10.963455149501655,16.62125340599454,19.0,-8.093126385809313,5.9941520467836185
"Plano, TX",2025-09-01,2025-11-30,599.0,510000.0,58.0,96.91,6.68,688.0,1646.0,755.0,678.0,215.42,3.8,24.93,Plano,2025,11,2025-11,4.903677758318747,12.01780415430267,21.0,-9.947643979057597,3.511450381679393
"Plano, TX",2025-10-01,2025-12-31,623.0,503900.0,60.0,96.86,7.06,571.0,1446.0,593.0,603.0,216.49,2.9,24.05,Plano,2025,12,2025-12,7.599309153713296,10.22304832713754,16.0,-8.051529790660227,-0.658978583196046
"Plano, TX",2025-11-01,2026-01-31,530.0,499000.0,62.0,96.85,6.98,539.0,1348.0,587.0,576.0,216.85,3.4,24.48,Plano,2026,1,2026-01,-1.851851851851849,-1.3445378151260456,13.0,-13.48314606741573,-4.0000000000000036
"Plano, TX",2025-12-01,2026-02-28,515.0,485000.0,66.0,97.19,8.74,621.0,1303.0,636.0,579.0,216.68,3.7,26.94,Plano,2026,2,2026-02,-5.330882352941179,7.796610169491536,13.0,-9.606986899563319,-12.669683257918551
"Plano, TX",2026-01-01,2026-03-31,497.0,485000.0,57.0,97.9,12.47,815.0,1361.0,666.0,720.0,218.57,4.0,33.06,Plano,2026,3,2026-03,-15.762711864406775,2.6194144838212585,11.0,-6.857142857142861,-2.96495956873315
"Plano, TX",2026-02-01,2026-04-30,630.0,500000.0,45.0,98.12,14.76,965.0,1510.0,706.0,813.0,218.57,3.3,39.98,Plano,2026,4,2026-04,-3.3742331288343586,-6.613756613756616,11.0,-3.4034034034034044,3.041825095057038
"Plano, TX",2026-03-01,2026-05-31,718.0,518500.0,37.0,98.13,16.43,1031.0,1625.0,755.0,846.0,220.43,3.2,41.61,Plano,2026,5,2026-05,4.057971014492745,-20.021186440677962,4.0,-12.255319148936172,9.870129870129873
"Plano, TX",2026-04-01,2026-06-30,753.0,530000.0,36.0,98.01,15.8,1058.0,1676.0,772.0,803.0,221.57,3.1,41.34,Plano,2026,6,2026-06,12.220566318926984,-25.982742090124646,4.0,-15.89825119236884,1.261034047919285
"Plano, TX",2026-05-01,2026-07-31,732.0,539730.0,36.0,97.9,14.42,994.0,1661.0,807.0,748.0,222.44,3.4,36.5,Plano,2026,7,2026-07,4.2735042735042805,-19.701492537313435,1.0,-17.02838063439065,-6.382978723404253
"Princeton, TX",2018-01-01,2018-03-31,117.0,220000.0,30.0,98.68,22.22,172.0,224.0,70.0,165.0,122.97,1.8,55.15,Princeton,2018,3,2018-03,,,,,
"Princeton, TX",2018-02-01,2018-04-30,139.0,225900.0,25.0,99.21,28.78,155.0,227.0,58.0,177.0,127.04,1.2,58.19,Princeton,2018,4,2018-04,,,,,
"Princeton, TX",2018-03-01,2018-05-31,152.0,227900.0,25.0,99.56,28.95,193.0,247.0,65.0,190.0,127.59,1.3,63.16,Princeton,2018,5,2018-05,,,,,
"Princeton, TX",2018-04-01,2018-06-30,162.0,228900.0,19.0,99.51,25.93,171.0,238.0,82.0,171.0,127.36,1.5,59.06,Princeton,2018,6,2018-06,,,,,
"Princeton, TX",2018-05-01,2018-07-31,153.0,230000.0,19.0,99.46,21.57,168.0,222.0,77.0,150.0,130.01,1.5,56.0,Princeton,2018,7,2018-07,,,,,
"Princeton, TX",2018-06-01,2018-08-31,146.0,230250.0,22.0,99.34,19.18,138.0,201.0,94.0,132.0,132.69,2.0,45.45,Princeton,2018,8,2018-08,,,,,
"Princeton, TX",2018-07-01,2018-09-30,112.0,229950.0,25.0,99.07,18.75,107.0,187.0,91.0,106.0,130.74,2.5,36.79,Princeton,2018,9,2018-09,,,,,
"Princeton, TX",2018-08-01,2018-10-31,99.0,229900.0,41.0,99.02,19.19,110.0,185.0,93.0,101.0,127.33,2.9,26.73,Princeton,2018,10,2018-10,,,,,
"Princeton, TX",2018-09-01,2018-11-30,94.0,229900.0,52.0,97.81,17.02,104.0,196.0,78.0,117.0,122.1,2.5,22.22,Princeton,2018,11,2018-11,,,,,
"Princeton, TX",2018-10-01,2018-12-31,102.0,229900.0,53.0,98.04,12.75,104.0,194.0,78.0,117.0,122.3,2.3,25.64,Princeton,2018,12,2018-12,,,,,
"Princeton, TX",2018-11-01,2019-01-31,94.0,229945.0,50.0,97.32,7.45,97.0,186.0,80.0,111.0,120.84,2.6,21.62,Princeton,2019,1,2019-01,,,,,
"Princeton, TX",2018-12-01,2019-02-28,78.0,232900.0,58.0,98.19,3.85,98.0,175.0,80.0,98.0,120.83,3.1,23.47,Princeton,2019,2,2019-02,,,,,
"Princeton, TX",2019-01-01,2019-03-31,93.0,224900.0,49.0,98.4,9.68,124.0,201.0,79.0,127.0,126.42,2.5,29.92,Princeton,2019,3,2019-03,-20.512820512820518,12.857142857142856,19.0,-27.906976744186053,-23.030303030303035
"Princeton, TX",2019-02-01,2019-04-30,110.0,224900.0,37.0,98.66,9.09,154.0,233.0,96.0,151.0,130.45,2.6,42.38,Princeton,2019,4,2019-04,-20.863309352517987,65.51724137931035,12.0,-0.6451612903225823,-14.689265536723163
"Princeton, TX",2019-03-01,2019-05-31,127.0,224900.0,30.0,98.81,12.6,180.0,260.0,110.0,162.0,135.65,2.7,43.83,Princeton,2019,5,2019-05,-16.447368421052634,69.23076923076923,5.0,-6.735751295336789,-14.73684210526316
"Princeton, TX",2019-04-01,2019-06-30,135.0,225900.0,30.0,98.89,12.59,184.0,263.0,108.0,165.0,135.65,2.4,42.42,Princeton,2019,6,2019-06,-16.666666666666664,31.70731707317074,11.0,7.602339181286544,-3.508771929824561
"Princeton, TX",2019-05-01,2019-07-31,142.0,225900.0,32.0,99.03,14.79,148.0,244.0,88.0,157.0,133.13,1.9,33.76,Princeton,2019,7,2019-07,-7.189542483660127,14.28571428571428,13.0,-11.904761904761907,4.666666666666663
"Princeton, TX",2019-06-01,2019-08-31,153.0,227900.0,35.0,99.2,13.73,157.0,266.0,101.0,158.0,131.91,2.0,35.44,Princeton,2019,8,2019-08,4.794520547945202,7.446808510638303,13.0,13.768115942028981,19.696969696969703
"Princeton, TX",2019-07-01,2019-09-30,149.0,226900.0,40.0,99.04,10.74,151.0,259.0,93.0,146.0,129.76,1.9,33.56,Princeton,2019,9,2019-09,33.03571428571428,2.19780219780219,15.0,41.12149532710281,37.73584905660377
"Princeton, TX",2019-08-01,2019-10-31,142.0,227900.0,41.0,99.13,9.15,169.0,257.0,93.0,147.0,126.75,2.0,34.01,Princeton,2019,10,2019-10,43.434343434343425,0.0,0.0,53.63636363636364,45.54455445544554
"Princeton, TX",2019-09-01,2019-11-30,112.0,228200.0,40.0,99.11,8.04,152.0,253.0,107.0,140.0,126.75,2.9,31.43,Princeton,2019,11,2019-11,19.14893617021276,37.17948717948718,-12.0,46.153846153846146,19.658119658119656
"Princeton, TX",2019-10-01,2019-12-31,121.0,233900.0,35.0,99.07,11.57,143.0,236.0,107.0,123.0,129.57,2.7,30.08,Princeton,2019,12,2019-12,18.627450980392158,37.17948717948718,-18.0,37.5,5.128205128205132
"Princeton, TX",2019-11-01,2020-01-31,111.0,233900.0,38.0,98.38,11.71,134.0,223.0,92.0,127.0,128.04,2.5,26.77,Princeton,2020,1,2020-01,18.085106382978733,14.999999999999991,-12.0,38.144329896907216,14.414414414414424
"Princeton, TX",2019-12-01,2020-02-29,123.0,234003.0,38.0,98.13,10.57,113.0,216.0,80.0,139.0,127.92,2.0,21.58,Princeton,2020,2,2020-02,57.692307692307686,0.0,-20.0,15.306122448979597,41.836734693877546
"Princeton, TX",2020-01-01,2020-03-31,107.0,233900.0,53.0,97.67,9.35,128.0,234.0,93.0,145.0,122.88,2.6,20.0,Princeton,2020,3,2020-03,15.053763440860223,17.721518987341778,4.0,3.2258064516129004,14.173228346456689
"Princeton, TX",2020-02-01,2020-04-30,109.0,235059.0,60.0,98.13,12.84,124.0,215.0,82.0,133.0,121.85,2.3,24.81,Princeton,2020,4,2020-04,-0.9090909090909038,-14.583333333333337,23.0,-19.480519480519476,-11.92052980132451
"Princeton, TX",2020-03-01,2020-05-31,113.0,232500.0,60.0,98.27,14.16,129.0,204.0,74.0,133.0,122.87,2.0,27.82,Princeton,2020,5,2020-05,-11.023622047244096,-32.72727272727273,30.0,-28.333333333333332,-17.901234567901238
"Princeton, TX",2020-04-01,2020-06-30,114.0,235000.0,51.0,98.57,14.04,109.0,199.0,53.0,149.0,123.18,1.4,33.56,Princeton,2020,6,2020-06,-15.555555555555555,-50.92592592592593,21.0,-40.7608695652174,-9.696969696969692
"Princeton, TX",2020-05-01,2020-07-31,131.0,235000.0,40.0,98.78,19.08,113.0,194.0,60.0,131.0,125.15,1.4,35.88,Princeton,2020,7,2020-07,-7.746478873239438,-31.818181818181824,8.0,-23.648648648648653,-16.560509554140125
"Princeton, TX",2020-06-01,2020-08-31,130.0,247199.0,37.0,98.91,21.54,144.0,215.0,74.0,128.0,125.24,1.7,47.66,Princeton,2020,8,2020-08,-15.032679738562093,-26.732673267326735,2.0,-8.280254777070063,-18.9873417721519
"Princeton, TX",2020-07-01,2020-09-30,120.0,247900.0,29.0,99.02,28.33,163.0,213.0,87.0,124.0,125.07,2.2,54.03,Princeton,2020,9,2020-09,-19.463087248322154,-6.451612903225811,-11.0,7.947019867549665,-15.068493150684937
"Princeton, TX",2020-08-01,2020-10-31,111.0,250000.0,24.0,99.18,31.53,178.0,233.0,80.0,159.0,125.26,2.2,55.35,Princeton,2020,10,2020-10,-21.830985915492963,-13.978494623655912,-17.0,5.3254437869822535,8.163265306122458
"Princeton, TX",2020-09-01,2020-11-30,120.0,249950.0,25.0,99.26,35.0,158.0,231.0,68.0,159.0,128.33,1.7,60.38,Princeton,2020,11,2020-11,7.14285714285714,-36.44859813084113,-15.0,3.9473684210526327,13.571428571428568
"Princeton, TX",2020-10-01,2020-12-31,151.0,255000.0,28.0,99.45,33.77,200.0,285.0,97.0,179.0,129.56,2.0,58.66,Princeton,2020,12,2020-12,24.79338842975207,-9.345794392523366,-7.0,39.86013986013985,45.52845528455285
"Princeton, TX",2020-11-01,2021-01-31,146.0,264499.0,30.0,99.45,27.4,233.0,313.0,84.0,221.0,129.49,1.8,59.73,Princeton,2021,1,2021-01,31.53153153153154,-8.695652173913048,-8.0,73.88059701492537,74.01574803149606
"Princeton, TX",2020-12-01,2021-02-28,143.0,272400.0,30.0,99.78,27.97,375.0,442.0,121.0,319.0,129.12,2.5,73.35,Princeton,2021,2,2021-02,16.260162601626014,51.24999999999999,-8.0,231.858407079646,129.49640287769785
"Princeton, TX",2021-01-01,2021-03-31,151.0,277900.0,25.0,100.43,35.76,311.0,406.0,78.0,315.0,131.15,1.5,74.6,Princeton,2021,3,2021-03,41.12149532710281,-16.129032258064512,-28.0,142.96875,117.24137931034484
"Princeton, TX",2021-02-01,2021-04-30,176.0,281509.0,24.0,101.19,47.73,273.0,354.0,70.0,259.0,135.54,1.2,83.01,Princeton,2021,4,2021-04,61.46788990825689,-14.634146341463417,-36.0,120.16129032258065,94.73684210526316
"Princeton, TX",2021-03-01,2021-05-31,201.0,290000.0,19.0,101.84,57.21,148.0,267.0,91.0,161.0,138.01,1.4,72.05,Princeton,2021,5,2021-05,77.87610619469028,22.972972972972983,-41.0,14.72868217054264,21.052631578947366
"Princeton, TX",2021-04-01,2021-06-30,210.0,293444.0,15.0,102.36,57.14,167.0,245.0,70.0,150.0,142.26,1.0,84.67,Princeton,2021,6,2021-06,84.21052631578947,32.0754716981132,-36.0,53.21100917431192,0.6711409395973256
"Princeton, TX",2021-05-01,2021-07-31,214.0,295950.0,15.0,102.73,59.35,180.0,250.0,72.0,160.0,145.67,1.0,81.88,Princeton,2021,7,2021-07,63.3587786259542,19.999999999999996,-25.0,59.29203539823009,22.137404580152676
"Princeton, TX",2021-06-01,2021-08-31,203.0,300000.0,16.0,103.09,61.58,180.0,270.0,70.0,173.0,153.02,1.1,77.46,Princeton,2021,8,2021-08,56.15384615384615,-5.405405405405405,-21.0,25.0,35.15625
"Princeton, TX",2021-07-01,2021-09-30,199.0,312000.0,16.0,103.13,65.83,172.0,241.0,63.0,161.0,158.96,1.0,73.91,Princeton,2021,9,2021-09,65.83333333333334,-27.586206896551722,-13.0,5.521472392638027,29.838709677419352
"Princeton, TX",2021-08-01,2021-10-31,197.0,316000.0,14.0,102.52,60.91,154.0,226.0,58.0,157.0,162.87,0.9,69.43,Princeton,2021,10,2021-10,77.47747747747749,-27.500000000000004,-10.0,-13.48314606741573,-1.2578616352201255
"Princeton, TX",2021-09-01,2021-11-30,213.0,315000.0,14.0,101.59,50.23,131.0,201.0,40.0,141.0,158.42,0.6,68.09,Princeton,2021,11,2021-11,77.49999999999999,-41.17647058823529,-11.0,-17.08860759493671,-11.32075471698113
"Princeton, TX",2021-10-01,2021-12-31,222.0,314000.0,13.0,100.87,46.85,131.0,194.0,35.0,141.0,156.01,0.5,68.79,Princeton,2021,12,2021-12,47.019867549668874,-63.91752577319587,-15.0,-34.5,-21.22905027932961
"Princeton, TX",2021-11-01,2022-01-31,210.0,316250.0,14.0,101.13,45.71,124.0,182.0,27.0,132.0,155.68,0.4,68.94,Princeton,2022,1,2022-01,43.83561643835616,-67.85714285714286,-16.0,-46.78111587982833,-40.27149321266968
"Princeton, TX",2021-12-01,2022-02-28,177.0,329900.0,15.0,101.84,49.15,125.0,162.0,32.0,129.0,168.6,0.5,74.42,Princeton,2022,2,2022-02,23.77622377622377,-73.55371900826447,-15.0,-66.66666666666667,-59.56112852664577
"Princeton, TX",2022-01-01,2022-03-31,152.0,350000.0,14.0,104.11,64.47,128.0,163.0,30.0,135.0,186.94,0.6,78.52,Princeton,2022,3,2022-03,0.6622516556291425,-61.53846153846154,-11.0,-58.842443729903536,-57.14285714285714
"Princeton, TX",2022-02-01,2022-04-30,149.0,361000.0,14.0,105.23,76.51,154.0,181.0,55.0,135.0,198.59,1.1,81.48,Princeton,2022,4,2022-04,-15.340909090909093,-21.42857142857143,-10.0,-43.58974358974359,-47.876447876447884
"Princeton, TX",2022-03-01,2022-05-31,157.0,371000.0,13.0,105.48,80.89,197.0,228.0,72.0,172.0,202.91,1.4,79.65,Princeton,2022,5,2022-05,-21.890547263681594,-20.879120879120883,-6.0,33.10810810810811,6.8322981366459645
"Princeton, TX",2022-04-01,2022-06-30,162.0,372750.0,13.0,104.88,71.6,244.0,274.0,104.0,172.0,209.54,1.9,76.16,Princeton,2022,6,2022-06,-22.857142857142854,48.57142857142858,-2.0,46.10778443113772,14.666666666666671
"Princeton, TX",2022-05-01,2022-07-31,161.0,372500.0,13.0,103.85,65.22,273.0,328.0,142.0,182.0,209.85,2.7,68.13,Princeton,2022,7,2022-07,-24.766355140186914,97.22222222222223,-2.0,51.66666666666666,13.749999999999996
"Princeton, TX",2022-06-01,2022-08-31,157.0,365000.0,17.0,102.07,51.59,252.0,322.0,144.0,166.0,209.16,2.8,48.19,Princeton,2022,8,2022-08,-22.66009852216748,105.7142857142857,1.0,39.99999999999999,-4.046242774566478
"Princeton, TX",2022-07-01,2022-09-30,146.0,360000.0,26.0,99.45,30.14,235.0,339.0,173.0,160.0,202.87,3.6,39.38,Princeton,2022,9,2022-09,-26.63316582914573,174.6031746031746,10.0,36.627906976744185,-0.6211180124223614
"Princeton, TX",2022-08-01,2022-10-31,134.0,349150.0,35.0,98.26,15.67,185.0,326.0,164.0,152.0,198.04,3.8,32.89,Princeton,2022,10,2022-10,-31.979695431472077,182.75862068965517,21.0,20.12987012987013,-3.1847133757961776
"Princeton, TX",2022-09-01,2022-11-30,116.0,346000.0,40.0,98.03,10.34,179.0,321.0,171.0,139.0,190.65,4.5,35.25,Princeton,2022,11,2022-11,-45.539906103286384,327.50000000000006,26.0,36.6412213740458,-1.4184397163120588
"Princeton, TX",2022-10-01,2022-12-31,115.0,345550.0,47.0,98.19,7.83,180.0,351.0,179.0,153.0,181.48,4.8,31.37,Princeton,2022,12,2022-12,-48.19819819819819,411.4285714285714,34.0,37.40458015267176,8.51063829787233
"Princeton, TX",2022-11-01,2023-01-31,113.0,344990.0,54.0,97.94,5.31,183.0,342.0,134.0,195.0,180.79,3.6,29.23,Princeton,2023,1,2023-01,-46.19047619047619,396.2962962962963,40.0,47.58064516129033,47.72727272727273
"Princeton, TX",2022-12-01,2023-02-28,154.0,340000.0,50.0,97.88,5.84,187.0,351.0,120.0,229.0,174.58,2.3,32.31,Princeton,2023,2,2023-02,-12.994350282485879,275.0,35.0,49.6,77.51937984496125
"Princeton, TX",2023-01-01,2023-03-31,181.0,342000.0,42.0,98.17,12.71,197.0,374.0,122.0,247.0,177.83,2.0,41.3,Princeton,2023,3,2023-03,19.078947368421062,306.66666666666663,28.0,53.90625,82.96296296296298
"Princeton, TX",2023-02-01,2023-04-30,206.0,343120.0,36.0,98.44,17.96,207.0,335.0,104.0,229.0,176.02,1.5,52.4,Princeton,2023,4,2023-04,38.25503355704698,89.0909090909091,22.0,34.41558441558441,69.62962962962962
"Princeton, TX",2023-03-01,2023-05-31,214.0,342575.0,30.0,98.95,22.43,233.0,347.0,118.0,232.0,178.41,1.7,52.59,Princeton,2023,5,2023-05,36.30573248407642,63.888888888888886,17.0,18.274111675126914,34.883720930232556
"Princeton, TX",2023-04-01,2023-06-30,220.0,334995.0,21.0,99.22,23.64,252.0,360.0,136.0,226.0,182.05,1.9,46.46,Princeton,2023,6,2023-06,35.802469135802475,30.76923076923077,8.0,3.2786885245901676,31.39534883720929
"Princeton, TX",2023-05-01,2023-07-31,241.0,338000.0,22.0,99.49,22.82,291.0,384.0,158.0,229.0,183.64,2.0,40.61,Princeton,2023,7,2023-07,49.68944099378882,11.267605633802823,9.0,6.593406593406592,25.82417582417582
"Princeton, TX",2023-06-01,2023-08-31,230.0,340000.0,27.0,99.43,20.43,310.0,419.0,183.0,231.0,185.51,2.4,32.9,Princeton,2023,8,2023-08,46.49681528662419,27.083333333333325,10.0,23.015873015873023,39.1566265060241
"Princeton, TX",2023-07-01,2023-09-30,221.0,350950.0,31.0,99.2,17.65,275.0,405.0,173.0,218.0,185.85,2.4,28.44,Princeton,2023,9,2023-09,51.369863013698634,0.0,5.0,17.021276595744684,36.25000000000001
"Princeton, TX",2023-08-01,2023-10-31,202.0,349700.0,31.0,98.78,12.87,266.0,420.0,186.0,209.0,184.32,2.8,24.88,Princeton,2023,10,2023-10,50.74626865671641,13.414634146341452,-4.0,43.78378378378378,37.5
"Princeton, TX",2023-09-01,2023-11-30,200.0,357195.0,33.0,98.69,13.0,285.0,464.0,241.0,189.0,182.39,3.7,20.11,Princeton,2023,11,2023-11,72.41379310344827,40.935672514619895,-7.0,59.21787709497206,35.97122302158273
"Princeton, TX",2023-10-01,2023-12-31,198.0,348495.0,45.0,98.54,8.59,351.0,522.0,287.0,189.0,179.53,4.4,16.93,Princeton,2023,12,2023-12,72.17391304347827,60.33519553072626,-2.0,95.0,23.529411764705888
"Princeton, TX",2023-11-01,2024-01-31,183.0,350000.0,50.0,98.5,8.2,374.0,557.0,321.0,194.0,181.33,5.4,14.95,Princeton,2024,1,2024-01,61.946902654867266,139.55223880597015,-4.0,104.37158469945356,-0.512820512820511
"Princeton, TX",2023-12-01,2024-02-29,178.0,348043.0,57.0,98.32,6.74,339.0,577.0,326.0,224.0,181.32,5.6,15.18,Princeton,2024,2,2024-02,15.58441558441559,171.66666666666669,7.0,81.28342245989305,-2.183406113537123
"Princeton, TX",2024-01-01,2024-03-31,202.0,362038.0,66.0,98.43,8.91,317.0,602.0,348.0,246.0,182.21,5.2,17.48,Princeton,2024,3,2024-03,11.602209944751385,185.24590163934425,24.0,60.913705583756354,-0.4048582995951455
"Princeton, TX",2024-02-01,2024-04-30,247.0,367990.0,63.0,98.5,8.1,320.0,637.0,360.0,282.0,180.36,4.4,17.38,Princeton,2024,4,2024-04,19.902912621359214,246.15384615384616,27.0,54.589371980676326,23.14410480349345
"Princeton, TX",2024-03-01,2024-05-31,285.0,373609.0,68.0,98.59,10.18,351.0,673.0,360.0,301.0,184.16,3.9,18.94,Princeton,2024,5,2024-05,33.177570093457945,205.08474576271186,38.0,50.64377682403433,29.74137931034482
"Princeton, TX",2024-04-01,2024-06-30,272.0,371061.0,69.0,98.7,9.93,339.0,674.0,362.0,304.0,184.99,4.0,16.78,Princeton,2024,6,2024-06,23.636363636363633,166.17647058823528,48.0,34.52380952380953,34.513274336283196
"Princeton, TX",2024-05-01,2024-07-31,279.0,361090.0,69.0,98.43,8.96,352.0,699.0,352.0,317.0,186.38,3.9,15.46,Princeton,2024,7,2024-07,15.767634854771796,122.78481012658227,47.0,20.96219931271477,38.427947598253276
"Princeton, TX",2024-06-01,2024-08-31,281.0,360432.0,74.0,98.21,5.34,347.0,701.0,358.0,314.0,178.13,3.9,12.42,Princeton,2024,8,2024-08,22.173913043478265,95.62841530054644,47.0,11.935483870967744,35.93073593073592
"Princeton, TX",2024-07-01,2024-09-30,288.0,361103.0,75.0,97.88,4.51,358.0,714.0,364.0,309.0,175.49,3.9,11.97,Princeton,2024,9,2024-09,30.316742081447966,110.40462427745665,44.0,30.181818181818176,41.743119266055054
"Princeton, TX",2024-08-01,2024-10-31,285.0,364990.0,75.0,97.58,3.51,331.0,673.0,333.0,307.0,171.8,3.6,10.1,Princeton,2024,10,2024-10,41.089108910891085,79.03225806451613,44.0,24.436090225563902,46.889952153110045
"Princeton, TX",2024-09-01,2024-11-30,284.0,361497.0,68.0,97.2,2.46,319.0,663.0,328.0,272.0,172.86,3.5,8.82,Princeton,2024,11,2024-11,41.99999999999999,36.09958506224067,35.0,11.929824561403501,43.91534391534391
"Princeton, TX",2024-10-01,2024-12-31,286.0,364900.0,70.0,97.05,1.75,307.0,654.0,334.0,262.0,171.52,3.6,6.87,Princeton,2024,12,2024-12,44.44444444444444,16.376306620209057,25.0,-12.53561253561254,38.62433862433863
"Princeton, TX",2024-11-01,2025-01-31,263.0,365000.0,70.0,97.16,1.9,345.0,665.0,349.0,244.0,168.46,4.1,7.79,Princeton,2025,1,2025-01,43.715846994535525,8.722741433021808,20.0,-7.754010695187164,25.773195876288657
"Princeton, TX",2024-12-01,2025-02-28,227.0,369900.0,76.0,97.3,2.2,333.0,654.0,344.0,278.0,168.48,4.5,8.63,Princeton,2025,2,2025-02,27.52808988764044,5.521472392638027,19.0,-1.7699115044247815,24.10714285714286
"Princeton, TX",2025-01-01,2025-03-31,239.0,358077.0,73.0,97.18,4.18,426.0,752.0,417.0,307.0,170.49,5.2,11.4,Princeton,2025,3,2025-03,18.31683168316831,19.82758620689655,7.0,34.38485804416405,24.796747967479682
"Princeton, TX",2025-02-01,2025-04-30,263.0,350000.0,74.0,97.4,5.7,452.0,791.0,433.0,323.0,172.1,4.9,9.6,Princeton,2025,4,2025-04,6.477732793522262,20.27777777777777,11.0,41.25000000000001,14.539007092198574
"Princeton, TX",2025-03-01,2025-05-31,301.0,350000.0,68.0,97.74,7.31,506.0,835.0,461.0,327.0,170.32,4.7,12.84,Princeton,2025,5,2025-05,5.6140350877192935,28.055555555555543,0.0,44.159544159544154,8.637873754152814
"Princeton, TX",2025-04-01,2025-06-30,298.0,351500.0,66.0,98.03,6.04,469.0,872.0,469.0,324.0,169.83,4.8,10.19,Princeton,2025,6,2025-06,9.558823529411775,29.558011049723753,-3.0,38.34808259587022,6.578947368421062
"Princeton, TX",2025-05-01,2025-07-31,312.0,344990.0,66.0,97.49,4.81,466.0,885.0,472.0,323.0,168.08,4.6,10.53,Princeton,2025,7,2025-07,11.827956989247301,34.09090909090908,-3.0,32.38636363636365,1.8927444794952786
"Princeton, TX",2025-06-01,2025-08-31,311.0,339990.0,73.0,97.17,3.54,437.0,880.0,457.0,317.0,166.66,4.5,6.62,Princeton,2025,8,2025-08,10.676156583629904,27.6536312849162,-1.0,25.936599423631137,0.9554140127388644
"Princeton, TX",2025-07-01,2025-09-30,307.0,342833.0,72.0,96.96,3.91,458.0,915.0,484.0,346.0,162.59,4.8,9.25,Princeton,2025,9,2025-09,6.597222222222232,32.967032967032964,-3.0,27.93296089385475,11.97411003236246
"Princeton, TX",2025-08-01,2025-10-31,309.0,335000.0,69.0,96.71,4.21,582.0,1044.0,661.0,348.0,159.02,6.6,8.62,Princeton,2025,10,2025-10,8.421052631578952,98.49849849849849,-6.0,75.83081570996978,13.35504885993486
"Princeton, TX",2025-09-01,2025-11-30,306.0,329990.0,64.0,96.39,3.59,557.0,1007.0,580.0,373.0,159.3,5.7,7.77,Princeton,2025,11,2025-11,7.746478873239426,76.82926829268293,-4.0,74.60815047021943,37.13235294117647
"Princeton, TX",2025-10-01,2025-12-31,363.0,322000.0,70.0,95.97,2.2,465.0,942.0,483.0,391.0,154.12,4.1,4.86,Princeton,2025,12,2025-12,26.923076923076916,44.610778443113766,0.0,51.465798045602604,49.23664122137406
"Princeton, TX",2025-11-01,2026-01-31,357.0,324990.0,71.0,96.24,1.4,324.0,971.0,479.0,407.0,154.26,4.1,5.65,Princeton,2026,1,2026-01,35.74144486692015,37.24928366762177,1.0,-6.086956521739129,66.80327868852459
"Princeton, TX",2025-12-01,2026-02-28,363.0,322415.0,78.0,96.22,1.38,389.0,951.0,498.0,416.0,152.57,4.1,7.21,Princeton,2026,2,2026-02,59.91189427312775,44.767441860465105,2.0,16.816816816816814,49.64028776978417
"Princeton, TX",2026-01-01,2026-03-31,338.0,322703.0,81.0,96.51,2.37,485.0,943.0,498.0,445.0,154.84,4.4,10.34,Princeton,2026,3,2026-03,41.42259414225941,19.424460431654666,8.0,13.849765258215951,44.951140065146575
"Princeton, TX",2026-02-01,2026-04-30,352.0,319990.0,83.0,96.68,3.69,597.0,1053.0,590.0,466.0,156.04,5.0,12.23,Princeton,2026,4,2026-04,33.8403041825095,36.25866050808315,9.0,32.079646017699126,44.27244582043344
"Princeton, TX",2026-03-01,2026-05-31,386.0,324245.0,76.0,97.2,5.96,559.0,1036.0,537.0,488.0,156.87,4.3,12.91,Princeton,2026,5,2026-05,28.239202657807304,16.485900216919735,8.0,10.474308300395263,49.235474006116206
"Princeton, TX",2026-04-01,2026-06-30,423.0,320990.0,67.0,97.3,8.27,528.0,1010.0,483.0,474.0,156.73,3.5,12.24,Princeton,2026,6,2026-06,41.94630872483221,2.9850746268656803,1.0,12.579957356076754,46.296296296296305
"Princeton, TX",2026-05-01,2026-07-31,437.0,324827.0,61.0,97.33,10.55,393.0,970.0,467.0,452.0,155.29,3.3,12.12,Princeton,2026,7,2026-07,40.064102564102555,-1.0593220338983023,-5.0,-15.665236051502141,39.93808049535603
"Prosper, TX",2018-01-01,2018-03-31,136.0,491000.0,97.0,96.3,12.5,307.0,570.0,363.0,214.0,136.82,8.0,22.43,Prosper,2018,3,2018-03,,,,,
"Prosper, TX",2018-02-01,2018-04-30,162.0,486450.0,91.0,96.41,9.88,336.0,625.0,411.0,235.0,137.39,7.5,22.13,Prosper,2018,4,2018-04,,,,,
"Prosper, TX",2018-03-01,2018-05-31,207.0,489000.0,81.0,96.37,7.73,376.0,691.0,437.0,271.0,139.07,6.5,25.09,Prosper,2018,5,2018-05,,,,,
"Prosper, TX",2018-04-01,2018-06-30,243.0,490000.0,61.0,97.05,7.82,343.0,689.0,411.0,281.0,140.28,5.1,22.42,Prosper,2018,6,2018-06,,,,,
"Prosper, TX",2018-05-01,2018-07-31,284.0,497750.0,68.0,96.83,7.39,288.0,689.0,382.0,296.0,140.67,4.1,19.93,Prosper,2018,7,2018-07,,,,,
"Prosper, TX",2018-06-01,2018-08-31,280.0,495750.0,73.0,96.82,7.5,253.0,677.0,393.0,268.0,143.19,4.3,16.04,Prosper,2018,8,2018-08,,,,,
"Prosper, TX",2018-07-01,2018-09-30,249.0,490000.0,83.0,96.62,6.02,243.0,635.0,379.0,230.0,143.51,4.7,18.26,Prosper,2018,9,2018-09,,,,,
"Prosper, TX",2018-08-01,2018-10-31,195.0,504000.0,88.0,96.54,5.13,241.0,596.0,384.0,205.0,147.06,6.0,18.54,Prosper,2018,10,2018-10,,,,,
"Prosper, TX",2018-09-01,2018-11-30,160.0,513995.0,95.0,96.66,5.0,212.0,579.0,392.0,180.0,148.45,7.4,16.11,Prosper,2018,11,2018-11,,,,,
"Prosper, TX",2018-10-01,2018-12-31,159.0,515936.0,127.0,96.14,3.77,178.0,537.0,335.0,172.0,148.22,6.5,9.3,Prosper,2018,12,2018-12,,,,,
"Prosper, TX",2018-11-01,2019-01-31,150.0,505128.0,139.0,96.14,4.0,196.0,541.0,344.0,166.0,145.29,7.0,12.65,Prosper,2019,1,2019-01,,,,,
"Prosper, TX",2018-12-01,2019-02-28,138.0,512575.0,144.0,95.95,4.35,218.0,552.0,373.0,176.0,145.16,8.1,14.77,Prosper,2019,2,2019-02,,,,,
"Prosper, TX",2019-01-01,2019-03-31,143.0,490000.0,133.0,96.46,4.9,290.0,578.0,387.0,213.0,138.66,8.1,15.02,Prosper,2019,3,2019-03,5.147058823529416,6.6115702479338845,36.0,-5.537459283387625,-0.4672897196261627
"Prosper, TX",2019-02-01,2019-04-30,179.0,522000.0,134.0,96.67,4.47,322.0,630.0,392.0,280.0,144.92,6.5,16.43,Prosper,2019,4,2019-04,10.49382716049383,-4.622871046228716,43.0,-4.1666666666666625,19.14893617021276
"Prosper, TX",2019-03-01,2019-05-31,260.0,523366.0,102.0,96.94,6.54,352.0,690.0,391.0,336.0,143.2,4.6,18.15,Prosper,2019,5,2019-05,25.60386473429952,-10.526315789473683,21.0,-6.382978723404253,23.985239852398532
"Prosper, TX",2019-04-01,2019-06-30,308.0,523366.0,93.0,97.15,7.14,354.0,717.0,385.0,354.0,144.13,3.8,19.77,Prosper,2019,6,2019-06,26.74897119341564,-6.3260340632603445,32.0,3.206997084548102,25.978647686832733
"Prosper, TX",2019-05-01,2019-07-31,340.0,516500.0,75.0,97.25,8.82,323.0,699.0,361.0,340.0,144.68,3.3,19.71,Prosper,2019,7,2019-07,19.718309859154925,-5.497382198952883,7.0,12.152777777777768,14.864864864864868
"Prosper, TX",2019-06-01,2019-08-31,327.0,516675.0,87.0,97.23,7.34,280.0,647.0,343.0,290.0,144.74,3.2,17.93,Prosper,2019,8,2019-08,16.785714285714292,-12.722646310432573,14.0,10.671936758893285,8.208955223880587
"Prosper, TX",2019-07-01,2019-09-30,272.0,514000.0,85.0,97.17,6.99,246.0,606.0,336.0,263.0,145.76,3.8,18.63,Prosper,2019,9,2019-09,9.236947791164663,-11.345646437994727,2.0,1.2345679012345734,14.347826086956527
"Prosper, TX",2019-08-01,2019-10-31,234.0,499950.0,98.0,97.22,5.56,228.0,569.0,322.0,216.0,144.93,4.2,17.59,Prosper,2019,10,2019-10,19.999999999999996,-16.145833333333336,10.0,-5.394190871369298,5.36585365853659
"Prosper, TX",2019-09-01,2019-11-30,190.0,499893.0,98.0,97.21,5.26,208.0,533.0,296.0,217.0,144.93,4.7,18.89,Prosper,2019,11,2019-11,18.75,-24.489795918367353,3.0,-1.8867924528301883,20.55555555555555
"Prosper, TX",2019-10-01,2019-12-31,224.0,509000.0,101.0,96.9,3.57,185.0,505.0,253.0,212.0,150.07,3.5,16.98,Prosper,2019,12,2019-12,40.88050314465408,-24.477611940298505,-26.0,3.93258426966292,23.25581395348837
"Prosper, TX",2019-11-01,2020-01-31,202.0,521480.0,107.0,96.62,2.97,200.0,497.0,265.0,227.0,148.26,4.0,18.5,Prosper,2020,1,2020-01,34.66666666666667,-22.965116279069765,-32.0,2.0408163265306145,36.74698795180722
"Prosper, TX",2019-12-01,2020-02-29,211.0,530000.0,118.0,96.65,4.74,255.0,520.0,299.0,234.0,148.38,4.3,22.22,Prosper,2020,2,2020-02,52.89855072463767,-19.839142091152816,-26.0,16.972477064220183,32.95454545454546
"Prosper, TX",2020-01-01,2020-03-31,184.0,528990.0,121.0,96.84,7.07,313.0,544.0,296.0,262.0,145.36,4.9,26.72,Prosper,2020,3,2020-03,28.671328671328666,-23.514211886304913,-12.0,7.931034482758625,23.004694835680752
"Prosper, TX",2020-02-01,2020-04-30,214.0,520000.0,84.0,97.09,8.41,310.0,554.0,302.0,252.0,146.86,4.2,29.37,Prosper,2020,4,2020-04,19.55307262569832,-22.959183673469386,-50.0,-3.7267080745341574,-9.999999999999998
"Prosper, TX",2020-03-01,2020-05-31,222.0,528250.0,57.0,97.25,8.11,316.0,589.0,303.0,308.0,149.62,4.2,27.92,Prosper,2020,5,2020-05,-14.615384615384619,-22.506393861892583,-45.0,-10.22727272727273,-8.333333333333337
"Prosper, TX",2020-04-01,2020-06-30,277.0,519000.0,66.0,97.27,9.75,322.0,598.0,279.0,353.0,151.58,3.1,25.5,Prosper,2020,6,2020-06,-10.064935064935066,-27.532467532467532,-27.0,-9.039548022598876,-0.28248587570621764
"Prosper, TX",2020-05-01,2020-07-31,336.0,527000.0,70.0,97.25,9.82,329.0,620.0,237.0,411.0,153.39,2.2,26.03,Prosper,2020,7,2020-07,-1.17647058823529,-34.34903047091413,-5.0,1.8575851393188847,20.882352941176464
"Prosper, TX",2020-06-01,2020-08-31,379.0,535000.0,65.0,97.47,11.35,300.0,592.0,202.0,399.0,154.64,1.6,30.08,Prosper,2020,8,2020-08,15.902140672782883,-41.10787172011662,-22.0,7.14285714285714,37.58620689655172
"Prosper, TX",2020-07-01,2020-09-30,366.0,542250.0,56.0,97.89,13.39,263.0,538.0,171.0,367.0,155.41,1.4,32.15,Prosper,2020,9,2020-09,34.558823529411775,-49.10714285714286,-29.0,6.910569105691056,39.54372623574145
"Prosper, TX",2020-08-01,2020-10-31,340.0,543150.0,53.0,98.34,15.29,232.0,466.0,115.0,344.0,157.17,1.0,35.17,Prosper,2020,10,2020-10,45.299145299145295,-64.28571428571428,-45.0,1.7543859649122862,59.25925925925925
"Prosper, TX",2020-09-01,2020-11-30,308.0,552500.0,54.0,98.42,16.88,202.0,400.0,92.0,297.0,158.98,0.9,36.03,Prosper,2020,11,2020-11,62.10526315789473,-68.91891891891892,-44.0,-2.8846153846153855,36.866359447004605
"Prosper, TX",2020-10-01,2020-12-31,287.0,567000.0,49.0,98.33,19.16,163.0,332.0,73.0,236.0,163.37,0.8,42.37,Prosper,2020,12,2020-12,28.125,-71.14624505928853,-52.0,-11.891891891891893,11.32075471698113
"Prosper, TX",2020-11-01,2021-01-31,212.0,577654.0,41.0,98.35,25.0,151.0,262.0,71.0,179.0,165.99,1.0,52.51,Prosper,2021,1,2021-01,4.950495049504955,-73.20754716981132,-66.0,-24.5,-21.145374449339204
"Prosper, TX",2020-12-01,2021-02-28,180.0,603292.0,32.0,98.89,35.56,126.0,216.0,62.0,154.0,171.96,1.0,54.55,Prosper,2021,2,2021-02,-14.691943127962082,-79.26421404682274,-86.0,-50.588235294117645,-34.18803418803419
"Prosper, TX",2021-01-01,2021-03-31,148.0,625500.0,27.0,100.44,52.03,179.0,249.0,73.0,195.0,183.36,1.5,67.69,Prosper,2021,3,2021-03,-19.565217391304344,-75.33783783783784,-94.0,-42.81150159744409,-25.572519083969468
"Prosper, TX",2021-02-01,2021-04-30,186.0,663000.0,20.0,102.39,60.22,226.0,296.0,90.0,219.0,186.13,1.4,75.34,Prosper,2021,4,2021-04,-13.08411214953271,-70.19867549668875,-64.0,-27.09677419354839,-13.095238095238093
"Prosper, TX",2021-03-01,2021-05-31,213.0,680000.0,18.0,104.16,69.48,293.0,354.0,94.0,269.0,189.53,1.4,82.16,Prosper,2021,5,2021-05,-4.054054054054057,-68.97689768976898,-39.0,-7.278481012658233,-12.662337662337663
"Prosper, TX",2021-04-01,2021-06-30,254.0,687450.0,15.0,105.07,73.23,280.0,352.0,74.0,264.0,195.53,0.9,81.44,Prosper,2021,6,2021-06,-8.30324909747292,-73.47670250896057,-51.0,-13.043478260869568,-25.21246458923513
"Prosper, TX",2021-05-01,2021-07-31,264.0,700000.0,15.0,105.32,73.48,297.0,385.0,111.0,279.0,196.85,1.3,80.65,Prosper,2021,7,2021-07,-21.42857142857143,-53.16455696202531,-55.0,-9.726443768996962,-32.11678832116789
"Prosper, TX",2021-06-01,2021-08-31,269.0,709050.0,18.0,104.92,69.14,251.0,343.0,75.0,257.0,199.9,0.9,70.43,Prosper,2021,8,2021-08,-29.023746701846964,-62.87128712871287,-47.0,-16.333333333333332,-35.58897243107769
"Prosper, TX",2021-07-01,2021-09-30,244.0,720500.0,20.0,103.94,63.11,232.0,302.0,73.0,235.0,205.37,0.9,66.38,Prosper,2021,9,2021-09,-33.333333333333336,-57.309941520467845,-36.0,-11.787072243346008,-35.967302452316076
"Prosper, TX",2021-08-01,2021-10-31,236.0,725000.0,23.0,102.57,58.47,165.0,275.0,57.0,188.0,207.53,0.7,58.51,Prosper,2021,10,2021-10,-30.58823529411765,-50.43478260869565,-30.0,-28.87931034482759,-45.34883720930233
"Prosper, TX",2021-09-01,2021-11-30,199.0,728500.0,23.0,102.11,57.29,138.0,211.0,38.0,159.0,208.76,0.6,59.75,Prosper,2021,11,2021-11,-35.3896103896104,-58.69565217391304,-31.0,-31.68316831683168,-46.464646464646464
"Prosper, TX",2021-10-01,2021-12-31,172.0,730000.0,20.0,102.8,61.05,106.0,179.0,38.0,128.0,216.91,0.7,57.03,Prosper,2021,12,2021-12,-40.06968641114983,-47.945205479452056,-29.0,-34.96932515337423,-45.76271186440678
"Prosper, TX",2021-11-01,2022-01-31,127.0,759450.0,15.0,104.44,63.78,100.0,156.0,43.0,118.0,224.26,1.0,61.02,Prosper,2022,1,2022-01,-40.094339622641506,-39.43661971830986,-26.0,-33.774834437086085,-34.0782122905028
"Prosper, TX",2021-12-01,2022-02-28,115.0,807500.0,13.0,105.14,64.35,135.0,170.0,46.0,126.0,237.21,1.2,75.4,Prosper,2022,2,2022-02,-36.111111111111114,-25.806451612903224,-19.0,7.14285714285714,-18.181818181818176
"Prosper, TX",2022-01-01,2022-03-31,122.0,925000.0,12.0,107.42,71.31,195.0,232.0,79.0,153.0,264.82,1.9,83.01,Prosper,2022,3,2022-03,-17.567567567567565,8.219178082191792,-15.0,8.93854748603351,-21.53846153846154
"Prosper, TX",2022-02-01,2022-04-30,157.0,930000.0,13.0,107.66,77.71,258.0,300.0,103.0,193.0,269.18,1.9,85.49,Prosper,2022,4,2022-04,-15.591397849462362,14.444444444444438,-7.0,14.15929203539823,-11.87214611872146
"Prosper, TX",2022-03-01,2022-05-31,191.0,950000.0,13.0,107.61,76.96,358.0,402.0,165.0,241.0,269.54,2.6,80.91,Prosper,2022,5,2022-05,-10.328638497652587,75.53191489361701,-5.0,22.184300341296925,-10.408921933085502
"Prosper, TX",2022-04-01,2022-06-30,213.0,925000.0,16.0,105.26,67.61,443.0,519.0,260.0,266.0,262.71,3.7,69.55,Prosper,2022,6,2022-06,-16.14173228346457,251.35135135135135,1.0,58.21428571428571,0.7575757575757569
"Prosper, TX",2022-05-01,2022-07-31,207.0,915250.0,19.0,103.08,54.59,437.0,533.0,264.0,257.0,259.34,3.9,58.37,Prosper,2022,7,2022-07,-21.590909090909093,137.83783783783784,4.0,47.13804713804714,-7.885304659498205
"Prosper, TX",2022-06-01,2022-08-31,208.0,875000.0,25.0,100.14,38.94,358.0,519.0,252.0,235.0,256.03,3.7,37.87,Prosper,2022,8,2022-08,-22.676579925650554,236.0,7.0,42.629482071713156,-8.560311284046696
"Prosper, TX",2022-07-01,2022-09-30,196.0,842500.0,34.0,98.54,25.0,266.0,519.0,256.0,222.0,249.62,4.0,30.18,Prosper,2022,9,2022-09,-19.672131147540984,250.6849315068493,14.0,14.655172413793105,-5.531914893617018
"Prosper, TX",2022-08-01,2022-10-31,187.0,800000.0,41.0,97.74,18.18,253.0,511.0,274.0,200.0,247.05,4.5,25.5,Prosper,2022,10,2022-10,-20.76271186440678,380.7017543859649,18.0,53.33333333333334,6.382978723404253
"Prosper, TX",2022-09-01,2022-11-30,164.0,804145.0,55.0,97.18,15.24,213.0,460.0,250.0,154.0,247.51,4.6,28.57,Prosper,2022,11,2022-11,-17.587939698492463,557.8947368421052,32.0,54.347826086956516,-3.1446540880503138
"Prosper, TX",2022-10-01,2022-12-31,157.0,830000.0,60.0,96.74,16.56,174.0,426.0,215.0,171.0,248.85,4.2,18.13,Prosper,2022,12,2022-12,-8.720930232558144,465.7894736842105,40.0,64.15094339622642,33.59375
"Prosper, TX",2022-11-01,2023-01-31,154.0,827500.0,65.0,96.37,14.29,176.0,441.0,207.0,202.0,247.52,4.1,16.34,Prosper,2023,1,2023-01,21.259842519685044,381.39534883720927,50.0,76.0,71.18644067796612
"Prosper, TX",2022-12-01,2023-02-28,176.0,782694.0,85.0,96.14,9.09,204.0,447.0,192.0,253.0,242.42,3.3,22.92,Prosper,2023,2,2023-02,53.04347826086957,317.39130434782606,72.0,51.11111111111111,100.79365079365078
"Prosper, TX",2023-01-01,2023-03-31,199.0,795000.0,77.0,96.03,7.54,285.0,497.0,220.0,282.0,237.57,3.3,35.11,Prosper,2023,3,2023-03,63.11475409836065,178.48101265822785,65.0,46.153846153846146,84.31372549019606
"Prosper, TX",2023-02-01,2023-04-30,243.0,800000.0,60.0,96.52,12.35,271.0,474.0,185.0,290.0,239.69,2.3,38.97,Prosper,2023,4,2023-04,54.777070063694275,79.6116504854369,47.0,5.03875968992249,50.259067357512954
"Prosper, TX",2023-03-01,2023-05-31,276.0,830000.0,47.0,96.82,14.86,298.0,481.0,206.0,282.0,241.53,2.3,37.59,Prosper,2023,5,2023-05,44.502617801047116,24.84848484848485,34.0,-16.759776536312852,17.01244813278009
"Prosper, TX",2023-04-01,2023-06-30,274.0,839000.0,46.0,97.3,17.15,282.0,488.0,230.0,261.0,245.47,2.5,29.89,Prosper,2023,6,2023-06,28.638497652582153,-11.538461538461542,30.0,-36.3431151241535,-1.8796992481203034
"Prosper, TX",2023-05-01,2023-07-31,248.0,858428.0,47.0,97.61,15.73,293.0,466.0,223.0,235.0,250.22,2.8,25.96,Prosper,2023,7,2023-07,19.806763285024154,-15.530303030303028,28.0,-32.95194508009154,-8.560311284046696
"Prosper, TX",2023-06-01,2023-08-31,235.0,855000.0,45.0,97.99,16.6,293.0,487.0,227.0,228.0,254.45,3.0,25.44,Prosper,2023,8,2023-08,12.98076923076923,-9.92063492063492,20.0,-18.15642458100558,-2.9787234042553234
"Prosper, TX",2023-07-01,2023-09-30,231.0,850000.0,47.0,97.44,11.69,260.0,478.0,222.0,213.0,257.96,2.9,23.47,Prosper,2023,9,2023-09,17.85714285714286,-13.28125,13.0,-2.2556390977443663,-4.054054054054057
"Prosper, TX",2023-08-01,2023-10-31,227.0,825000.0,49.0,96.84,8.37,248.0,456.0,226.0,185.0,256.75,3.1,23.78,Prosper,2023,10,2023-10,21.3903743315508,-17.51824817518248,8.0,-1.9762845849802368,-7.499999999999996
"Prosper, TX",2023-09-01,2023-11-30,176.0,817461.0,53.0,96.58,6.82,203.0,419.0,226.0,163.0,259.2,3.9,16.56,Prosper,2023,11,2023-11,7.317073170731714,-9.599999999999998,-2.0,-4.694835680751175,5.844155844155852
"Prosper, TX",2023-10-01,2023-12-31,174.0,832500.0,59.0,96.59,7.47,159.0,372.0,173.0,148.0,256.91,3.0,12.84,Prosper,2023,12,2023-12,10.828025477707005,-19.534883720930228,-1.0,-8.62068965517241,-13.450292397660824
"Prosper, TX",2023-11-01,2024-01-31,159.0,860000.0,75.0,96.49,8.18,179.0,395.0,200.0,169.0,255.94,3.9,14.79,Prosper,2024,1,2024-01,3.2467532467532534,-3.3816425120772986,10.0,1.7045454545454586,-16.33663366336634
"Prosper, TX",2023-12-01,2024-02-29,170.0,887500.0,84.0,96.46,6.47,201.0,406.0,203.0,184.0,251.34,3.6,20.65,Prosper,2024,2,2024-02,-3.409090909090906,5.729166666666674,-1.0,-1.4705882352941124,-27.27272727272727
"Prosper, TX",2024-01-01,2024-03-31,160.0,912500.0,76.0,96.92,10.0,278.0,439.0,241.0,212.0,252.67,4.6,30.19,Prosper,2024,3,2024-03,-19.59798994974874,9.545454545454547,-1.0,-2.4561403508771895,-24.822695035460995
"Prosper, TX",2024-02-01,2024-04-30,183.0,905000.0,58.0,97.26,12.57,299.0,490.0,259.0,247.0,253.63,4.2,32.79,Prosper,2024,4,2024-04,-24.691358024691358,39.99999999999999,-2.0,10.332103321033204,-14.827586206896548
"Prosper, TX",2024-03-01,2024-05-31,201.0,910000.0,49.0,97.57,13.43,327.0,523.0,272.0,246.0,260.01,4.1,34.55,Prosper,2024,5,2024-05,-27.173913043478258,32.038834951456316,2.0,9.731543624161066,-12.765957446808507
"Prosper, TX",2024-04-01,2024-06-30,213.0,915000.0,49.0,97.71,10.8,329.0,559.0,290.0,236.0,266.1,4.1,33.47,Prosper,2024,6,2024-06,-22.26277372262774,26.086956521739136,3.0,16.666666666666675,-9.578544061302685
"Prosper, TX",2024-05-01,2024-07-31,211.0,931176.0,48.0,97.77,9.95,319.0,570.0,304.0,215.0,264.73,4.4,26.98,Prosper,2024,7,2024-07,-14.919354838709676,36.322869955156946,1.0,8.87372013651877,-8.510638297872342
"Prosper, TX",2024-06-01,2024-08-31,222.0,926138.0,55.0,97.34,7.21,304.0,567.0,303.0,199.0,259.74,4.2,22.11,Prosper,2024,8,2024-08,-5.531914893617018,33.48017621145374,10.0,3.754266211604085,-12.71929824561403
"Prosper, TX",2024-07-01,2024-09-30,189.0,921750.0,60.0,96.76,5.82,269.0,550.0,311.0,186.0,257.55,5.0,15.05,Prosper,2024,9,2024-09,-18.181818181818176,40.09009009009008,13.0,3.4615384615384714,-12.676056338028175
"Prosper, TX",2024-08-01,2024-10-31,176.0,900000.0,70.0,96.55,5.68,244.0,537.0,303.0,178.0,253.6,5.3,16.29,Prosper,2024,10,2024-10,-22.466960352422905,34.070796460176986,21.0,-1.6129032258064502,-3.7837837837837784
"Prosper, TX",2024-09-01,2024-11-30,162.0,867500.0,78.0,96.69,7.41,210.0,501.0,270.0,179.0,248.44,5.1,18.99,Prosper,2024,11,2024-11,-7.954545454545459,19.469026548672574,25.0,3.4482758620689724,9.81595092024541
"Prosper, TX",2024-10-01,2024-12-31,195.0,870220.0,82.0,96.83,8.21,173.0,476.0,233.0,178.0,248.88,3.7,19.1,Prosper,2024,12,2024-12,12.06896551724137,34.6820809248555,23.0,8.805031446540879,20.270270270270263
"Prosper, TX",2024-11-01,2025-01-31,178.0,872610.0,83.0,96.68,7.3,175.0,463.0,245.0,160.0,248.89,4.2,18.75,Prosper,2025,1,2025-01,11.949685534591193,22.500000000000007,8.0,-2.2346368715083775,-5.3254437869822535
"Prosper, TX",2024-12-01,2025-02-28,159.0,920000.0,97.0,96.21,6.92,206.0,453.0,257.0,161.0,255.02,4.8,17.39,Prosper,2025,2,2025-02,-6.470588235294117,26.60098522167487,13.0,2.487562189054726,-12.5
"Prosper, TX",2025-01-01,2025-03-31,142.0,929950.0,102.0,96.16,8.45,318.0,529.0,334.0,179.0,259.55,7.1,22.91,Prosper,2025,3,2025-03,-11.250000000000004,38.58921161825726,26.0,14.388489208633093,-15.566037735849058
"Prosper, TX",2025-02-01,2025-04-30,156.0,924000.0,79.0,96.3,7.05,370.0,598.0,381.0,201.0,269.89,7.2,23.38,Prosper,2025,4,2025-04,-14.754098360655743,47.1042471042471,21.0,23.745819397993316,-18.623481781376515
"Prosper, TX",2025-03-01,2025-05-31,196.0,900000.0,63.0,96.53,7.65,418.0,663.0,403.0,237.0,261.29,6.3,23.63,Prosper,2025,5,2025-05,-2.487562189054726,48.16176470588236,14.0,27.828746177370036,-3.658536585365857
"Prosper, TX",2025-04-01,2025-06-30,225.0,915000.0,63.0,96.29,4.44,390.0,714.0,428.0,258.0,257.7,5.8,22.48,Prosper,2025,6,2025-06,5.633802816901401,47.58620689655173,14.0,18.541033434650455,9.322033898305083
"Prosper, TX",2025-05-01,2025-07-31,259.0,895900.0,66.0,96.27,5.02,359.0,727.0,421.0,250.0,251.38,5.0,21.6,Prosper,2025,7,2025-07,22.748815165876767,38.486842105263165,18.0,12.539184952978054,16.279069767441868
"Prosper, TX",2025-06-01,2025-08-31,244.0,877000.0,68.0,95.91,3.28,292.0,678.0,392.0,216.0,252.37,4.9,18.52,Prosper,2025,8,2025-08,9.90990990990992,29.37293729372936,13.0,-3.9473684210526327,8.5427135678392
"Prosper, TX",2025-07-01,2025-09-30,200.0,861000.0,73.0,95.79,4.0,235.0,638.0,379.0,179.0,244.94,5.8,13.97,Prosper,2025,9,2025-09,5.820105820105814,21.86495176848875,13.0,-12.639405204460964,-3.7634408602150504
"Prosper, TX",2025-08-01,2025-10-31,153.0,862000.0,84.0,95.62,3.27,206.0,601.0,366.0,158.0,241.46,7.3,12.66,Prosper,2025,10,2025-10,-13.068181818181824,20.79207920792079,14.0,-15.573770491803273,-11.23595505617978
"Prosper, TX",2025-09-01,2025-11-30,128.0,872000.0,105.0,95.46,4.69,188.0,562.0,330.0,154.0,244.16,7.8,16.23,Prosper,2025,11,2025-11,-20.98765432098766,22.222222222222232,27.0,-10.476190476190473,-13.966480446927376
"Prosper, TX",2025-10-01,2025-12-31,152.0,863858.0,130.0,94.7,4.61,169.0,533.0,283.0,149.0,239.14,5.7,14.77,Prosper,2025,12,2025-12,-22.05128205128205,21.459227467811147,48.0,-2.3121387283236983,-16.292134831460668
"Prosper, TX",2025-11-01,2026-01-31,153.0,830000.0,128.0,94.69,3.27,187.0,532.0,305.0,143.0,236.22,6.1,13.29,Prosper,2026,1,2026-01,-14.04494382022472,24.489795918367353,45.0,6.8571428571428505,-10.624999999999996
"Prosper, TX",2025-12-01,2026-02-28,147.0,825000.0,128.0,95.07,2.04,265.0,574.0,357.0,158.0,232.72,7.3,12.66,Prosper,2026,2,2026-02,-7.547169811320753,38.91050583657587,31.0,28.640776699029136,-1.8633540372670843
"Prosper, TX",2026-01-01,2026-03-31,142.0,810000.0,106.0,96.25,4.23,378.0,639.0,420.0,187.0,233.79,8.9,18.72,Prosper,2026,3,2026-03,0.0,25.748502994011968,4.0,18.867924528301884,4.469273743016755
"Prosper, TX",2026-02-01,2026-04-30,164.0,822726.0,89.0,96.39,6.71,439.0,713.0,455.0,239.0,237.25,8.2,21.34,Prosper,2026,4,2026-04,5.128205128205132,19.422572178477694,10.0,18.64864864864866,18.905472636815922
"Prosper, TX",2026-03-01,2026-05-31,204.0,859207.0,62.0,96.43,5.88,432.0,762.0,464.0,257.0,237.5,7.0,22.96,Prosper,2026,5,2026-05,4.081632653061229,15.136476426799007,-1.0,3.349282296650724,8.438818565400851
"Prosper, TX",2026-04-01,2026-06-30,222.0,884000.0,63.0,96.57,4.95,367.0,768.0,437.0,263.0,238.31,6.0,17.87,Prosper,2026,6,2026-06,-1.3333333333333308,2.102803738317749,0.0,-5.897435897435899,1.9379844961240345
"Prosper, TX",2026-05-01,2026-07-31,243.0,884557.0,66.0,96.36,3.38,291.0,728.0,422.0,221.0,236.55,5.3,14.84,Prosper,2026,7,2026-07,-6.177606177606176,0.23752969121140222,0.0,-18.941504178272982,-11.6
